# Resource object code (Python 3)
# Created by: object code
# Created by: The Resource Compiler for Qt version 6.11.1
# WARNING! All changes made in this file will be lost!

from PySide6 import QtCore

qt_resource_data = b"\
\x00\x00\x05\x1e\
<\
RCC>\x0a  <qresourc\
e prefix=\x22/icons\
\x22>\x0a    <file ali\
as=\x22Output\x22>run-\
build-file.png</\
file>\x0a    <file \
alias=\x22GPLv3\x22>gp\
lv3-88x31.png</f\
ile>\x0a    <file a\
lias=\x22Exit\x22>appl\
ication-exit.png\
</file>\x0a    <fil\
e alias=\x22CMman\x22>\
application-pdf.\
png</file>\x0a    <\
file alias=\x22New\x22\
>document-new.pn\
g</file>\x0a    <fi\
le alias=\x22Open\x22>\
document-open.pn\
g</file>\x0a    <fi\
le alias=\x22Close\x22\
>document-close.\
png</file>\x0a    <\
file alias=\x22Expo\
rt\x22>document-exp\
ort.png</file>\x0a \
   <file alias=\x22\
Save\x22>document-s\
ave.png</file>\x0a \
   <file alias=\x22\
SaveAs\x22>document\
-save-as.png</fi\
le>\x0a    <file al\
ias=\x22Run\x22>run-bu\
ild.png</file>\x0a \
   <file alias=\x22\
AppIcon\x22>hi32-ap\
p-cirkuit.png</f\
ile>\x0a    <file a\
lias=\x22Settings\x22>\
preferences-syst\
em.png</file>\x0a  \
  <file alias=\x22A\
bout\x22>help-about\
.png</file>\x0a    \
<file alias=\x22Tex\
t\x22>draw-text.png\
</file>\x0a    <fil\
e alias=\x22Bitmap\x22\
>image-png.png</\
file>\x0a  </qresou\
rce>\x0a  <qresourc\
e prefix=\x22/pixma\
ps\x22>\x0a    <file>r\
esources.qrc</fi\
le>\x0a    <file al\
ias=\x22CfgGeneral\x22\
>Configure-Gener\
al.png</file>\x0a  \
  <file alias=\x22C\
fgExportImage\x22>C\
onfigure-export-\
image.png</file>\
\x0a    <file alias\
=\x22AppLabel\x22>appl\
ication-x-pycirk\
uit.png</file>\x0a \
 </qresource>\x0a  \
<qresource prefi\
x=\x22/backgrounds\x22\
>\x0a    <file>circ\
uit-bg.jpg</file\
>\x0a  </qresource>\
\x0a  <qresource pr\
efix=\x22/translati\
ons\x22>\x0a    <file \
alias=\x22pycirkuit\
.ca.qm\x22>../L10n/\
pycirkuit.ca.qm<\
/file>\x0a  </qreso\
urce>\x0a</RCC>\x0a\
\x00\x00\x13\xe5\
\x89\
PNG\x0d\x0a\x1a\x0a\x00\x00\x00\x0dIHDR\x00\
\x00\x00\xb2\x00\x00\x001\x08\x06\x00\x00\x00~\xae\xf3\x1e\
\x00\x00\x00\x04sBIT\x08\x08\x08\x08|\x08d\x88\
\x00\x00\x00\x09pHYs\x00\x00\x0d\xd7\x00\x00\x0d\xd7\
\x01B(\x9bx\x00\x00\x00\x19tEXtSof\
tware\x00www.inksca\
pe.org\x9b\xee<\x1a\x00\x00\x13bID\
ATx\x9c\xed\x9d{t\x1c\xd5}\xc7?3\xbb\xab\
\x95V\xde\xb5\x1e+k\xf5\xb0]cLrx\x1al\
^I\x1aRZ\x9a\x9c\x1a\x9c\x9c\xe0B\xa0p8q\
\x12zh\x88\x93r\xe0\x0fz\x80\x12\x0a\xa7iH\xcb\
#4\xe4\x10J()\xa1i\x92C\x93\xb8\xe1@\x0c\
\x094)\x14b^v\xa0\x18\xf0C\xd2j\xbd\x96,\
\xcb\xb2\xad\xd5J;s\xfb\xc7o\xee\xee\xec\xec\x8cv\
W\x16\x02\xda\xfd\x9e\xb3g\xee\xcc}\xcc\x9d\xd1\xf7\xfe\
\xee\xef\xfe~\xbf;\x82*\xb8\xfe\xfa\xeb?\xbci\xd3\
\xa6/U+\xd7@\x03\xef&\xcc\xaa\x05LS\xed\xd9\
\xb3\xc7Z\x88\xce4\xd0\xc0\x5c1+\x91\xaf\xbc\xf2\xca\
H[[\xdb\xda\x8e\x8e\x8e\xfe3\xcf<\xb3{\xa1:\
\xd5@\x03\xf5bV\x22\xf7\xf6\xf6\xc6\xd7\xad[w\xd7\
E\x17]t}OO\xcf)\x0b\xd5\xa9\x06\x1a\xa8\x17\
\xe1\xa0\x0c\xa5\x94\xb1a\xc3\x86\xdb6o\xde\xbc7\x97\
\xcb\xd1\xda\xda\xba\x09\xd8\x02\xd8\x0b\xd7\xbd\x06\x1a\xa8\x0d\
\xb3I\xe4\xe6d2yi:\x9dN\x0d\x0c\x0c\xa4\xda\
\xda\xda\xd6\x01}\x0b\xd5\xb1\x06\x1a\xa8\x07\x81D~\xe0\
\x81\x07\xdas\xb9\x5c\xdc4M\x94R\x00\xf4\xf7\xf7\x9f\
\xb0`=k\xa0\x81:\x10H\xe4-[\xb6\xac*\x14\
\x0aF(\x14\xc2\xb6mfff\xe8\xed\xed=y!\
;\xd7@\x03\xb5\x22\x90\xc8\xe3\xe3\xe3+\x0b\x85\x02\x9a\
\xc8\x96e\x91H$>\xb8\x90\x9dk\xa0\x81ZQ\xb6\
\xd8{\xe5\x95W\xae\x0a\x85B=\x00\x8f>\xfa\xd8\xd9\
\xdb^\xdf6\x9eL-\xcb\xdb\xe1\x16\xbb%\xde\x1eI\
u\xf7\x9e\xbe}\xfb\x9d\xb7\xcc\xd6\xa0m\xcf}-\xe8\
WW)5\xb5c\xc7\x8e\xe7/\xbe\xf8\xe2-sn\
\xb8\x81\xff\xf30\xdc'{\xf6\xec\xc9\xc4b\xb1\x14\xc0\
\xd0h\x8c\x8bny\x92\x8e\xa5IL\xd3f\x22=\xcc\
\x0ac\x8c\x87\xee\xbc\x08\xc300\x8cRU\xf7\xb9N\
+\xa7q\xbf\xbc\xa0zJ)G\xfa\xdb\x80*\x12{\
dd\xc4~\xf9\xe5\x97G_{\xed\xb5\xd3n\xb8\xe1\
\x86\xf4;\xf66\x1ax\xdf\xa2\xc2\xfc\x96\xcb\xe5\x98\x9a\
\x9a\xe2\xe0\xc1\x99\x8a\xc2\xf9|\x9eL&SF>\x81\
\x81i\x1a\x15\xc4\x040MS\xd2\x86\x81\xe9\xad\xe7\x5c\
\xd3\xf5,\xdb\xc6*\x14PJ\xa1\x94\xc2\xb2,l\xdb\
\xc60\x0cs\xed\xda\xb5K\x96-[6\xd8\xdc\xdc\xfc\
\xe9k\xaf\xbd\xf6\xdf\xe7\xfbE4\xf0\xfeF\x19\x91\x95\
R\x18\x86\xc1\x91#Ghm\xadt\xe4555\x91\
L&\xd1\xc4\x05-I\x91s\x0f1u\xbe\xdfO\xe7\
A\x89\xecZ\x17\xb7m\xbb\x22\x1d\x8dF\x89\xc7\xe3F\
<\x1e\x7f\xb4\xa9\xa9\xe9\x96M\x9b6\xfd\xf5;\xf9b\
\x1ax\x7f\xc1w\xb1\xa7\xaaT2\x0c\xffs}YT\
\x04\xc5\xf8\xf88\xe3\xe3\xe3U\xda2*\xae)\xe5_\
&\x12\x89\xd0\xd7\xd7\xc7\xfa\xf5\xebo\xba\xef\xbe\xfb\xee\
\xab\xd2\xcd\x06\xfe\x1f\xc1\x97\xc8\x95\xd4*all\x8c\
\xf1\xf1\xf1\xa2m\x19`f\xa6\x5c\x0d9|\xf80{\
\xf6\xec&\x1c\x0e\x93H$\x98\x99\x99)+\xaf\xbcL\
\xd5\xf7-J\xe8r\xbdY\xa3P(`\x18\x06]]\
]\xac;\xff\xfc/\xdc\x7f\xff\xfd\xff8\xfb\xe350\
\x07\xb4\x00\x17\x00\xd1w\xbb#\xf5\xa0\x8c\xb3\xbbw\xef\
\xce\x98\xa6\x99\xda\xbf\x7f?/\xbd\xfa\x16\xbb\xc6L\x9e\
\x7f\xf1\x05\xa6\xf3y\xda\x17\xc5I\xc6L.\xdd\xf01\
\x0a\x85\x02\x9d\x9d\x9d\x98\xa6\x89i\x9a\x8c\x8c\x8c\xb0d\
\xc9\x12i\xd00\xb0,\x8b\xa5K\x97b\x9a&\xd3\xd3\
\xd3d2\x19ZZZ\x8a\xf9~j\x87\x86eY(\
\xa5\xc8\xe7\xf3\xf4\xf7\xf5Q\xb0l\x94\xb2\x09\x85BX\
\x96E4\x1a\xc54e\xfcMLL\xf0\xd8c\x8f]\
\xb7q\xe3\xc6o,\xc8\xdbzg\x11\x02\xba\x81\x04\xb0\
\x1f\x18y\x17\xfa\xf0,\xb0\x16Q9\xdb\x80\x83\xefB\
\x1f\xe6\x04\xdfX\x0b\xa5\x14;^\xdfJ2\x99\xe4\xb9\
\x9f\xde\xcb\xe1\xc3\x879\xe7\x9cs\xe8;\xe1\x04\x8e9\
f%\x86i\x10\x0e\x850\x0c\x83\x90s\xec\xe9\xe9\x01\
\xdcD\x15rF\xa3QV\xacXQ\xa6G\x1b.]\
\xda]G\x06\x81\x8dm[\x0c\x0d\x0da\x98&\xa6R\
\xd8\xb6\x81\xedX4fff\x88FEX$\x12\x09\
\xce;\xef\xbc\xdb\xef\xb9\xe7\x9e\xe7\xaf\xbe\xfa\xeag\xaa\
<\xeb\xbf\x00\x1fD\x08\x93p~\xad\xce\xf9\x01\xe0m\
\xe0i\xe0;\xc0\xae\xa3x\xa7\xf5 \x04|\x06\xb8\x04\
\xf8#\xca\xa5\xe0\x0c\xf0;\xa7O?\x05~\x89\xbf\xd6\
w9p\x1d\xf0\x03\xe0\xb6\xa3\xecO\x1c\xe1D\x01\x98\
8\xca\xb6\xe6\x825\xc0\xbd\xc0[\xc0F`\xaa\xd6\x8a\
\x15\xaa\x85\x9e\xca\xdd\xaei\x0d\xc3p\x16y\x0e\xa9\xa6\
\xa6\xa6\x18\x1c\x1cdzz\x9a\x81\x81\x812\x15\xc30\
(Z\x1f\xa4\x1d%\xba\xafR\x18\xc8\xb5\xa9\xa9)v\
\xed\xda\xc5\xf0\xf00\x83\x83\x83\x8c\x8f\x8f\x17\xad\x1f\xfa\
~\xc5~\xd96\xe1p\x98\x99\x99\x19r\xb9\x9c\xa8\x19\
\x18D\xa3Q\xce:\xfb\xec'n\xbe\xf9\xe6j\xb1\xd5\
\x11\xe7E\xadFH\xf2u\xe0\xf3\xc0\x17\x80{\x80\x18\
p=\xb0\x03\xf8\xabZ_\xe0Q\xe0l\xe0%d\x80\
}\x00!\xe1z`\x03\xf0\x15\xe0\x17\xc0I\xc0\x97\x81\
'\x9d~\xc5|\xda\xb9\xdb)w+\x22\xd1\x8f\x06\xfb\
\x9c\xe3\x01\xaa/\x95\xde\x09\xdc\x04\x9c\x8e\x0c\xec\xf5\xf5\
T\xf4_\xec\xa9J\xfdT)U$\xb7m\xdb(\xa5\
\xd8\xbbw/\xb6m\xd3\xdf\xdf\x0f@&\x93)\xd6\xf1\
\x1b\x04\xa0\x89-\xd7\xf6\xed\xdb\x87i\x9atuuQ\
(\x14\xd8\xbf\x7f?b\x111\x8b\x96\x8cP(TL\
ONN\xf2\xf4\xd3O\x93N\xa7\x19\xced\x18\x18\x1c\
`\xcf\x9e=,jm\x8d\x9eq\xc6\x19_\xaf\xf2\xac\
\xfb\x5c\xe9+\x81\xdb\x81\xef\x03\x0f!$X\x03\xdc\x8f\
H\xa4\xdb\x80M5\xbc\xbf\xb9\xe2rD\xc2\x9e\x00\xdc\
\x08\x1c\x0f\xfc\x0d\xf03\xe0\xc7\xc0]\xc0:\xe08\xe0\
\xb7N\x9d\x080\xe9\xd3\xd6\xd3\xceq\x1b\xa2\x92\x1c\x0d\
\x8e8G\xbf\xfb,\x04~\xe5\x1c\x0f\x01/\xfa\xe4G\
\x80\x0b\x81\x1f:\xc7\x22|%\xb2aP\xd4C5\xb4\
tT\x8a\xa2IL\x93p\xeb\xd6\xad\xf4\xf5\xf5\x11\x89\
D<R\xb8\xbc]\xa5\x14\xd9l\x96]\xbbv\x15I\
\xbfl\xd92^|\xf1ER\xa9\x14\xb1X\x8c\xa1\xa1\
A2\x99\x0c\x87\x0e\x1d*\x12X\xffZZZ8\xf7\
\xdcs\xe9\xed\xed\xa5\xa3\xbd\x9dDb1\x91H\x84x\
<\xce\xca\x95+\xcf\xaa\xf2\x92\xdcS\xe5a\x9f|\x1b\
\xf8K\xe7%\x02|\x15Q=\xe6\x1b\x17\x00\x0f\x22j\
\xc4\x97\x90ATi\xb4\x17\xec\x04>\x02\xfc\x1a!\xaa\
\x1f6\x00g\x02g!*\xc1\xd1@\xf7#\x7f\x94\xed\
\xcc\x15w\x00'\x03\xc7\x22\xea\x85\x17\xcb\x81\x1f!\xcf\
\x5c\xa6\x16W\x10YKb\xc3\xa8T-D\x22\xdb.\
\x0f\x9cEzx\x98\x93N:\x89t:\xcd\xcc\xccL\
\xd1\xae\xac\xe1%u8\x1c\xa6\xb7\xb7\x97\xeen\x99\x05\
\x07\x06\x06X\xb3f\x0d\xd9l\x96\x89\x89\x09\xfa\xfa\xfa\
\xe8\xeb\xebc\xf1\xe2\xc5\x8e*#\xd2\xd9t$\xb3&\
\xb7i\x9a\x84\xc3!\xc2\xe10\xa1p\x98P(\xd4V\
\xe5%\x05\x91\xc5\x8d\xc3\xc0sN\xba\x0d\xf8P\x0du\
\xea\xc12\xe0a\xe4\xbd?\x0a|\xab\x86:y\xe0\x0a\
\xfc%\x14\x08y\x9fg~\xa4\xa8\x1e\x08\xd3\xf3\xd0\xd6\
\x5c\xb1\x8d\xf2\xd9\xd3\x8d\x16W:\xe7\xce\x98EG6\
\x02\xd4\x03\xb0m!rkk+\xb6e1::J\
\xa1P\xa0\xa3\xa3C\xb7R&\x99\xdd\xedh\xb5\x04 \
\x95Ja\xdbvQ:www\xcb q\xd4\x18M\
\xd8P(\x84\xe9ZX\x16\xc9\xed\xfcBf\xd5\xad\x87\
P\x1b\x91\xa1\xfc%v\xd5X\xa7V\xdc\x82,\xa8\x14\
P\x8fCgg\x9d\xe5\xe7\x0aM\xe4\xf7\xea\xe6\x89f\
W\xbal!Xa\xb5\xd0:\xacW\xb5(\xd7}\x15\
\xca\x86x<\xce\xe2\xc5\x8b\xd9?6\xe6X&TQ\
\xe5\xf0.\xd8\xa4^\xb9\xa9-\x1c\x0e\xb3|\xf9r\xe7\
\xcc@<\xd9\x06()\xaf#\xeft;:\xed\xd6\xd3\
M3\xe4\xebT\xf1A\xad\xd3\xee\x22Wz\xd09\xa6\
\x80\x0e\xe4\x0f\x9cgv\xabF\x0cX\x09X@\x06Y\
8\x01\xf4\x22\xba1\x885\x22HU\xa8\x17g \x16\
\x18\x9bJ\xcb\x86\x01\x9cF\xc9\x12\xb1\xd5\xb9~<2\
\xdb\xecGf\x86z\xb0\x02X\x8cX\x5c^\xa74\x13\
\xf4#\x83\xd4t\xda\xdd\xebS\xf7\x03N\xff\x9a\x91w\
x\xc8\x93\x7f\x1c2k\xe1\xf4\xf5\x80+\xef\x14\xe7\xde\
\x1a\xed\xc01N?b\xbe\xaa\x85&\x94[\x92jI\
\xa8c ,\xdb*IW\xa5P\x12\x13QF\xdcJ\
]Y\x95Id\xadkK\xfb\x14\xeb\xb9%zQ\x22\
;G\xfd\xd3\xe7Z\xbd\x98'\x18\x88U\x03\xc4\x8e\xfb\
\xdfNz)B\xbe\xd7\x81\xc7\x99\xddgt9\xf0*\
\xf2\x87hr]_Oi\x06\xfc\xe5<\xf5\x17`3\
b\xe1\xd8\x82,\x86\xdcP\x88~\xfd\x1c\xf0\xb7\xce\xb5\
k\x9d\xfe}\x07\x99!\xea\xc15\xc8\xec\xf0\x12\xf0g\
\x94O\xef\x9f\x07^\x03\xb6\x03\x9f\x0e\xa8\x7f\x07\xf0\x06\
\xf0\x0aBj/nC\x9e\xe5\x17\x88=[\xe3|\xe0\
e\xc4\xc4\xa8\xf1\xaf\x88\xc9t\x07\xf0#_\x89\x0c\x95\
\xe67\x1d\x87\xe1\x96\xcc\x93\x93\x93\x8c\x8d\xed'\x16k\
e`p\x90\x9e\x9e\x1e\x22\x11y\x97EBK\xe1\xe2\
57\xd1\xf3\xf9<\xe9t\x9aX,F\xa1P`\xf1\
\xe2\x04\xed\xed\x1de\xf7\xd4\xf5\xb4t\xd6\x92Y\xf7E\
\x93z\x9e\xf0)dA\x01bE\xd0\xba\xe2\x0b\xc03\
\xc0G\x81U\xc8\xc2\xea\xd9\x806.q\x8e\xff\x0cd\
]\xd7\x7f\xdf\x95\x1e\x98\x8f\xce:\x18ET\xa0q\xfc\
u\xdb\x11d \x02|\x121;\xbe\x05$\x81'\xea\
\xb8\xcf\xc7\x9d\xba\x0a1S\xfe\x9d'\xdf-\x81\xb3\xf8\
\xc3\xed\xe4\xf1\x93\xd8\xa3\xae\xb4[\xc5{\x038\x0f\xf1\
\x03|\xd3\xb9\xb6\x11\x198q`_ \x03\xfc\xec\xc8\
\xa6i\x16\xa5\xa8R\x8a\xbd\xd9,\x86a\xd2\xd3\xd3\x83\
R\x8a\xe1\xe1a'\x84S\x95\xa4\xad\x8b\xf8n\x09\xad\
\xeb777\x17u\xeb\xf1\xf1\x83ej\x83\xf7\xe7\x95\
\xca\x9a\xc4s\x90\xc8^\x89\x1a\x01.\x03\x1ep\xce\x1f\
@l\xcbn\xfc\xbd+}Y@\xbb\xfd\x08amO\
y\x10\xd5Bc\x94\xf9\xc3\x98s\x0c\xf2\x04j\x93\x5c\
;\xf05d0\x1e\xe7\xf4\xe7k5\xde\xe38D\x02\
*\xe0sT\x92\x18\xca\x9f)\xe8\xf9\xf6W)\xe3\xce\
w?\xcf\x9b\xc8\x8c\xb3\xddu\xed\x0dd\xc6\xdc\x02\xbc\
\x1aHd\xafj\xe1\x86&Z8\x14\x22\x99L\xb2u\
\xebV\xfa\xfb\xfb\x8b\xe67\x83\x92\xc9\xcc\xab^\xe4\xf3\
y\x06\x07\xc5\xc4\xa6l\x9bT*\xc5\xf6\xed\xdb\xe9\xea\
\xea\x22\x1a\x8d\x92N\xa7\xc9d2LL\x88\xb5,\x88\
\xd0^R\xd7\x89_#S\xd5\x7f\x02\xff\x83\x98\xe6\xbe\
\x87\xb8d7\x22\x7f,\xef\xc3ov^\x1e\xc0\xc5\x94\
\xab\x0d\xb8\xaek\x8b\xc4\x9b\x9e\xbcvWz>\xe3\x18\
\xf2\x9e\xa3\x17ZJ\xaf\x05\xeeC\x9e\x1dd\xb1T\x8b\
\x1b|\x15B\x96V\xc4\x0b\xf9\xdd*\xf7\xf1\xa6\xfd\xfa\
\x0a\xfe\x8bow~\xcd^=\x08tQW.\xf6\xa0\
Dn\x1d\x0f\xa1\x9d\x22\xabW\xaffhh\xc8U\xbf\
\xa4\x86x\x07\x84\x0e\x05\x8dF\xa3\x0c\x0d\x0d188\
\xc8\xea\xd5\xab\xc9f\xb3\x1c\x99\x9cd\xd5\xaaU\x98>\
\x03\xa0\xbc\x7f\xaa<\xa6\xb9~\xd5\xe2\x16dQ\xd6\x8a\
,V\xf6!z\xe4Vd\x91\xe6\x07\x1b\xd1\xf1\xbe\x0d\
t\x02\x7f\x02x\xe3\xa2\xb5Zq\xbbO}w\xdc\xc2\
\x92z;<\x0b4i\x82\xac2\xfa\xfa\x01\xa0\xde \
\xab\xe3\x11\x12w\x02\x7f\x0a\xfcd\x96\xb2\x85\x80\xb4_\
_\x14\xfe\xef\xd9\xfd\x0cu\x99\x00}\x89\xec\xb7\xd8\x93\
\xebFQ\x1a\xdb\xb6MKK\x0b\xb9\x5c\x8e\x91\x91\x11\
\x94R$\x93\xc9@\x12{\xa5\xb36\xb7e\xb3Y\xf6\
\xee\xdd\x8beY\xf4\xf5\xf6\xa2l\x1b[{\x10\x95\x02\
\x05\xb3\xf2t\x16\xc2\xcf\x82\xc7\x09\xb6\xcb\xce\x86\x87\x10\
\xdd\xb9\x0b\x91\xdcn\x22\x9f\x88x\x07\x9f\xa1\xb4Ht\
c\xc8\x95^\xeb\x93?W\xe8?~\x10y\xf4\xf5\xed\
\xd4N\x8e\xc5\x88\x9b\xfe\x1a\x84\xc4\x172;\x89\xa1\x9c\
\x98A\xc2\xa0P%\xdf\xdd?\xbf\xe7q\xab\x84em\
\xd4\xa5#k\x22\xeb_kk+\xa9T\x0a\xa5\x14K\
\x97.%\x16\x93P\x80 \xcf\x9e7/\x1c\x0e\xd3\xdf\
\xdfO*\x95\xa2\xbf\xbf\x9f\x96\x96\x96\x92\x15\xa4x\xf4\
\xd7\x97\xdd\xbf\xa3\xd9'X'rHP\x0b\x88D^\
\xee\xca\xfb\xa2s\xf4\x93\xc6\x00\xbfq\xa5?J\xb9q\
\xffh\xa0\x1f>h4\xeb\xfcz\xa6\xea8\xb2\xb8\xd2\
\xea\xd0%\xd4\xf0\x9d\xc0y@5\x89\xe4\x16\xbce3\
P@\xac\x85\xc2\xf0\xb1#{Mk\x96e\x95\xa9\x19\
B\xaaJ\xc2\xba\xcfm\xe7\xe7]\xfc\xf9-\xf0\xca\xec\
\xc6\xb3\x90X\xdf\xb3\x0a\xcc\x80t\xbd\xb8\x17\x91\x1c!\
$\xe0\x08D\x82]\x86\x98\xe8\xfe#\xa0\xde\xcf)I\
\x916d\xaa\x9e\x0f\x18\x9ec\xbd\xf9n\xe8\xc5\xc60\
\xf0\x07\x88D\x06q\x09\xdf=\xa7\xde\x05\xdfg.\x7f\
\x03\xb7y\xb1lv\xf1\x0f\xacw\xed\xaf\xf3^\xd7\x9b\
Cm\xdb&\x97\xcb144D\xa1P`hh\x88\
|>\x8f\xb6\x01\xbb\xd5\x10(91\x0c9)\x9a\xdf\
v\xee\xdcI:\x9df``\x80\x83\x07E\x8d\xb4\x95\
\xaa\xa8\xa7lUf1q\xb7]c\xa0V$ ]\
/\xf6\x02\xff\xe6\xa4?\x87,\xfa\xae@\x1c)\xdf\x98\
\xa53\xbb\x91pL\x8d\xaf\xe2\x1f\xcd\x16\x84E\x88U\
\xc4\x0b-\xa5\x82V\xbc\xd5\xf2\xfd\xca\xea\xe3]\x94\x08\
\xfcEj\x8f\x0a\x0c\xba\x97vv\x18\xf8\xc7\xb1\x84\x03\
\xd2~\xd7\xaa\x13\x19\xfcu\xe42\x87\x88e\xb1o\xdf\
>l\xc7\xf2`\xdb6\xd9l\xb6LZ\xba\xf5bm\
\xc5pK\xdel6K8\x12\xa1\xa3\xa3\x03\xa5\x14c\
ccE\x93]\xb9\xe4\xa5\xa8b@IB\xbb%v\
\x0dz\xf2|\x11\x19J\x7f\xdc\x14b\xfc\xff\x0bD\x8a\
}\xbfJ\xbd\xeb(\x05,\xfd\x1e\x12kQ\x8b\xa4\xec\
@B9\xfdB\x1b\xf5\xb3\x04\x91\xa7Z\xbe_Y7\
a\xaeA\xa2\xf2@\x02\x9c>\x1bP\xd7\xed\xa5\xf3\x0b\
'\xbd\x00YWh\xc4g\xb9\xbf\xb7\x0f~\xf9e\xa8\
KG\x06\x89\xb3P\xca\xc6V\x8aH$B2\x99\xe4\
\xa5\x97^\xa2\xb7\xb7\xb7h\x06\x9bM\x97\x9d\x9e\x9e&\
=<L&\x93\xc1\xb6mz{z\xd8\xb6m\x1b]\
]]4551<<\xcc\xf0\xf00SSS\xae\
\xbav\x85z\x81*W?j@, =\x17\xbc@\
\xc9!r'\xe2\xa5\xfa\x16\xd5\x17So#\x7fL\xad\
\xdf]\x01\xfcS\x95\xfe\xfc1\x12\x14\xd4\x09<\xe6\x93\
\xafMy~\xe6\xc0Z\xf2\xddh\xf1\x1cA\xd4\xa1+\
\x90\xc5\xaa\x81x\x04/\xf5\xa9\xfb6\xa5\xd9\xe8\xc3\x9e\
\xbc\x0b\x81G(\x9f\x91\xfc\x82\xbc\xdcfI\xbf\xfe\xba\
\x17xe\x83%\xd0\x93\xe0\x17\xbf \x12U\x5c\xd3&\
\xb2W/\x9b\xcdr\xf2\xc9'\x93N\xa7\x8b:\xb2H\
\xe2R\xcc\x85{@h\xf2k\xf3\xdb\xc0\xc0\x00\xa7\x9e\
z*\x99L\x86|>\xcf\x8a\x15+\x8a\xe64\xb7\x04\
6MS\x02\xfa\xdd\xa67'\xcf\xb2j\xfa\x0eyW\
@z\xae\xb8\x1b\x09\x8e\xefF\x16R\xb5n\x86\xfd!\
\x12\xf7\xfb]\xc4\x0c\xf7Y\xe0\x0f\x11\x82<\x8f\x98\xe9\
\x92\x88\xe9\xebSHL\xc4\x7f!zj\xc6\xa7\xbdN\
\xe7\x18\xf4L\xd5\xf2\xfd\xca&=\xd7\x0f \xae\xf7'\
\x11\xc9\xfe\x10B\xdaG\x5ce\xb2\x88\xa7\xf0\xe3\xc8f\
\x80<\xa2\x86\xads~W#R\xfb\x93N\xf9\x15\x88\
g\xce\x0d\xf7}\xbb\xa8\x8c\x82\xfb\x9ds_\x03Qs\
\xeep\xce+c-4\x82\xac\x16n\xcbEk\xab\xa8\
9\xda\xfc\xd6\xd5\xd5\x85\xe8\xc8\xee\xe0\x9e\xca\x85\x9d\x96\
\xa4\xdd\xdd\xdd\x98\xa6I6\x9b\xc5\xb6m\x96,YR\
!\xc1\x95R((\xb6\xe3\xef\xf5\x0bz\x8a2t\x07\
\xa4\xe7\x8a\x1f\x03\xfac1\x0fS\xdf\x1e\xbb\x9f#\xde\
\xb2[\x11w\xf12\xc4\xac\xf78b\xcf\xde\x8c\xc4F\
\x18\x88\xc5\xe0#\xf8\x93\x18J6\xe9N\xfc\x05\x93\xce\
\xaf\xe5\x995\x91\xa2H \x92\x1b\xbfB\x5c\xd4 d\
\xfe\x1e\xe2 qc#2[\xb5 \xd1z\xf7\x22\xb1\
+\x1b\x90\x19\xcbmK_9K_\x83\xfa\xfb&%\
\xb5\xee\x13\xc8\xfbz\x18860\xd6\x22X\x22\xdbE\
)\x18\x8b\xc5X\xb4H\x82\xc5\xf4.\x11\x1d\xfdV\x1c\
\x04\x06\x18\x18e\xd7\xbd\xe67\x1d;\xa1aYv\xa5\
-\xdb\x15\xe7lYVI\xff\xb6K\x03\xa7\x0a6\x22\
\xa6\xa8\x08\xfe\x81\xf5\xf5b\x06\xf1\x0c~\x86\xb9\xad\xe8\
\x0f\x22\xbbCnD\xfe\xa8\xcb\x10\xb7\xf14\x22\x89\xb6\
Qr?\xcf\x86\xb3\x90\xe7\x89\xe3\x1f~y\x02\x22\x09\
\xfdtR/\xceAf\x8b8\xfe\xf1\xcd7!\xbbh\
r\xc8 \xf3\xea\xac\xc3N\x7f\xd6 \x1e\xc1!d\x96\
\xd1\xa6\xbf-\x88\xc9\xd2\x0eh\xff\xcb\xc8\xce\x9c(\xc1\
n\xee\xaf \xdb\xc3V!\x11t\xaf\x02\x93\x15D\xd6\
\x84\xf2s\xfb\x16\x0a\x05\xc6\xc6\xc6\x18\x1c\x1cd\xc9\x92\
%EW1\xc0\xc4\xc1\x09\x0c\xb3rC\xa9\xbbM\xbd\
])\x91\x90\xc1\xaec\x91\xf5fRo\xf9C\x87\x0e\
\x15\xcb\xea\xf2SSS\xb4\xb6\xb6\xa2\x94\xe2P\xde\x22\
j\xd4\xfc\xefM\xe6\xfbS[)d\x9a|\x12y\x99\
G\x83\xb7\x9d\xdf\x5c\xb0\xd39\x06\x05\xa3\xbf]%\xdf\
\x0d\x1d\x9e\x1aTv\x86\xea\xfd\xb4\x11\xa9\xfc\x82O\xde\
$\xb3\x07L\x0dWi[\xe3\xb7\x94\xb6\x80\x01Ut\
d\xaf5\xc0\xfb5 ]&\x91H\x80!f3\xc3\
\xa3\xc3z\xd1\xd6\xd6F8\x1c.\xb6\xdb\xd4\xd4Dg\
g\xa7\xd3>\xb8c\x96m\xdbv\x05\xeb\x8b$>r\
\xe4\x08\x99)\x83\xec\xc4\x14\xed-M\xf4\xb5X\x0b\xe9\
\x10q\xe3Zd\x0a\xfdf\xb5\x82\x0d\xbc\xf3\x08$\xb2\
_`}S4J\x22\x91\xa0\xaf\xaf\x0f\xd34\x89D\
\x22\x84B!:;;\xcb\xa4j\xd9g\xb4\xf0\x97\xce\
\x9a\xc8\xd3\xd3\xd3\x8c\x8c\x8c\x14\xf3\xe4\xb2\x0c\x06\xef\x87\
_l\xdb\xa6`+\x9e\xd91\xc2\x15g\xaf\xa0)d\
2::Z\x8b\xe9m\xbe\x91\x04\xfe\x1c\x91\xf2\x9b\x17\
\xfa\xe6\x0dT\xa2\xe2\xdbo\x1a:dS\xc30\x0c\x0c\
D\xbd\x98\x9e\x9e.\xaa\x1e\xfa\x83,\xde\xd8\x0a\x00[\
U7\x92\xea\x81\xa0\xdbr\xee\x86aPAR\xa5\x14\
&\x8aKO_N\xc4,\x1f\x10\x0b\x8c\x1b\x10\x07\xc5\
]\x04\xc7\x0d4\xb0\x80\xf0\x95\xc8\x8b\xe2q\x8e\x1c9\
RA\xa2\x5c.\xc7\xee\xdd\xbb\xc9\xe7\xf3\x84\xc3\xe1\xe2\
\x0e\xe6Xk+\x93\x93\x93E\xbb\x88F\x90\x9e\xec=\
\xba%\xb2\xbb.\xc8'\x03\xbc\xaa\xca\xf4\xf4\x18\x87\x9d\
{E\x9b\x9b\x17\x9a\xcc+\x81\xab\x10\xb3\xcf\x83\x0by\
\xe3\x06\x82QFd\xdb\xb6\xadD\x22\x81R\x8a\xeeT\
\x0f\xbb\x86F\x09\xc7\xda\x89\x10\xc56[8x\xf00\
\xe1p\x98\xe6\xe6f\x9a\x9b\x9b\xe9\xe9\xe9\xa1\xa7\xa7\xa7\
ra(\x9f\xb0\x00Jf\xbc\xd9\xf4f\xaf]X\x7f\
\xed\xd3;0J\xf9\x95V\x15\xabFc\xf2<\xe0\x1f\
\x10c\xfd\xd3\xf8oYo\xe0]@\x18\xe1J\x08\x88\
?\xf1\xc4\x137MMM\xf5LOOG\xb2cM\
\x1f\xfa\xc9\xceS\xce;\xf6\xf2G0\x0d\x8b\xd1\x81\x01\
~\xf6\xd8\x0fF\xdex\xe3\xb5\xa7b\xb1X~\xf9\xf2\
\xe5\xa3\x9d\x9d\x9dGB\xa1\xd0\x9c\xc4\xe1|-\xd0B\
\xa1\x90\x1d\x8dF\xf3\x86a\xecA\xccF9d\xba\x7f\
'\xc4t\x14\xb1\x87~\x9b\xd2\xc6\xd4\x06\xde\x03\x08\x14\
\x93\x9fX\x7f\xd5\x15V\xd7\xa9\x0f\x0e\xec\x1b\xa20\x93\
gqS\x13\x07^\xff\xcd\xb3\xbb\xde|\xeaF$\x96\
\xf7 \xef\xddm\xe3\x0d4P\xc4iw\xdey\xe7\xe0\
\xb1\xc7\x1e\xbb\xbd\xbd\xbd\xfd\xe55k\xd6\xbcv\xe2\x89\
'\xde\x8a\xc4\x05\xd4\xb4\xff\xbe\x81\x06\x16\x0a\xb3\x112\
\x9cL&7\x1c8p\xc0\xb0,K\xf6\xe8\xc3S\xbc\
;\x9f;m\xa0\x81\x06\x1ah\xa0\x81\x06\xde\x17\xf8_\
\x81\xbfp\xcaS\xd4d\xb8\x00\x00\x00\x00IEND\
\xaeB`\x82\
\x00\x00\x08\x86\
\x89\
PNG\x0d\x0a\x1a\x0a\x00\x00\x00\x0dIHDR\x00\
\x00\x000\x00\x00\x000\x08\x06\x00\x00\x00W\x02\xf9\x87\
\x00\x00\x00\x04sBIT\x08\x08\x08\x08|\x08d\x88\
\x00\x00\x00\x09pHYs\x00\x00\x05\x89\x00\x00\x05\x89\
\x01mh\x9d\xfa\x00\x00\x00\x19tEXtSof\
tware\x00www.inksca\
pe.org\x9b\xee<\x1a\x00\x00\x08\x03ID\
ATh\x81\xed\x98kl\x94Y\x19\xc7\x7f\xef\xdb\xce\
\x0cm\xa7%\x9b\x02\xb2,\xb4\x14\x03\xad\x10\x92\x85B\
\x88mh\x0aZ\xd6]]\x96\xd85BL\x14W\xb3\
\x04\x14%~X\xbc$\xc4hL (\x1f\x88\x09\x89\
\x98\xb0\xae\xa2\xc6\x06\x5c \xcbB`\xddr\x11\xb6\x5c\
[\xee\x11)\xd8\xcc\xba\x1dz\x9b\xb6\xd3\xb9\xbc\x97\xf3\
\xf8a.L\xdfyg\xda\xa5\xc4O\xfd''s\xce\
3\xe7}\xe7\xff?\xe7y\x9e\xf3\xcc\x81ILb\x12\
\x93\x98\xc4\x04\xa0e\xf4?\xb7q\xe3\xc6_N\x9b6\
m\xea\xff\xe3\x87\x0d\xc30\xf6\xee\xdd\xfb+\xe0B\x9e\
i\x85s\xe6\xcc9\x5cXX87\x1c\x0eo\xef\xe9\
\xe9y\xdf9!S@m[[\xdb\xb9\xea\x9a\x9a\xa2\
\xf4\x17\x9a\x96\xfe\xccz0i\xd3F\x1b\x11\x91'\xb6\
\xe4\xd8\xb6m,\xcb\xc2\xe3\xf1\xa0\xebzB@<.\
\xe5\xe5\xe5\xaf\x00'\xf2\x08\xf8\xec\xbau\xeb\x8e\xef\xde\
\xbd{fSS\xd3\x87\x8f\x1e=Z\x97\xa5\xd0i\x88\
D\x22h\x9a\xe6\xdaF\x11w~f\x08M\xf5E\x04\
\xd34\xb9w\xf7.\xa5ee BEE\x05\x05\x85\
\x85\xe9\xe7\xc6\xc0\xc3+W\xae\xdc]\xb5j\xd5s\xe1\
px\x8f\xdb\x04\xddi\xd04=\xd9\x1c\x02\x92d3\
\x9b\xee\x222\xd3\xa6\x94\xe2\xee\x9d;\xf8\xfd~\x16-\
\x5cH\x89\xdfO \x10@\xd9\xf6x\x05\xa8@ \xb0\
5\x10\x08\xfc-\x14\x0a\x9d\x1d\xa7\x00\x0d]\xd7\xd0u\
\x17\x119\x9a\xaeih\x99\xf3\x93n\x12\x8dDP\x22\
\xcc\x9b7\x8f\x91H\x84\xaa\xb9s\x11\xa0\xbb\xbb\x1b\xcb\
\xb2\xc6#`L\x8c\x12\x90\x22?.\xc2c\xd8\x0bt\
\x9d\xe2\xe2bB\x03\x03\xc4\xe3qD\x84\xe1p\x98E\
\x0b\x17\x12\x0a\x85\x08\x06\x83\x00\x05\xcfT@JD.\
\x97\xf9\xb4\xcd\xeb\xf5R__\xcf\xc9\x93'\x01\x10\x11\
\x86\x86\x87Y\xbe|9\x8f{z\x00\x9e\xc3%\x0e'\
. \xd1yj1\xa9\x9d\xd0\x93\xbb\xb0j\xf5j\xfe\
\xf1\xc1\x07\x00(\xa5\x18\x1c\x1a\xa2a\xe5J\xed\xe0\xc1\
\x83\xbb\x80\x99L`'\xb2\x058\xc9\x8f#\x98S\xa4\
\x01\x94\x08J\xa9t\xd34\x8d\xb2\xd2R*++\xe9\
\xe8\xe8\x18%b\xfd\xfa\xf5\xb3\x0e\x1e<x\x1c\xf8\xcc\
\xd3\x8a\xc8\xde\xbe\x1c\x84q\x1b\xf3$\x8d\xda\xb6M<\
\x1e'\x1c\x0e\x13\x0e\x87\xb1,\x8b\x98a`\xc6\xe3\x18\
\x86\xc1\xc0\xc0\x00g\xce\x9c\xa1\xb2\xb2\x92\xd2\xd2Rl\
\xdbf(!b\xf1\xe0\xe0`\xcb\x96-[\xbe\x0a\xf4\
\x00\xca\x85\xe7\x0c\xc0\x0b\x18y\x05\xe4[\xed\x5c\x02\x0a\
\x0a\x0a\xd0u\x9d\x82\x82\x02<\x1e\x0f\xc5%%L\x9f\
>\x1d\x11A\x89 \x22\x88R(\x11V\xad^\x8dR\
\x0a\x11\x01\xc0\xb2m\x22\x91\x08\x9b6m\xaa3\x0c\xe3\
\x8f\xdb\xb6m\xdb\x00\xf4\x03\x92A\xab\x1b8\x0d\x1c\x05\
\xfe\x0a\xfc9SH\xa6\x0b\xa9Q\x22\xf2\x90w;\xe0\
\x9e\x16\xa9Sz\xeb\xd6\xadM\xcd\xcd\xcdK\xc8vk\
-\x83\xb0\x17\xc7\xe1\xeft!MK\xce\x18\x8b|J\
\xecD\xa1\xeb:\x85\x1e\x0f\xa7O\x9d\xfa\xf7\xa1C\x87\
\xdax\xe2B^\xe0\x1b\xc0\xd7\x81\xc3\xc0k@\xdc\xf9\
\xbck\x0cd\xb6\x5c+\x9f)@)\x95\xf6\xff\x9e\xde\
^\x86\x87\x860\x0c\x03\xd34\xb1,\x8bh4J4\
\x1a\xe5\xde\xbd{|\xfb\x8d7(++K\x93/)\
)\xe1\xec\xd9\xb3\x9f\xbc\xf4\xd2K\x9f\x07Fx\xe2>\
M\xc0\x0f\x80\xdf\x03o\xe3\xe2\xff\xae\x02\xb2b`\x0c\
\xf2\xa9\xbe\xcf\xe7\xc3\xe7\xf3Q^^\x8em\xdbi\xbb\
$\xb3Rww7^\xaf\x97\xa9S\xa7&\x0a\xbed\
vjkk\xeb_\xd5\xd8\xb8\x84\x84\xefg\x06\xf0{\
\xc0)`=\xf0>p\x04\xf8\x1d\x10\xcb\xe4\x9bu\x12\
\xa7I\xbb\x10w\x92\xcf\x14\xa1\xebz\xbay<\x9eQ\
\xcd0\x0cZ[[\xf9bSS\xfa\xb9\xa9ee\xdc\
\xb9s'ZWW\xf7\x22\xd0\x8b{\xf61\x80w\x80\
u\xc0+\xc0\xbb@YN\x01\xc9\xb7g\xa5\xd2\xb4K\
\xe5 \xef\xec\xa7\x9a\x88\x10\x8b\xc58}\xfa4_y\
\xf5\xd5\xf4\x9c\xd2\xd2R\x02\x81\x00\xcb\x96-\xdb\x0a|\
\x02\xd8.\xe4!\x11\x07\xdfL\x12?\x9e\x142\x94S\
@\xae\xcc\x92\xb9#N\x11\xb9\x84@\x22\xc3\x5c\xbbv\
\x8d\xda\xdaZ\xbc^o\x82\xbc\xdfO_o/\x83\x83\
\x83b\x9af7\x90\xab\xaa\xfb2\xd0\x06\x94\x02/\x03\
{q\xb8\x0f\xb8\xc5\x00\xe3s\x1f\xa7p\xe78\xb5\xfa\
h\x1a\xe5\xe5\xe5(\x11J\x8a\x8b\x19\x1e\x1e\xa6\xaf\xaf\
\x8f\xca\xcaJ\xc8\xbd\xf2\x90\xf0\xff\x19$\xb2\x90\x09\xfc\
\x01\x97,\x94\xd3\x85\x9c\x99\xc8I4\x97-\xd3\xee\xf3\
\xf9\x88\x8c\x8c\xd0\xdf\xdfO\xd1\x94)\xc4\xe3q\xba\xba\
\xba\xa8\xae\xae\xc6\xe3\xf1\xe4\xe1\x0e$\xfc\xff\x00\xb06\
\xd9?\x02\xbc\x09\xf8r\x0a\xc8\x0ab\x1c\xa7\xc6\x18\xe4\
\x9ds\xbc^/\x0d\x0d\x0d<x\xf0\x80\xe1\xe1an\
\xdd\xbaEMM\x0d\xba\xae\xa3\x94[\xcc\xbaB#\x11\
\x0b)Q\x99\xa7\xb4\xcb\x0e<a\xe0\xba\xfac\xb9P\
f\x00+\xa5(,,d\xc5\x8a\x15\x18\x86\xc1\xa2E\
\x8b\x10\x11,\xcb\xc2\xb4\xf3y\x0f\x90X\xe97I\x94\
\x10&\x89\x9dx\x1b\xc7y\x90\xfb\x1c\xc0}\xf5\xddH\
;m\xb6m\xa3\x94\xc2\xb2\xact\xa9\xe0\xf3\xf90\x0c\
\x03\xc30\xd0u\x9dH\xdc\x1cK\xc0\x17\x92\x02\xde\x01\
\xfe\xe2$\xee* uc\x90\x8bX>\xd2\x99\xe4o\
\xdc\xbc\x81\xae\xe9\xe9\x03K)\xa1\xa0@\x074\xbc^\
\x0fh:g\xce\xff\xb3\x1f\x08\xe4\x11p\x9cD\x11\xf7\
\x1d`'\xb0-\xcf\x5c\x00\x96\xb4\xb7\xb7G#\x91\x88\
Dc1\x89\xc7\xe3b\x18\x86\x18\x86!\xa6i\x8ai\
\x9a\x12\x0c\x06e\xcd\x9a5b\xdb\xb6\xd8\xb6-J)\
QJ\xc9\x81\x03\x07DD\xc4\xb6m\x89\xc5b\xd2\xde\
\xde.N(\xa5\xc4\xb6m\x19\x1c\x0c\xc9\xbb\xc7\x8e\xc6\
\x8b\x8a\x8a\xea\xc6\x22\x94\xc4\x1c\xe0\xb7\xb9\xbe\xcc\x0a\xe2\
T\x99\x9cBWW\x17\xd7\xaf_\xc70\xb2w\xf0\xe1\
\xc3\x87\xf4\xf5\xf5\xb1g\xcf\x1e\x1e<x@\x7f\x7f\xbf\
\xeb\x9fuI\x96\xd5\xe1\xf00\xe7/^\xb4\xbe\xf7\xfd\
\xcd/G\xa3\xd1\x8f\xc6) /\x5c\xcf\x81\x14\xb6o\
\xdfNoo/\xf3\xe7\xcf\xa7\xa3\xa3\x83\xb5k\xd7\x02\
\xa4\xca_jkkY\xb0`\x01\x03\x03\x03\xb4\xb4\xb4\
PWW\xc7\xe2\xc5\x8b\xd3\xb5\x90\x93\xfc\xc5K\x97\xed\
\x1f\xff\xe4\xad\xb5\x1f\xff\xe7\xe3V\xdcK\x87\x09a\xc9\
\x8d\x1b7\xa2\xd1hTb\xb1\x98tvvJCC\
C\xda},\xcb\x92`0(\xf5\xf5\xf5\xd2\xdc\xdc,\
\xc7\x8e\x1d\x13\xa5\x94\x88\x88,[\xb6L,\xcb\x92\x91\
\x91\x11\x09\x06\x83r\xe5\xca\xd5,\xb79\xdd\xdaj7\
6\xae|\x9d|\x99\xcf\x1dy](\xe7\x8d@OO\
\x0f\xb3g\xcf\xce\xb2?~\xfc\x18\x80\xda\xda\xdaQ\xf6\
\xd4\x15b4\x1aM\x8fS+\x7f\xf9\xeaU\xf5\xeb\xdf\
\xec\xfeVk\xeb\xb9\xc3<\xe3\x95\x1f\xb5\x1a\x22\xa2]\
\xb8p\x81G\x8f\x1eQ]]\xcd\xed\xdb\xb7S\xf77\
\x0c\x0e\x0e\x02PUU\xc5\xbe}\xfb\xd8\xb0a\x03\x81\
@\x22\x89\xc4b1\x22\x91\x08J)\x0c\xd3D\xd7\xb5\
4\xf9\x0b\x97.\xdb\xbf\xf8\xf9\x8e\xaf\x9dx\xef\xc4\x9f\
\x9e5y\x18}\x13\xf0\xfc\xe6\xcd\x9b\xbf{\xfd\xfa\xf5\
B\xbf\xdfOUU\x15K\x97.e\xc7\x8e\x1d\xb4\xb4\
\xb4\xe0\xf5z\xa9\xa9\xa9!\x18\x0c\xd2\xdc\xdcL}}\
=\xfb\xf7\xef\xa7\xb1\xb1\x91\x193f\xb0k\xd7.\x00\
^\x985\x0b\xd0(*\x9a\xc2\xf9\x8b\x1fY?\xfd\xd9\
\xf6\xd7\xda.^>\xfa\xb4\x04g\xce\x9c\xb9\xcd\xef\xf7\
\xbf\x1e\x0e\x87\xff\x8e\xa3\x12ubIGGG,\x15\
\x03\xce\x14jY\x96X\x96\x95\x95BS\xben\x18\x86\
\x84B!\xb9\x7f\xff\xbe\xdc\xbcuS\x0e\x1f9\x12\x9f\
=wv\xe3\xd3\x12O\xa2\xb2\xa1\xa1\xe1\xbf\xad\xad\xad\
VEE\xc51\xb7\x09\xa3b \x14\x0a\x99\x96ey\
\xc1\xbd\xb6\xc95\x16\x01\xd3\xb2\x88\x996\xb6\xee\xa1\xf5\
\xdc\x87\xa1\xb7~\xf4\xc3/E\xa3\xd1K\x13\x14\xd0\xd7\
\xd9\xd9\x19\xde\xb9s\xa7\xd8\xb6}\xd1mB&\xab\x17\
\x80\x17\xf9\xf4Y\xc2\x0d\xf7\x81{\xcf\xe0=\x90\xf8?\
\xf0<\xf0\xafg\xf4\xbeILb\x12\x93\x98\xc4\x13\xfc\
\x0fU[\x03ie\xaf\xf5$\x00\x00\x00\x00IEN\
D\xaeB`\x82\
\x00\x00\x11\x22\
\x89\
PNG\x0d\x0a\x1a\x0a\x00\x00\x00\x0dIHDR\x00\
\x00\x000\x00\x00\x000\x08\x06\x00\x00\x00W\x02\xf9\x87\
\x00\x00\x00\x04sBIT\x08\x08\x08\x08|\x08d\x88\
\x00\x00\x00\x09pHYs\x00\x00\x05\x89\x00\x00\x05\x89\
\x01mh\x9d\xfa\x00\x00\x00\x19tEXtSof\
tware\x00www.inksca\
pe.org\x9b\xee<\x1a\x00\x00\x10\x9fID\
ATh\x81\xcd\x99yXT\xe7\xf5\xc7?\xf7\xce\x06\
\xb38\x03\xa2 \x11\x04E\x8b\xa0\xb6?\x0d4\x8a\x9a\
h\xaaF\xd2hmL\x8a\xc6\xb8\xb5V\x1f5\x86$\
fQ\xb1\xa6\x9aj\xd2jm\xab\xd1\x185\x12%5\
5b\xeb\x06\x96\xc7\xb8$\x11\xacYTT\xdc\x00\x11\
\x95e6f\x18f\x86Y\xef\xef\x8f\x0b\x89\xa6\x89M\
\xdbD{\x9e\xe7}f\xfe\xb8\xf7\xbd\xdf\xef9\xe7=\
\xdb+\xf0\xbf!B\xdb\x12\xdb~\x01$ \xdc\xf6+\
\xdd\xee\xc5\xbb)\xed\xa05O>\xf9d\xb7\x8c\x8c\x8c\
\x11&\x93)Y\xa3\xd1\x10\x08\x05\xae\x1e,9\xb8?\
??\xff\x06\xe0\xe3\x0b2\xff\xb4\xc1\xdd\x12\x01P\x8f\
\x1d;\xb6\xc7#\x8f<\xf2\xbb\xd4\xd4\xd4\x87bb:\
\x8a:\xbd\x1eQ\x14\x01\x08\x87B8\x9a\x9d7\x8e\x97\
\x1e\x9b6c\xc6\xac\x0f\x80\x002\x91[6\xb9\x1b\x22\
\x00\xea\xf1\xe3\xc7g\x8e\x1b7\xee\xaf\x03\x06\x0c\xe8h\
\xe8`@\xa9P \x8a\x0a\x04\x01$I\x22\x14\x0a#\
\x88\x02\x11\x9a\x08\xa9\xb8\xb8x^NN\xce\x9b\xc8$\
>\xb7\x84\xf2.\x11PDGGw\x1e2d\xc8\xd6\
\x8c\xcc\x8c\x8e\x06\x83\x01\x95R\x85R\xf9\x05\x01\x10\xf0\
x<\xd2\x99\xf23\x81\x92\x92\x12\xfb\xd1\xa3G\x15\x80\
\x06\x08\xdem\x02\x22\x109f\xcc\x98\x89\xbd\xd3z'\
\x19\xf4\x06\xd4*\x15*\x95\x1a\xa5J\x89(\x88\x94\x95\
\x95\x05\xcb\xca\xca|\x9f~\xfai}yy\xf9\xc7\x97\
/_.\x01>\xe1K\xee\x03w\x87\x80\x00\x18L&\
\xd3\x83]\xef\xe9\x8aR\xa9D\xa9T\xa1R\xa9P\xab\
UH\x92\xc4\x81\x03\x07.\xadY\xb3\xa6\xd0\xe3\xf1\x5c\
\x00\xae\x01\xf5\x80\x05\xf90\xdfr\x90\xef\x96\x05\xf4&\
\x93\xa9\xaf \x0a\x88\xa2\x88 \xfb\x0c\xc1`\x88P8\
\x84\xc5by\xdf\xe3\xf1\xec\x03n\x00\xcd\xc8\xc0\xdb]\
\xe7\xae\x13P$''\xc7%%%\xc5\xfa|\xadH\
H\x84\xc3a\x82\xc1\x80\x1c\xf8C!\x1a\x1a\x1a\xca\x81\
j\xc0\x01\x84\xbe\x0c\xfaf\x11\xef\x10\xe8v\x11\x00\xf5\
\x80\x01\x03\x06\x9a\xa2L\x82\xdb\xed\xc6\xe7\xf3\x11\x0c\x06\
\xf0\xfb\xfd\xf8}>|>?\x8f=\xf6\xd8hnM\
d7\xbf/rS\xc2\xbb\x1b\x04\x22ccc3t\
:-\x0e\x87\x13\xa7\xc3\x81?\x10\xc0\xe7\xf3\xe3\xf3\xf9\
\xf0\xf9}\xf4\xed\xdb\xe7\xe1G\x1f\x7f\xf4A \xf2&\
\xc0J \xf2'?\x19\x9d\xfc\xe2\x8b\xcf\x8d\x00T\x80\
p\xa7\x09(\x00C\x5c\x5c\xdc\xbd~\xbf\x0f\x9dVG\
(\x14\xc2\xef\x97\x81\xfb|\xf2\xd2\xe9u\x9aQ#F\
\xfc97w\xde|\xc0\x04\xe8\xa7N\x9d:x\xd3[\
\x9b\x0e\x8d\xfbi\xcee\xaf\xd7?\x1e\xd0\x01\xc2\x9d<\
\x03\x02\xa0LKK\xeb\x96\xd8-11\x1c\x0ec2\
\x99\xd0\xe9\xf4 \x81J\xa9\xc4\xd5\xe2\x22\x14\x0a\x13\x0a\
\x05\xe9\xd2%^!\x8a\x8a\x97_|\xe9\x85\x91\xd9\xa3\
\xb3\xbb\xea\xf5\x86\xc4\xba\xba:.W^\x0e^\xb9R\
\xe3B\xce\x09w\xd4\x02\x02\x101h\xd0\xa0Qj\xb5\
R\x88\x8b\x8d'**\x8a\xfa\x86\x06\xdex\xf3M\xe6\
<\xfd, |n\x05\xa3\xd1\x88V\xab%>>~\
P\xb7nI\x89.\x97\x0b\x9b\xcd\x86\xd5j\xf1\x7f\xf8\
\xe1\x87\x1f\xd1\x96\x91\xef$\x01\x110$%%\x8d\x8c\
\x8c\xd4r\xfc\xc4\x09\xdex\xf3\x0d\x04\xc2\x8c\x1c\xf1 \
\x97/\x9c\xe5\xd4\xa9\xd3\xf8}>\xfc~?\xad\xad\xad\
\x88\x82\x88V\xab\xc5j\xb5\xb6-\x8bt\xf1\xc2\xa5\x0a\
\x87\xc3q\x0d\xf0\xdeI\x02\x02\xa0\x1e8p`ZJ\
\xcf\x94~\xa9\xdf\xeb\xcd\xc9S\xa7\xa8\xad\xadE\xab\x8f\
\x04Ab\xc0\xbd\x03xo\xc7_\x08\x04\x03\x98\xcd\x16\
\xcc\x8df\x9a\x1c\x0e\xd4j56\x9b\x0d\x9b\xcd\x86\xd9\
l\x0e\x1c<xp\x13\xd0\x00\xf8\xef\x14\x01\x01PF\
FFF=\xfc\xf0\xc3\x8b\xfa\xa4\xa7\x0b\xb1\xb1\xb1<\
9q\x22\xa7N~Fs\xb3\x8b\xc4\x84$z\xf4\xe8\
\xce\xc9S\xa7\xf1\xb8\xbd\x98\xcd\x8d\x98\xcdf,\x16s\
\x9b\xdbX\xa9\xbdvU***~\xc7\xe9t~\x0a\
\xd8\x91\xf3\x03\x8a;\x01^\xaf\xd7G-X\xb0\xe0\xf5\
1c\xc6\x8cJLL\xc4h4\xd2\xdc\xdc\xcc\x9e=\
\xfb\xb0Z\xcd\xf4\xeb\xd7\x0f\x7f \x88\xc7\xeb\xe5\x9e\xf8\
xn\xdc\xb8\x81\xcdn\xc7\xd1\xe4\xc0n\xb7K\x8d\x8d\
\x8d\x1c(>Px\xf6\xec\xd9\xb7\x81\x8b\x80\x8b\xb6\xba\
\xe8\xbb$ \x00J\x9dN\xd71//o\xcb\xb8q\
\xe3\xc6\x18\x8dF\x02\x81\x00\x95\x95\x95\x9c8q\x02\x83\
^\xcfg'Oc\xb3;\x882\x99\xe8`0P]\
]E\x93\xc3\x81\xc7\xed\xc1\xe7\xf7\x85\xedv{\xd3\xfe\
}\xfb\xd7_\xb9r\xe5=\xe0\x1c\xd0D\x9b\xf6\xdb?\
\xf2\x9d\x81\x8f\x89\x89\xe94\x7f\xfe\xfcmc\xc7\x8e\x1d\
\xeet:y\xe57\xaf\xe0hjb\xe1\xc2E\xd4\xd4\
\xd4\xe0\xf7\xfb?\x8f:\x1e\x8f'\xd0\xdc\xdcl3\x9b\
\xcd\xce\xda\xda\xda\xcb\xa7N\x9d\xfa\xd8\xef\xf77\x02\x8d\
@-p\x1d\xb9\xb4\xf8\xce\xfb\x01\x01P%''w\
\x997o^Avv\xf6\xe0\x0b\x17.\xb0\xfe\x8du\
\x04\x02~\xbc^/\xc1`\x90`0\x88\xcb\xe5\xf2U\
UU])++;v\xf1\xe2\xc5\x8a6\xb0Vd\
-\xb7\x00\x9e\xb6\xd5\xc2\xd7\xb4\x95\xdf6\x01\x01P}\
\xff\xfb\xdfO\x9a5k\xd6\xf6\x91#G\xf6?|\xf8\
0\xef\xed\xdcA0\x14\xc0f\xb3\xf3\xc4\xc4I\x98\xcd\
f\xccf\xb3m\xdd\xbau\xeb\xecv{9\xb2v\x9b\
\x90}\xdb\xd3\x066\xd4\x06\xf8\xb6\x8d\xfd\xb7I@\x00\
\xd4YYY}g\xce\x9c\xf9NVVV\xaf\xa2\xe2\
\x22\xf6\xef\xdf+\x87\xc6F3\xc3\x1e\x18F\xd7\xae]\
)//o\xfc\xc3\x1f\xfe\xb0\xdc\xeb\xf5\x1eGv\x8f\
f\xe4r\xb9\xbd\xf2\xbc\xed$\xe2\xbb  \x02\x9a\xe1\
\xc3\x87g\xfc\xf2\x97\xbf,\xc8\xcc\xccL\xd8V\xb0\x8d\
\xe3e\xa5\xf8\xfc~\xccf3\xbdR\xbe\xc7\x03\x0f\x0c\
\xa3\xa2\xa2\xc2\xb1a\xc3\x86\x15^\xaf\xf7\x08P\x03\xb8\
\x91\xb5,\x00\x11m\xfb\xb5~S\x02\xdfF\x1e\x10\x81\
\x88\xec\xec\xec\x07\xe7\xcd\x9bW\x98\x91\x91\x91\xb0q\xe3\
FJ\xcb\x8e\xe1\xf5\xb5b1[\x88\xed\x14\xc7\xf4\xe9\
\xd3\xa9\xac\xact\xad_\xbf\xfe5\xbb\xdd~\x14Y\xf3\
\xad\xc8Z\x17rs\xf3\x86\x9e?_\xd5p\xfe|U\
Cnn\xde\xd0\x9b\xb0)\xb9M\xb4\xfco\x09\x88@\
\xc4\xf8\xf1\xe3\xc7\xcf\x9d;\xf7\xcf}\xfa\xf4\x89Y\xb5\
j%'O\x7f\x86\xafU\x06\xaf\x8d\xd4\x91\x9b\x9bK\
UUU\xeb\xc6\x8d\x1bW\xd7\xd5\xd5\xbd\x1f\x1d\x1dm\
\xdb\xb7\xef\xfdu\x85\x85E\x1b\x015 Z,\xd6\x9e\
\xa9\xa9\xdd\x0d\xa9\xa9\xdd\x0d\x16\x8b\xb5g\xdb\xde\xea\x9d\
;\x8b6\x15\x17\x1f\xd9\xd6\xbd{w#_\x115\xff\
\x1b\x17\x12\x01\xed\xe4\xc9\x93\xa7\xfe\xfc\xe7?\xff]l\
ll\xc4o\x7f\xf7[\xae_\xaf\xc5\xeb\xf1`\xb5\xda\
\x10E\x05/\xbd\xf4\x12\x0d\x0d\x0d\xa1\xed\xdb\xb7o\xae\
\xac\xac\xfc;p\xad\xa0`\xd7\xa1Q\xa3\x86\xf6\xb6\xdb\
\x9b\xa5\x993\x9f.\xe8\xdd\xbb\xb7/::\xfa\xf1\xf6\
\x8dG\x8d\x1a\xfexff\xdf\xf3\x15\x15\x97\x22\xef\xbf\
\x7f\xd0\xe4\xe8\xe8\x0e\xc2\xda\xb5o\xfd ;\xfb\x81\xfe\
\xc8V\xfb\xafE\x04:\xfc\xe2\x17\xbfX|\xfc\xf8\xf1\
\xc0\x993g\xa4\x09\x13r\xa4\xd1\x0f\x8f\x92\x86\xde?\
DJK\xef-\xa5\xa6\xa6J\x05\x05\x05R~~~\
(;;\xfb]`\x18\x10\x03h'L\x98\xfaRK\
\x8bW\x0a\x04\x82\xd2\xb5k\x0d!\x9b\xadY\x0a\x04\x82\
\xb7,\x9b\xadY\xbav\xad!\x14\x08\x04\xa5\x96\x16\xaf\
4q\xe2\xd4\x17\x91\xad\xf5O@\xfe\x13\xf0\x86\xd9\xb3\
g\xffj\xce\x9c9/+\x95J\xe5\xb2eKq\xba\
\x1c\xb4\xb4\xb8\xb1X,\xf8}~f\xcf\x9e\x8d \x08\
\x1c<x\xf0\xfd\xa2\xa2\xa2\xb7\x91{\x5c/\xe0;q\
\xe2\xc3\x9d\x95\x95W\x83\xc1`\x88\x98\x98(Q\xab\xd5\
\x10\x0c\x86nYZ\xad\x86\x98\x98(1\x18\x0cQU\
U\x1b<w\xee\xe4_\x91#\x95\x1a\xf9\xb0\xb7M\x8f\
\xfe=Q\x00\x1drssW\xce\x981c\x9a\xd3\xe9\
\x14\x96/_N\x98 \xcd\xcd.l\x16\x1b\x1e\x8f\x87\
i\xd3\xa6\x93\x9e\x9e\xce\x07\x1f|\xf0\xc9\x9a5k~\
\x03\x9c?z\xf4D\x89\xcf\xd7z\xbd\xb0p\xc7\xd3O\
<1e\xf7\x0f~\x90\x16\xdf>\x8d\xa8\xac\xac\xe2\xa3\
\x8fJ\xa9\xabk\x00 >>\x9e\xc1\x83\x07\x92\x92\xd2\
\x1d\x90\xa7t\xe5\xe5\x17,\x05\x05\xf9?\xfe\xe9O\x1f\
[\x1d\x11\x11y\xcf\xd0\xa1\x19}\x80\x96oJ@h\
\x07\xff\xfc\xf3\xcf\xaf\x9d1c\xc6\x84\xfa\xfaz\x96\xaf\
X\x8e\xa8@\x06o\xb5\xd1\xect1a\xc2\x04\xb2\xb2\
\xb28s\xe6L\xe5\x92%K\x16\x03\x9f\xae]\xbby\
\xc6\xcf~\xf6\xe8\xf3\x0a\x85\x88\xdb\xdd*\xe9t\x11\x02\
\x80\xdb\xeda\xeb\xd6\xed\xd8lN\x14\x0a\x05\x81\x80\x0f\
\x00\x95JC(\x14$&\xc6\xc4\xe4\xc9\x13\xd1j#\
\x91\x9f\x97\xdf\x0d\x85\xc2\x14\x16\xeeY1k\xd6\xe4_\
}\x93b\xee\xf3\xbaf\xd1\xa2E\x7f\x992e\xca#\
555\xbc\xf6\xdb\xd7P(E\x9a\x9dN\xacV\x1b\
\x0e\x87\x93\xec\xd1\xd9\x8c\x1a5\x8a\x9a\x9a\x1a\xdb\xd2\xa5\
K\x97\x06\x02\x81\xe3\x80Y\xa5\xd2t\x88\x8e\x8e}(\
>>N\xadR)\x85pX\xc2\xebm%?\xff\x1d\
\xfc\xfe\x00\x1e\x8f\xd3\xedv7\xed\xf5x\xec\x0b=\x1e\
\xc7\x8ep\xd8\xaf\x12E\xb1\x9bR\x19\xa1*/?K\
zz\x1a\xa2(\xa2T*\x84`0Di\xe9\xc7\xee\
]\xbbvl\xbcp\xe1\xdc\xf9\x7fe\x01\x01P\xa5\xa7\
\xa7\xc7M\x9f>\xfd\xbd\xf1\xe3\xc7g\x9e={\x96U\
\xabV\x12\x11\xa9\xc1\xe1p`\xb5\xda\xb0\xd9\xec\x0c{\
`\x18\xd3\xa7O\xe7\xea\xd5\xab-K\x97.]R_\
__\x02\x5cA\xf6{%\x90\xb4sg\xf1'\x83\x06\
e\x18\x00\x0e\x1d:BM\xcdu\x1c\x8e\xc6\xbaP\xa8\
\xb5\xef\xea\xd5\xab\xed7\x7fx\xce\x9c9\x1du:\xe3\
\x99\x0e\x1d:wINN`\xd8\xb0\xfb\x01(+;\
\xe1z\xf4\xd1\xec{\x91\x93\xa0\xffv\x87X\x00TY\
YY\xc9\xb9\xb9\xb9E999\x99'N\x9c\xe0\xb5\
\xd7^%R\x17AS\x93\x03\x8b\xc5\x8a\xc5b\xa5\xff\
\xff\xf5g\xfa\xf4\xe9X\xad\xd6\xd65k\xd6\xfc\xbe\xbe\
\xbe\xfe\x08r\xa2\xf2\xb6\xed\x15\xd6j\xb5\xae\xc4\xc4n\
\xba@ \x84\xcb\xe5\xa6\xa9\xc9\x01\x04\xfcj\xb5\xd0\xff\
\xcb\xe0\x01^\x7f\xfdu[ \xe0\xcd\x80\x80\xdfnw\
\xe0r\xb9\x09\x04B$$t\xd3i\xb5\xda\xf6~@\
\xfc\xba< \x00\xea\xd1\xa3G\xa7M\x9a4\xe9\xbda\
\xc3\x86\xf5())a\xf3\xe6Mt0\x1a\xb0Y\xed\
\xb2\xe6\xadV\xd2\xd2\xd2y\xe6\x99g\xf0z\xbd\xa1\xcd\
\x9b7\xbfUQQ\xf1\xf76\xcd\xb7\x00\xc2\xe6\xcd\xef\
>\x11\x1b\xdbi\xac\xdb\xed\x8e1\x1a\xf5b0\x18\xc4\
\xe1p\xa0\xd1h\x89\x8c\xf4|\x96\x97\xb7\xbc\xf1\xeb4\
\xb8z\xf5\xea\x1b\xabV\xfd\xf1\x94F\x13\x99\xd9\xdc\xec\
D\xa9Tb4\x1a\xc4\xfc\xfc\x1d\xefj\xb5\x91\xd6\xc6\
F\xcb\xee\xaf\x22 \x00\x9aq\xe3\xc6\xdd;e\xca\x94\
\x1d?\xfc\xe1\x0f\xbb\xec\xdb\xb7\x8f\x82\x82\xad\x18\x8cz\
\xac6\x1b6\x8b\x0d\x8b\xc5B\xcf\x9e\xbdX\xb0`\x01\
\xc1`0\xbcm\xdb\xb6\x1dG\x8f\x1e\xdd\x09\x5cB.\
\xce$ \xa2\xb1\xd1:\xafW\xaf\xb4\x01\x9d;\xc7\xe3\
\xf3\x05\x90$\x10\x04\x09\xbd^G \xd0|\xe96\x1e\
\x00@D\x84\xe6\x92^\xaf\xcb\x0c\x87\xc3\x04\x02!\xfc\
\xfe\x00\xc9\xc9)C[[\xfd\x94\x97\x9f\xef\xf6e\x02\
\x22\xa0\xce\xc9\xc9\xc9\x9a6m\xda\xf6~\xfd\xfauz\
\xf7\xddw\xd9Y\xf8\x1eF\x93\x11\xab\xd5\x8a\xcdj\xc3\
j\xb1\x91\x90\x90\xc8\xa2E\x8bP(\x14\xec\xdd\xbb\xf7\
\xe0\xdf\xfe\xf6\xb7\xad\xc0y\xc0\xc9Mu\xbb\xcd\xd6\xe4\
\xab\xad\x95\x95\xdc\x1e6\xe3\xe3M\x18\x8d\x06\xc2a\xb7\
\xf6_\x110\x99LZ\xa3\xd1\x80\xd7\xeb\xa7\xaaJ\xe6\
+Ir\x9d\xd7\xd4\xe4\xf4\xdfL@\x044\x93&M\
\x1a<c\xc6\x8c?\xa7\xa4\xa4\xc4\x14\x15\x15\xb1e\xcb\
[\xc4v\x89\xc5j\xb1`m\x03\x1f\x1b\x1bK^^\
\x1ez\xbd\x9eC\x87\x0e}\xbaa\xc3\x86\xf5\xc8\xed\x9e\
\x9d[/ |\xabV-\x9e\x00$u\xef\xde\xab\xcf\
+\xaf\xac{]\xbey\x11\x88\x89\xe9\x08\xf8\x07\xfc+\
\x02QQQ\xfdcbbhn\xf6!I\x12\x82 \
\xb0x\xf1\xdc\xd9\xd5\xd5\x17\xcf\x015\xed\x87X\x00\xd4\
\x13&L\x188w\xee\xdc\xbf$&&\xc6\x9c?\x7f\
\x9e\xcc\xccLV\xad\xfa=n\x97\x1b\xb3\xd9\x82\xc5b\
\xc5d2\xb1p\xe1B:u\xea\xc4\xe9\xd3\xa7\xaf\xac\
X\xb1b%P\x8e<\xbf\xbf\xa5\xddC\xae4\xaf\x03\
\xa5\xd5\xd5\x97vY,\xf5\xad\x1a\x8d\x0a\x8f\xa7\x95\x84\
\x84x\xe2\xe3\xbb&\x95\x94\x1c\x9c\xf3u\xe0KJ\x0e\
>\x1d\x17wO\xb7\xae]\xbb\xe0\xf1\xf8P\xabU\x98\
\xcd7Z\xab\xab/\xfe\x15(\x05\xae\x7f^\xb2\xc6\xc5\
\xc5\xc5=\xf3\xcc3\xf9---\x86\xb5k\xd7\x9e[\
\xbcx\xf1\xce\x95+W\x96\xdb\xed\xf6\xd0SO\xcdC\
!*1\xe8\x0d\xbc\xf0\xc2\x0b$%%Q]]\xdd\
\x90\x97\x97\xf7\x0a\xf0\x197\xcdi\xbe\x02G\x18\x10\x97\
-[9X\xa7\x8b\x08\xe9t\x11(\x95\x0a\x1c\x0e7\
\x09\x09\x89B\xb7n\xc9\xab\xff\xf1\x8f\x8f\x97\xdc\xfc\x82\
$IBi\xe9\xf1\xa5\x89\x89I+\x13\x13\x13\x85\xa6\
\xa6\x16\x94J\x05:\x9d\x06\xbd>2\xb4l\xd9\xca\xc1\
m\x1e\x13n\x1fW\xeb\xd6\xae];{\xc4\x88\x11\xaf\
\xee\xd8\xb1\xa3t\xf1\xe2\xc5\xbfG\xeeM;\xce\x9c9\
37''g\xc8\x9a5k\xc8\xc8\xc8`\xd0\xa0A\
\xd4\xd7\xd7;\x9e}\xf6\xd9%uuu\x87\xf8\x22\xd6\
\xff\xd3\xf5O\x9b\xa8^}u\xed\xafz\xf5\xea\xbbP\
\xa9T\x88:]$\xa2(\xa0R)HJ\x8a'2\
2\x02\x8f\xc7\x8d\xcb\xe5\xb0K\x92T\x03 \x08B\x92\
\xc1`\x8a\xd6jux<^jj\xea\xe4\xcb\x8f\x90\
\x84\xdb\xed%\x18\x0c\x87/]*_\xb1`\xc1S\xbf\
n\xb7\x80.::zPSS\x13EEE\xdb\xdb\
\xb4z\x12\xf8d\xeb\xd6\xad\xeb\x5c.Wh\xd2\xa4I\
\x0c\x192\x04\x87\xc3\xe1^\xb6l\xd9\xaa\xba\xba\xba\x0f\
\xf8\x22\xd6\x7f\x1dx\x00i\xcf\x9e\xc2\xe3\xc1\xa0\x1fQ\
D:v\xec\x90-\x22B\x81F\xa3\xc2j\xb5\xd3\xd2\
\xe2\xc6h\xec \xc5\xc5u\x8d\xee\xdc9\xbe\x7f\xe7\xce\
\xf1\xfd\xe3\xe2\xbaF\x1b\x8d\x06\xa9\xa5\xc5\x85\xd5\xda\x84\
Z\xad\x22\x22B\xc9\xb1c\x87l I\x81\x80\x8f\xbd\
{w\x95\x01\x92\xb2\xcd\x02j\xb7\xdb\xdd\xc1\xef\xf7s\
\xdf}\xf7u(++s\x22\xb7z\x92\xc1`\xb0\xab\
T*\xa2\xa3\xa3inn\xf6-_\xbe\xfcO\xe7\xce\
\x9d;\xc0\x17\xb1\xfev\xe0\x01\x82\xa5\xa5\x87\x8fv\xef\
\xdecCe\xe5\xc5\xcf\x8e\x1f\xff\xb0\xa4\xa6\xe6\xf2+\
\xb9\xb9\xf3\x9fT\xabU\x04\x02~\xec\xf6&A\xa3Q\
\xa3R)\x01\x89\xd6V\x1f>\x9f_\x08\x06CDD\
\xa8\x10EX\xbd\xfa\x8f\xdb\xf2\xf3\xdf\xcc\xbb\xef\xbe!\
#SR\xbe\xd7\xbf\xb4\xf4\xf0Q\xe4\x80\x81\x02\xb8\xe7\
\xb9\xe7\x9e{}\xff\xfe\xfdRIII\x0d\x90\x00h\
\x81\xce\xdb\xb6m;\xb2\x7f\xff~\xa9\xb0\xb0\xd0?|\
\xf8\xf0?\x01\x03\x81(\xfe\xbdR\xbc\xbd\xdfU\x03b\
\x8f\x1e\xe9)G\x8e\x94z\xaf^\xad\x93\xea\xeb\xcdR\
c\xa3Y\xb2Xl\x92\xcdf\x97l6\xbbd\xb1X\
\xa5\x86\x06\xb3TW\xd7(\xd5\xd4\xdc\x90\x0e\x1f.\xf5\
\xf6\xe8\x91\x9e\xd2\xael\xbeTN\x8b\x80I\xa3\xd1\xdc\
\xbbi\xd3\xa6\x1d\x06\x83\xc1h4\x1a\x1bZZZN\
+\x14\x8a\x1e\x1e\x8f\xa7\x87\xd3\xe9\x0c\xee\xdc\xb93\xbf\
\xb8\xb8\xb8\x009\x5c\xb6\xdf]\xfd'\xa2~\xfb\xedw\
\xde\xc8\xca\x1a2M\xa3Qq\xe0@\xd1\x8d\x84\x84\xae\
\xc6\xde\xbdSuQQQ\x02@SSS\xb8\xa2\xe2\
\xbc\xa7\xb6\xb6\xd69z\xf4\x8f\xef\xf1\xf9\x02\x1c;\xf6\
\xd1\x96\xa9S\x9f\x98\x85\x1c,>\x17\x119r\xb8}\
>_\xed\xbau\xeb\xfeh\xb1X\xbcW\xae\x5c\x893\
\x9b\xcd\xa3\xae]\xbb\x96R__\xef\xdb\xb2e\xcb\xfa\
\xe2\xe2\xe2w\xb85Q\xfd\xa7\x22^\xb9R-\xb6\xb4\
8C\x97/_t=\xfbl\xee\x8f\x1ezhT\xcf\
\x15+V,\x0d\x87\xc3\x84\xc3aV\xacX\xb1l\xf4\
\xe8\x87z\xce\x9f\xff\xdc\x8f.]\xba\xe8r\xb9\x9c\xa1\
\xea\xea\xea\xf6\xab\xa6[D\xd9F \x00\xd4\x97\x95\x95\
\xed=s\xe6L\xe3\xe3\x8f?>\xaec\xc7\x8e\x9d\xeb\
\xeb\xebo\xec\xda\xb5k\x8f\xc7\xe3)\x07.\xf3\x0dn\
\x0d\xbf\x81\xf8^~y\xf1S\xbbw\xef\xd9\x96\x9a\x9a\
br\xb9\x5c\xd5@X\xaf\xd7_m\x7f\xa0\xed\xbf\xd5\
\xe5r\xd97o~s\xda\x85\x0b\x95\x8e\x93'?>\
\x81<\xf0\xbaEn.\xa7\x15\xc8\xf7Nq\xc8\xbdk\
\x04r\x84\xb1\xb4-\xf7\xb7\x00\xfefQ\xb4}?\x08\
\x88c\xc7\x8eMMKK[\x02PQQ\xf1\xeb\xdd\
\xbbw_@\xb6t\xbb\x92\xbf\xd2e\xff\x1f@s\xf3\
\xf3\xae\xa9\xdd\xf2\x00\x00\x00\x00IEND\xaeB`\
\x82\
\x00\x00?\x83\
\xff\
\xd8\xff\xe0\x00\x10JFIF\x00\x01\x01\x01\x00H\x00\
H\x00\x00\xff\xe1\x00\x16Exif\x00\x00MM\x00\
*\x00\x00\x00\x08\x00\x00\x00\x00\x00\x00\xff\xfe\x00;C\
REATOR: gd-jpeg \
v1.0 (using IJG \
JPEG v62), quali\
ty = 95\x0a\xff\xdb\x00C\x00\x05\x03\x04\
\x04\x04\x03\x05\x04\x04\x04\x05\x05\x05\x06\x07\x0c\x08\x07\x07\
\x07\x07\x0f\x0b\x0b\x09\x0c\x11\x0f\x12\x12\x11\x0f\x11\x11\x13\
\x16\x1c\x17\x13\x14\x1a\x15\x11\x11\x18!\x18\x1a\x1d\x1d\x1f\
\x1f\x1f\x13\x17\x22$\x22\x1e$\x1c\x1e\x1f\x1e\xff\xc0\x00\
\x0b\x08\x01,\x01\x90\x01\x01\x22\x00\xff\xc4\x00\x1c\x00\x00\
\x02\x03\x01\x01\x01\x01\x00\x00\x00\x00\x00\x00\x00\x00\x00\x03\
\x04\x01\x02\x05\x00\x06\x07\x08\xff\xc4\x00D\x10\x00\x02\x01\
\x03\x03\x02\x04\x03\x05\x04\x07\x07\x04\x03\x01\x00\x01\x02\x03\
\x00\x04\x11\x05\x12!1A\x13\x22Qaq\x81\x91\x06\
\x14#2\xa1\x15B\xc1\xd1$3R\x92\xb1\xe1\xf04\
br\x83\xa2\xb2\xf1\x16Ss\x82\x07CDT\xff\xda\
\x00\x08\x01\x01\x00\x00?\x00\xfda+\xaa\xa1f\xe8(\
\x16\x0f\x1c\xc5\x9dT\x0ejo\xae\xd6\x1d\xaa1\xb9\x8e\
\x050\xbeh\xfeT\xa5\xd1\x8a\x08\xd9\xc8\xa4\xb4\xb1\xe3\
H\xf3\xb7\xe5\x1c\x0a\xedJl\x01\x1a6Y\xb8\xc5Z\
\xce\xddb\x8f{\xc7\x92}\xa8\xb7[\xe3\xb4o\x0e0\
\x09\xacm\x15Qo\x1c\x94,\xe6\x9a\xd7\xaf%\x86\xdd\
\xd1!;\x88\xebY\xff\x00dV\xe7c\x82\xaa\x0er\
I\xa2\xeb\xff\x00|\x985\xb8\xc1\x19\xec:\xd5\xfe\xcc\
\xdaM\x04%dL\x10{\xd6\x9e\xd9e\x9bc\x00\x10\
~\xb4\xeaD\x17\x81\xc5RE\x19\xe1\xa8\xaa\x88\x13%\
\xb9\xa5f\x8c\x97\xf2U|\x16\xce\x1a\x97\xd4,\xa3*\
\x0a/\x9b=j\xf6\x91\x14\x8f\x06\x9b\xb3\x8c\xab\x13L\
\xf7\xa4u\x0f\xcc)3V\x8b\xf3\x8ei\xb6\x04'\xb5\
\x01\xa4O\xec\xd5\x97;A\x18\xabG\xces]\x8f>\
Fj\xcf1\x8drE\x09\xefx\xf2\xad)#\x97m\
\xc7\xad\x0c\xd5\xa2m\xb2\x0ai\x8f\x94\xe0f\x96[\x90\
\x09^T\xd5\x01\x8aF\xfcF\xc9\xae\x85\xe3\x86fF\
\x5c\xc6\xc3\x83\x8e\x94h\xe5\x83\x98\xddx'\x83V\x8e\
?\x0d\xb2\xad\xe5\xad\x1br\xe5A\xedD\xbb\xc3G\x85\
%_\xd6\xbc\xfe\xb0/,\x80\x91d.\xaci\xcb\x0b\
\xa9V\xddL\xcb\xbb=\xe9\xaf\xbe.8Z\x89\xa5\xdf\
\x1e\x0a\xe7=\x0d\x22\xea\xca\x04\xbc\x86SZ\xda\x84S\
\xba\x14\x8c\xe3#\x9a\xeb\x1bS\x05\xb6\xd6s\xb8\xf5\xc5\
+\xfb9\x9e\xe9ewc\xb4\xe7\x93Z\xa8\x08\x5c\x0a\
\xca\xd5\x96\xe6\x7f\xc2@\x02\x93\x82h\xb6\xa1-\xad\x84\
Dr\x05*#Q1\x91Sq\xa2\x9b\xb9D\xab\x1b\
\xa8\x18\xe7\x14;\xbb\xb9\xf7a\xd3\xf0\xfd\xbbP\xedB\
$\xbe4x\xc9\x1c\xd1\xee\x04w?\x9f\x06\x8dk\x15\
\xbc\x19\xd8pO\x5cU\x80\x84\x1c\x91\x93D\x8c\xa8\xfc\
\xabD\x0a\x02\xee8\x15Tepr\xc3\x02\x87\x1bF\
X\x81\xc8\xcd\x1c\xa8\xdb\xc0\xa1\xa09\xca\x8a\xac\x8a\xe5\
\xbd\xea\x19_\x18a\x8a\x8ezQ\xad\xc1\xc9\xa2\xf7\xa4\
5\x1f\xcc):\x948`M0\xd2\x1f\x0fv8\xa5\
\xb3G\xb7L\x8d\xd9\x15\xd8h\xdb\x03\x9c\xd5\xc1\x22A\
\xe5\xe3\xd6\xa6\xe8\x03\x11\xac\xe3PMET\x9av\x22\
\x19\x01\xa5.\x94,\x9c\x8e\xb4Kx#\x07{\x91\xd2\
\xa4\xcfl\xbb\x95\x88+\xd8\x8a\xacw\x16\xcf\x18#h\
a\xd4\x1a\xa5\xf4\xea\xc0x/\x8c\xf5\x15\xab\xa2\xcb+\
Z\x08\xde#\x908oZ^\xe1n\xdaV\xc3\x01\x8e\
\x82\x95\xb8\x17D*\xcf\x86\x8f\xa8\xe2\x8b\x1c\xca\x14)\
^1W\x12\xa9\x8c\x85\x007\xa1\xa8%Z5a\x90\
\xdd\xc0\xa1\xcb!\x1cs\x83\xd7\x22\xbd\x02\xf3Ur\x17\
\xde\xa7\x1c\x8a\xe7`\xa3\x93\x8a\x10\x0d+yW\x03\xd6\
\xae-S9c\x93]\xe1\xc6\xa7\x0a\x06i[\x8bH\
\xe5m\xfd\x1b\xd6\xb3n\xdah\xb7#&\xe0?z\x91\
Y]O\x97\x8a\xd1\xb2\xb5\x96D\x12\xc8p\xb4\xf2[\
)<7\x00sR\x8a\x06@\x19\xc5\x19\x09\xc0\xc2\xd0\
\xb5(\xcc\xb1\x85\x12\x18\xc7|\x1e\xb4\x9c\xba|ih\
\xcd\xe3>\xe2:\xee\xa3Y@\xe9\x0a\x8d\xd9\xa7\x09`\
\x9d\xaa\x8d2[!\x92n\x17\xd6\x93:\xc5\xa8}\xdb\
\xb8\xa2\xc3{\x1d\xe4\x9f\x87\xd0Q\xc3(8\xc7J$\
$1$U\xfb\xd6~\xa3\xf9\xc5'\x5c1\x9ezQ\
\x8b\xc5\x8c`\x91@>\xdd)\x8bRv\x90*\xe7\x01\
\x86O\xd2\xad'\xe5\xc9\xfd*\xacF\xdc\x10\xdc\xd2\x0e\
0\xc6\xabPj\xa6\x8fh\xdc\x15\xae\xbf\xc8\x87x\x19\
\xc5#\x05\xc4r\x10\x18\x9f\x85:\xd1\xc2\xd1eal\
\x11\xd7mg\x0bvi1\x8c\x13\xd0S_pb\x9d\
\xd4\xd6\xae\x99|\xd0\xc0\xb6\xf2FK\xa8\xe0\x8e\xf5\x9f\
\x7f{r%$\xc2@'\x8c\x1a\x8b{\x9b\x89F\xd6\
\x8f\xcb\xefNFA\x03*+\xa4\xb6C\xca\x9cP\x02\
<s\x00\x0eM^\xe5]\xe2\x03\x0b\xc5n\x85\xe3\x8e\
*\x08\x18\xc6*\x09\xc1\xcdp_\x11\xb2\xd4`\x00\x18\
\x02\xb259\xefZm\x90#*\xaf\xa0\xcej\xfaR\
\x5c\x9c\xc99<\xfa\xd3\x92\x95@]\x88\x00R\xf0K\
\x0d\xccn0\x0dgi\xf6\xa8\xd7\xee$\x1eP|\xa2\
\x99\xd4\xa6\x99\x0f\x85\x02\x80\xa3\xbd\x0f7\xf0\xda\x97\xc2\
\xb6i\xbbR\xc6%\x04c\xd6\x98^\x18\xe4dW\x98\
\xd7SU{\xc6\xf0e!;\x01\xda\x87\xa7\xdbj\xde\
*\x99\xe4gA\xd8\xd6\xff\x00\xf4\x8c\x02\x00P*d\
7%A\x07#=\xa8z\x97\x8dqhc (\xc7\
n\xb5\xe7?e\x5c\xb18-\x8f\x85jh\xf6sZ\
\x83\xbc\x9e}kS'\x14{N\x86\x8d\xd4\xd6v\xa3\
\xf9\xc5)\x5cH\x15\x5c\x83\xd0\xd4\xf6\xab\xc3 L\x82\
p\x0d\x14\xbc{G\x9f89\xa92\xa9\x04~\xe0\xef\
DA\xbe0y\x1f:F\xe1v\xcaG4*\x8a\xa9\
\xa9\x85\xf6\xc8\x0d:@u(G\x06\xb3M\xb8G>\
P\x08\xad$\xbd\x02\xd8F#\x19\x03\x15{kc.\
\xcb\x9c\x8c\xa9\xe9L\xcc\x0c\xcd\xb4\x00)=\xa1&\xda\
[\x06\xba\xe1A\x0b\xb8\x8c\x13\xcdBD\xab>\xc6>\
R8aS\x19\x09)F\xe4v4[\x952.\xe4\
\x18\x06\xa9,@H\x92\x97\xc1\x02\x83r\xe0\x9c\x83\xf4\
\xad\xd7`\x89\xb9\x9b\x19<T\xe0c9\xe2\xa8\xd8b\
\x00\xa3.\x02\xe7\xd2\xa3\xc4O\xed\x0a\xac\x93\xc1\x18\xcb\
\xc8\x8a=\xcdf\xdfk\xd60\x02\x11\xfcF\xf4Z\xf3\
\xb7\xda\xd4\xf7\x92lN\x01<\x01Z:l\xa2\x08B\
n\xcb\xb7S\xe9Z\xd1\xb40C\xf7\x93\xcf\x15\x8ds\
\xad\xc4\xf3n\xc1\xc6zb\x99\x8bW\xfb\xdb,K\x19\
D^\xa4\xf7\xa6\xfe\xf2\xdd\x11r=j\xf0L\xc5\xbf\
\x13\x81E&6\x93#\x04\x0e\xf5\xce\xe0\x0c(\xa1\x97\
u\x05$S\xcfB*cm\xb1\xec\xc9\xc7\xbdqG\
e\xf2\x8c\xd1\xedU\x96 \x0a\x0c\xd5/\x18\x80\x06\xd1\
\xd6\x96\xcc\x9d\x94Sv{\xbc3\xb8\x00h\xab\xd6\xb3\
\xb5\x1f\xeb\x05(I$\x01E\x11\xa7\xef\x0c\x9a\xe6\x8a\
#\xfb\xa0|(N66\x01\xe2\xaaj;\xd3J\xb1\
l\xda\xad\xe5=y\xab\xa3F\x10\xa9a\xb4\x1c\x03\x9a\
^\xf3\xf3\x06\x1d;\x1aX\xd4\x1a\xa9\xaa\xe3\x9az\x06\
\xca\x06\xcf4\xa6\xa58\x82@Xp{\xd3\xbaZ[\
\xdc(f9S\xfaP\xf5\xab\xe1\xa4\xa9\x11a\x95\xbf\
J\xc5\xff\x00\xd4\x85F\xee3O\xdb^-\xe4\x22\xe5\
\xdbk\xd3\xd0\xcd\x14\xcaU<\xc4\x8ejB\xed\x1en\
\x068\xa5\xee\xe6\x85\x02\xc8\xb2c\x1dsD\x1a\x84r\
\xc7\xb5$R;\xe2\x83$\xe8\x06Y\xf0=\xcd\x0b\xc4\
W\x19V\x04R\xb2k3\xdcJ\x8a\xecH\x07\x80\x05\
z\x9b)\xbckT9\xea9\xa6#\x5c\x9c\xd4\xef\xda\
\xc7\xd2\xb3\xf5e/\x19(\xa4\x9fj\xf2\x17ix\xd2\
\x10\xa1\xfe\x94\xba\xe9\xf7\x927\x985h\xd9i\x86 \
\x09\x04\x9a\xd1H\xd61\x978\xf6\xaa\xcb9(Q8\
S\xc5\x0e\xda\xd4J\xdc&~T\xdd\xacH\xb3l\xdb\
\xc8\xebZ\xc9\xe1*\xedQ\x9a\xb1h\xc2\xf9\x80\x07\xd2\
\x856\xe6S\xb1\x08\xcds\x10c\x01\xc1\x1by\xe2\x86\
&yOC\x81\xd2\x86\x0b\xf9\xcbdb\x9a\xb6Y\x9d\
\x06\x5c/\x14\xbd\xdb^\xc6\xa7\xc3\x7f(\xeaEfC\
y;\x5c\x7fH\x91\x98~\xedjB\xec\xe3q\x1bG\
\xbd;lA\x88\x90sW\x03\x9ek7Q\xc7\x88)\
J\xb8\x90\x81\x8a\x83!\xaa\x13\x93\x93\xd6\xa35\xd9\xa8\
&\xbb<u\xa8f$`\x92@\xa8\xc8\xaa\x92*\x09\
\xa8$Q\xec\xdf\x92\xbf>\xb5\x1a\xa4+5\xbf$\x02\
\xb4\x85\xbb\xdcX\x02A\xdd\x13SW\x8fiyh\xbb\
\xc78\xf3g\xd6\xb2,\xf4E\x9d\x1d\x90.\xdd\xd8\xa8\
{9,\xe40n<v\xcdmiQ\xdb\xaa#\x07\
*\xf8\xe6\x8c\xedr\xccB\xa8\x921\xdcVm\xd4\xf0\
$eeM\xcas\x954\xa2\xeb:ZL]a\xda\
H\x19\x00\xf1B}kN\x92G\x12\xaeb$\x15\x07\
<b\x8a\xba\xbe\x98K\x98\x94\xa6\xe3\xbb\x03\xa0\xad\xab\
;+h\x983&Nkb\xd2hdc\x0cX\x0c\
\xbdE23\xd2\xa98 \xafnj\xdbA\x5cc\xad\
+\x12\xc1!p\x17\x05{\x91T(\x8a2TR3\
HY\xf6D\xb4[m8\xc8\xae\xf3\x9208\xe6\xb8\
i\xf0\xed\xc9|\xd3\xa8\x91\xdb\x84\x8a5\x05\xb1\x9aJ\
\x10D\xf3\xcd.\x01\x06\xb4\xe1\x92%\x85J.r:\
\xd0\x1fk\xcc\xacX\x0cv\xa2Mp\x01\xc2\x85\x03\xe3\
I\x96\x04\xb31\xc8&\x8c\xe57Fa\x91UGQ\
\xebW\x90-\xc4\x81\x07\x19\xab\xbd\xb8\x8c\x85\x126+\
\xae#\xdba&\x18\x8e+\x0a\x0bId\x9c19\x02\
\xb4\xaeF\xc8B\x86\xe6\x9a\xd3\x7f\xd9z\xf7\xa6\x07^\
\xfd+\xcb}\xb1\xd4%\xb2e1c8'\xccs^\
M\xbe\xd3j=\xbc?\xee\xd0\xdb\xed.\xa5\xfd\xb4\x1f\
\xfdj\x8d\xf6\x8fS\xff\x00\xdeQ\xff\x00\xd6\xaa~\xd0\
j\x84\x7f\xb4\x7f\xd2*\x8d\xafj|\xff\x00I?A\
Pu\xcdO?\xedl>B\xaau\xadH\xff\x00\xfd\
O\xfaUN\xb1\xa8\xf7\xbb\x92\xa0\xea\xfa\x898\x17r\
}j\xa7V\xd4\x09\xff\x00k\x93\xebPu]C\x8f\
\xe9r\xfdj\x0e\xa9\xa8\x7f\xfe\xb9~\xb5\xc3S\xbf\xcf\
\xfb\x5c\xbfZ\xf4?a\xaen.57Y\xa6y?\
\x0c\xe3#=\xc5{&P\xf1\x95nr0E \x8b\
\x11G\x80\x9e\xfd\x0fjg\xef\x10\xc4\x0a\xb4Jw.\
1T\xb0]\xa8dW\x0a\x0b`\xa8\xa9\xba\x8e\x09n\
0\xec<A\xcf\xc6\x8c\xde\x03F\xcaQNz{S\
\x9aTa-\xca\xe3\xadyO\xb5\xb0xy\x8b\xa3n\
\xc8>\xd5\x9d\xa5\xe9v\xc7L\x9a\xea\xec19\xdb\x1e\
\x0fSX7\x08\x04\xcc\x99\x1c\x1cV\xfe\x81\xa6\xda5\
\x83\xdd\xdc\x97i\x01\xfc8\xc7CO\xcd\xf6\x8fd\x8c\
\x9e\x0f \xe3\xad\x17\xec\xee\xac\x7fj\x16v\xc0\x97\xad\
{8\xd9\xb9`3\xe9U!\x99\x81~H\xa9V\x0d\
)Ea\xb9G\x22\xa3n\xee:U.`o\x0c\x92\
\xc0`R\x1aL\x7f\x8d#8\xce\xd3\xc5=\xa8\xc5$\
\xb0\x83\x1c\x865\xee=i\x08t\xe9do\xeb\xc8\xa5\
c7\x90\xde\xc8\xd92\xa88\x0ci\xd8bi\xe2\xf0\
\xb7a\xd8\xe5\xa9\xe6\x81R-\x9b\xf9\x02\x96\xb5\x83\xc4\
\x90\x86'\x02\x8b$\x16\xf8![${\xd2\xf2\xc6\x02\
\x84\x15\x19H\xbc\xa0e\xbdi\x84\x8c\xc7jn\x83y\
\xc0&\xbc\xf4\xbfh'\xde\xc1\x8a\xe4\x1a\x1ak\xd2\xdc\
L\x96\xef'\x91\x8f@+\xd0\xbb\xf8Vi\xb0\x0d\xc6\
\x97\x11\xbc\x87t\x84\xfc+J\xd1v[c\x04|i\
]N\xfcY\x84\xc4k!~1\x9e\x95\xe4\xf5\xb9\x7f\
kj\x11\xdb6!g\x1bG\xa5eI\xf6jO\xbd\
\xcb\x0a\xce\xa4\x22\x82=\xe96\xd0\xa5\x16Is\xe3/\
\x99\xf6\x91\xe9\xce(\xab\xf6u\xfe\xfd\xf7s:\xe0\xc7\
\xb8\x1a\x0f\xecB,e\xb87\x0b\x98\xdc\x82;pq\
G\x93\xec\xfa\x0b\xd8!7+\x89\x14\xb6~\x14!\xa1\
\xc7\xf7{\xc7\xfb\xd2\xee\x81\x88\x1fL\xd5\xdbB\x80K\
g\x8b\xbf,\xfd}zf\xb94;vk\xb47^\
h\x7f/>\xd9\xa8\xfd\x8dk\xe0\xd9K\xf7\x9e' \
\x1f\x98\xab\xa6\x87jn\xae\xa17G1\xa8e\xe7\xd7\
?\xca\x86\xbaE\x9f\xdc\xed'7'\xf1\x1c+\xf3\xea\
qF]\x0e\xcc\xde\xdcA\xf7\x83\xe5@\xcb\xcfL\xe6\
\x80\xbaE\x9f\xdc\xad\xa7\xf1\xcf\x9e@\xaf\xf5\xc52\xaa\
\xfa6\xa4M\x8c\x87\xf2~o\xe1^\xa7\xec\xe5\xdc\xf7\
\x96FI\xd8\xbb\xee\xeb\xc5\x16\xf5\x17\xc7*G\xe6\x19\
R=k\x8d\x91\xb8\xb4\x8f\x12fL\x12);{[\
\xc9\x19\x84@\xf9N\x0e\x0e*\xd3\xd9]\xc4\xa6Y\x14\
\xe0u9\xad]&K#n\x9e!]\xff\x00\xbd\x9a\
4wp\xac\xe5#\x7f.p(\xf7\xd6P]\xa82\
\xc6\xac}H\xac\x8dR\xc5Um\xed#P\x90\xa9\xcb\
b\x93\x97A\xb3\x91\xb7\x04ROz\xb4\x16\xc2)\x04\
\x09\x85E\xac\xbd_LY\xa5F\xb7F\xc9\xfc\xd8\x14\
\xe7\xd9\xfd\x1d\xd6p\xf2\xa1\x01}k\xd7\xa34q\xac\
k\xcf\x1c\x93S\x1e\xe5 \x9eMW\xc3D\x99\xa4T\
\x0a\xed\xd4\xf7\xa2\xa0n\xa0Vv\xad,\xc8@-\x8d\
\xe7\x14\xdd\x82G\x0c8b\x01\xc6I5\x97}\xab\xcb\
\xe3\x18V.\x01\xe3\x8e\xb4\xb3\xeb7P\xe5\x04,\x0b\
\x0c\x0e)\xebK\x82,\x80e!\xdb\xd4S\x10YK\
\x0b\x17YJ\xb9\x195t\x8b\xc3%\x9d\xcb\x13\xd75\
c\xb3\xb9+\xbb\xdf\x19\xab\x18\xd2\x1e\x8b\xc9\xaaxe\
\x8ev\x9c\xd5D\x0b\xbfs\x8c\x9fJ)A\xb0\xafo\
J\xc4\x97F\xf1dr\x15@'\xd2\x87k\xf6yc\
\xb9\x12\x86\xf3)\xcfJ\xda\x11`\x8c\x90H\xef\x5cY\
W\xa1\x04\xd3q\x02-\x81r\x06{\xd6\x1f\xda6F\
h\xb6~&\xde\xb8\xe3\x15\xe6\xaf\xa3g\xbb\x86h\xb3\
\xb9\x1b\xb7j\x04\xb3\xc8\xba\xb4\xa1I#\xc2\xe4\xe7\xbd\
f\xbc\xf2\x8d\x17i\x07\x22^?\xbdM5\xcb~\xdc\
\x84\xed\xe3\xc0 \xfe\x94\x8bN\xe7F\xbf\x04g2\xb6\
)\x89e\x94\xea:w\x07\x849\xfaP\x12yD:\
\xab\x01\xc1c\xfe\x15&I\xf6\xe9+\x83\x95 \xf4\xf6\
\xa2\xa4\xf2\xfd\xebT\x93\x07\x1bB\xf4\xf6\xa0\xee\x9f\xee\
:TX?\x9c\x1e\x9f:*\xcb7\xed=F\x5c\x1c\
,A\x7f\xc6\x95_\x1f\xf6^\x9d\x16\x0f\x9eP\xdf\xae\
i\xb0\xf3\xfe\xd4\xbd\x9b\x9f$Ah\x11x\xe3K\xb1\
\x80\xe7\xf1%\x0d\xfa\xe6\xb4u\x09\x12El1Y\x13\
\xa9\xc7Z\xf4\x1fg\xed\x9a\xd6\xcd\x09\x8c\xbe\xe1\x9c\xd3\
\xd7^uW\xc3)C\x91S\x1d\xb9\xf1?\x02\xe1\x80\
`[\xda\xad\xa7\xee\x11\xba\xab\x10\xc4\xf0s\xd6\xadw\
\x15\xdc\xb6\xe7\x01\xf9\x1d=k>\xd2\xc4\xbc\xc1$\x90\
/\xa8\x1dEk\x8b8l\xed\x9et>!\x03\x954\
H\xf5\x01\xf76\x91\x86\xd2:\x02k.\xe3W\x0d\xcb\
D\xa6\x97\xfd\xa4\xa5\x88\x08\x05Dw\xd1\x97\xfe\xac\x16\
\xafLb\x8f\xcb\x88\xc0\xc0\xe4\xe3\xad]T\x0e\x80\x0a\
\xb2\x81\x82\xc7\xa5J6\xee\x02\xf1\xd75\x12\x8c0$\
\xe4\x9ejD\x8c\x13\xc8\xb94\xb5\xe4i!W\x99y\
^\x84\xd0\x1eT\xc7\x199\xa3\xd9\xacR:m\x84\xa9\
\x19\xc9+\xd6\xb8\xacQ\xcew*\xb69\x1ct\xa9\x9e\
46\xa8[\x00o\x04Q\x898\x19<\x1e\x94'\x04\
\xf7\xa8\xb9\xb7\x8a\xe1\x91\x99NPz\xd1q\x903\xce\
*\xdb\xb0A\x1c\x11P\xbbprq\xc7ZV\xc9f\
\x85\x9c\xcb/\x89\xbb\xb52\x8e\xa3\xaf#\x14\xad\xb2\x9b\
y\x9eO\x15\xa4-\xd8\xd5\x9b/\xd4\xe3\xd8T,x\
9\x00\xe6\x8a\xdb\xd9v\xb6v\x8aGR\xb7\x1e\x18e\
\xc0\xf5\xa5\xf4\x8d6\x1b\x99\xd9\xa5\x19T\xfd\xd1\xc6i\
;\x8b+d\xd4\xae3\x09\xc1B\x13\x1d\x8ddOj\
\xa7K* %\x96BO\xb8\xcd]\xad\xc7\xed\x88\xdc\
[\xb1S\x11\x03\xd8\xd2\xc6\xc6F\xd2\xae\xe2\x10a\x8c\
\x84\xe7\xb7<\xd3F\xd2F\xbf\xb3\x94[\x1cl#o\
\xc4PSO\x98\xc1\xa8C\xe0\xf3#\x92\x0f\xc4Q\x1a\
\xd2o\x17O\x93\xee\xc3\x0a0F=Ep\xd3\xe6\xce\
\xa0\xbe\x0f\x12s\x9ct\xe3\x1f\xc2\xa0X\xdc\x98t\xe9\
\x04\x18\xd8@\xc6:\xf1\x8a\xbczu\xc9\x9bPO\x04\
bE\x07>\x9cb\x84ln\x16\xd7Oc\x08\xccL\
\x07N\xbd\xa8\xcb\xa7Nf\xbf_\x08bE\x07=\xc7\
\x18\xa1\x9b\x1b\x8f\xba\xe9\xd2x#1\xb0^\x07^\xd4\
\xf6\xa1\xa6$\xd1\x90\x14,\x99\x1c\xd6\xbd\x94R\x22G\
\x16\xf3\xc8\xeb\xd8T\xa9B\xd2\x07}\xcc:\x0e\xc6\xa9\
v\x96\xe8T\xc7)\x19\x19e\x07\xbd\x02)?\x14:\
\x91\xc7AG\xbcK\xa5\x91\x7f\xa5\xbe\xc7\x03\x8fJ\xcc\
\x8f\xef\x0bv\xc1\xe4$\xe7\x00\x9e\xe2\x98\x95.6\x9c\
J\xe5Gl\xd6~\xa5\x0c\xd3.\xd8\xe4}\xbe\xcd\x8a\
\xc9\x93L\xbfI2\x93H1\xd8\xb5+se\xa8+\
\x97y\x9cz\xe0\xd7Z[^\xb3\x1f\xe9R\xee\xc7\x94\
z\xd7\xd5\xa3\xfc@q\x83\x8a\x8c\x10v\x9e\xb53\xed\
\x8e\x1e[\x07\xd2\xa2\x17E\xe5\xb3\xf2\xa5\xee\xafa\x0e\
\xaa\xaarN\x094\xdc{\xc4ch\xeb\xcfJ\xcb\xd6\
\xef>\xee\xc8\xaf\xc8\x1c\x90j\x9aV$\x8fy\x1f\x0a\
z\xfe\xe9\xad\xec\xf7\xc0\x85\x8a\xf5\x00V+jR6\
[\xeer\x16\xff\x00\x84\xf3@\x97U\xbb\x9ah\xe0h\
\x1a4S\x9c\x11\x8a\xde\xb6\xb8Fa\xbdH\x00Qw\
\xe6=\x80g'9\xc5r\xb3.\x09\x04\x8c\xf7\xab\xef\
 6\xd1\xc3u\xaa\x85\xf2\x86\xceNzg\xb5D\x9b\
7\xe12EpF\xdaN\xd1\xc7^zU2}\x05\
wS\xce)ie\x91\xaeV\xda\x02\x031\xebF\x9e\
\xc2h\xe0i\x05\xd3\x97Q\x9fj\xae\x95r\xf7\x11\x90\
\xfc\x91\xdf\xd6\x99\x9254\x19e6\xd0\xbbE\x18\x0f\
\x8e\x9e\xb5\x8c\x977\x0br\xd2\xbcCiR\x0ei&\
\xbb\x9c\xdb\xbc\x1b\x17k9 \xe3\x91Fk\x9b\xaf\xbc\
\xc18\x03p\x5c\x1e*\xa6[\xaf\x06x\xcf\xe4v\xc8\
\x18\xefF\xf1.\xf7[\xb6N\xf4\xc0\x1e\xbe\x94\xb5\xdc\
\xb7\x90O&\x0f\x96^\xa0\x8a\xb6\xcdBKXYw\
e\x0f\x90\xd4\xd9\x9b\xc9.%W's/\x98b\x8a\
\x96\xd7\x8fo\xb01\x1e\x19\xf2\x9c\xf4\xe6\xad\x0d\xbd\xea\
\xc8\xf24\x84\xb3\x0c6;\xd2\xd2\xdb_l\x0aX\xed\
\xdd\x95\x1e\x95y\xad\xb5!(\x91I\xc9L0\xf5\xa0\
\xd9,\xe6E\x8agq\x18l\xe2\xb7\xb6\xdb\xc8F\x1b\
\x9fJ<\xd00]\xb8\xdbC[\x15m\xb9\xdd\x82<\
\xec?v\x94\x92\xc0\x16;d$|+\x92\xc8\xa1\xe1\
\x9b\xe9D\xbc\x8aI\x10\x10p\xcb\xd0\xe2\xb2\xe6\xf1\xb7\
\xe1\x97\x07\xae@\xf4\xa7\x11\xf7\xa2\xbf\xad*\xe8\x04\xa5\
r=\xab\xa5RWq\xc6q\x83I^\xc6LE\x87\
\x07\x1c\xfc)\x08\x1d\xe0\x9d]q\x959\x15\xb5\xa3\xeb\
{\xf5\x86}\xc4E'\x00{v\xafS\x19vm\xea\
3Cx\xce\xff\x009$\xf5\xe6\xab5\xcd\x8c@\x89\
%`G\x5c\x03Y^$WZ\x82\xad\xb9-\x189\
\xc9\xeb\xc5N\xa1\x7f\xa9C3\xa9p\xb1\x8e\x84\x0e\xd5\
\xe7\xef\xaf'\xba\x98\xc7#\x16rG>\xd5\xebt\xa8\
<+H\xd1\x8e\x0e\xdc\x9ary\xe0\x8e\x10\x9e\x22g\
\xbeM\x02\xde\xe2\xdf\xc4\xcbK\x1e>4\xbc1\xda\xde\
\xddK;d\xe3\xd3\xd2\x83#\xba9U#\x1d\xb8\xa6\
\xeceb\xd9'$SR\xa0\x8e5Bx'8\xaa\
 \x1b\xd52y\xab?\x86%h\xf3\xca\xd0\xcb\x15l\
\x8e\xd5V\x91\x88l\x007rq\xde\x87\x8fZ\xba\x03\
\xd2\x85qhZA,n\x11\xc7|\xd7:^N\x9e\
\x1c\xd7#g|w\xa6\xac\xe2\x82\xddB\x83\xf14\x0f\
\x0e\xef\xef\xc6S0\xf0\x83p;b\x8d>$'n\
@\xa5\x1a\xdc7\xee\x92*\xa2\xc9{B>\x94\xf3Y\
\xc0\xb6\xeaL`\xb695\xd0[\xc0\x5c~\x18\xe0R\
\x97\xbe\x0c\x121\xc0P9\xf7\xac\xf9D\x97\xb9`\xa1\
c\x8cd\xb1\xf4\xa3\xdc\xb4\x91Y\xc0\xee\x03(;\xa3\
e4->v}D\xcb&\x06\xf0A\xad\xc9Q\x02\
\x82\xa0\x00j#\xc6\xec\x10)R\xe9\x1c\xa6\x03\xf9C\
\x16\x03\xe3We-,r\x86\xc1Bq\xfe\xbb\xd5]\
\x06\xe2Y\xc7?\xee\xd1\x16\xca'E\x9dX\x0cr~\
T\x1b\xbdR\xd0\xcc\x13\xc4\x1b\x87Z\xaaj\xd6\x91+\
\x07\x93\x86\x14\xad\xbc\x85\x97trm\x0cI\x1b\xba\x11\
F\xcc\xb9\xfe\xb6?\xad\x16\x05\x92S\xb3\xc4@}E\
\x1a[\x10\x8a\xbb\x88l\xf1\x9cV%\xcc\x91i\xc8\xe2\
\xe6UD\x0d\xc1&\xb3\xae5\x9d4\xe1\x92\xe9\x0b\x03\
\x83Pu{#\x1f\x0c\xden\xf8\xebA}gN+\
\xb1\xe7\x19\x03\x14\xa9\x95$\xc3.\x0a\x91\x95#\xb8\xa7\
\xbe\xccir\x0b\xb0\xd2gj\xf2x\xeb^\xd1dh\
\xe3\x0a\x99,O'\xd3\xda\xaa\xac\xfc\xeel\x9a\xe9\x92\
\x09\xa3U\x92=\xc4u\xf7\xa0Ak\x0c\x13\xbc\x91\xae\
\x0b\xf6\xf4\xa2\xdd/\x89k\xb3b\x9ey&\xb0\xe1\xd2\
\x99\xaf\x85\xc3\xed\xc7`;\x0a\xdeR\xf1\x8c\xe3nF\
\x01\xc5a\xdc\xe9W\x12\xdc3\xc0I\x8c\xf3\x8c\xff\x00\
\x85%\x1e\x9b;\x96\x02I099 `V\x9d\x95\
\xa4\xf6[aE,d\x19\x04>r)\x8b\x851\xdb\
\x99\x80\x8d\xc2\xb6\xd6\xc1\xce\x0d\x17K\x9e\x11m+\xc9\
\xb5\x5c\x9e\x14u4\x86\xa3\xf6\x82\x03&\xdf\x0d\x90\xaf\
\x184\xbc_h\x11\x1c8\x8d\x9c\x8e\x83\x06\x9d\xd3/\
g\xbb\x92K\x87\x8c\xa2\xb6@\xa7s\xc5A\xa9Q\x93\
\xd0\xd1\x06\x14t\xa8'=H\xa1\xdeN\xd6\xf2$q\
\xc3\xbc\xb0\xc9c\xd2\x99\xca\x14F\x0aAa\x92\xb8\xe4\
W1'\x83\xc0\xf4\xeek\x8a1\x89\x88\x0a\x5c\x0f*\
\x93\x81\x9a\xb2\xe0\xaa\xf03\x81\xb8\x03\x90\x0fz\xb8T\
x\xdbq\xdaG\xbdyMg^\x9a\x0b\xdf\x09&\x02\
1\xc6)G\xfbK*\xaeVe\x07\xd4\x11Mh\xd7\
\xeb\x7fp&\x96`\xe4\x1c6O\x18\xad;_\x0d\xe4\
\x93\xc0\x94\xc5\x8c\xf2z\x11V\x9ai\x1e\x152\x84\x9a\
\x03\xe5V\x8f\xa51m-\x8f\xdcAx\xf0W8\xe3\
&\xbc\xe6\xa7\xae:\xea\x05Vr\x91(\xc0\x04\xd2\xf3\
}\xa0\xc2\x1c]\x02}\x9a\xb4t\x0b\xa9&\x8b\xc6|\
\x9d\xd9\xe5\xf3\xcdl\xe5\xe4\x80\xa0\xc4D\xf4d<\x8f\
\xad\x1fy\xc0\x1b3\xc6>>\xf4+\x93\x13F\xd1<\
\x9bA\xec\x0fJ\xf3\xb3\xe8q\xc9!u\xbc*O\xa6\
j\xab\xf6x\x17R\xf7\xb2:\x83\xc8\x00\xd6\xf5\xbd\xbc\
0\x9f\xc8B\x8f\xcb\xec)\xb1\xe1\x15\xde\x02\x91\x8fJ\
\xaaL7\x86LaO?\x0a\xd0\xdc\xae\x9bX\x8fc\
_6\xff\x00\xf2-\xc2\xbc\xed\x10\x93\xf2?A\xdf\x8a\
\xf1,\xe1Nrh\xc7S\x95@N\xa1x\x034\xce\
\x85g\xfbcST;\x9607H\xc3\xb0\xafgx\
\xb6\x163\x08>\xee\x00\x0a6\xf1\xda\xbd\x97\x86\xa8H\
A\xc0\xe9\x81W\xc6\x01\x040 \x03\x92\xbc\x1fj\xa6\
O\xadq9\xeaj\x08\xef\xf5\xab3y]w\x02\x85\
p\xaa\x07 \xf7$\xd5Q\x84d\x1d\xa1\xb2p\x05T\
\x90\x91\x84\xc1\xc0\xe4.rik\x89\xe7\xf1\x03,(\
\xac\x17n\xe1\xd4\x0aZ\x19d\x88\xb8\xfc2\x1ca\xb7\
r(\xfe4\xc9*\x98\xc6\xe7#\x1b\x88\xc0\x03\xd8Q\
n\x22yL\x96\xf2H\xa1\xc2\xef\xda\x06\x05/e\x06\
!y\x9b;\x13\xae\x06O\xd2\x8b%\xac\x06U\xfc$\
b\xe06J\xf3\xf3\xa2\x0bX\x12G\x8f\xc1\xdaQs\
\xb8\xa7\x94\xfb\x03WH\xf1\x0b\xb2F[oD^\xa6\
\xbaE\x0aF22\x01 \xf6>\x95\x00z\x9a\x92\xc0\
t\xa1\xdc\xcd\x1d\xbe\xd13\x10\xcf\xc8U\x19$z\xd1\
\x80\x064\x91\x0e\xe5~\x9d\xb1R\xd2\x15t\x8d\x99U\
\x9c\xe1AnO\xc2\xa7,\x09\xe8\x0fz\x86\x04\x84\xf0\
d\xdawe\xc9M\xd9\x1e\x95v}\xc4\x84\xe3\x9f\xa5\
T2\xac\xbe\x06\xf5\xf1\x02\xe4\xaey\xc5Y\x8a\x80Y\
\x88\x01T\x92Oa^cY\xd2N\xa3(\xb9\xb7T\
\x92&\x1c\x1e\x9d:\xd6Q\xfb:\xa1w<`s\xd0\
V\xae\x99g\x05\xa5\xb1\x8bf\x0e\x7f\xd7jz\xcf\x11\
\x86\xf00\xde\xa39?\xe1DG2\x85\x88\x00\xa8\x09\
!@\x00f\x8d\x12\xb2;[\x0d\x8c\xea\x9b\x8ag\x9c\
V-\xce\x8b-\xcc\xac\xc7f\x18\xe4f\x97\x97\xec\xc3\
\x22\xb3\xb2\x86\x0a\xb9!\x06O\xca\xb7lm#\x8e\xce\
\x0c+\x05\xd80\x18`\x8f\x88\xa6\xa5\x1bm\xcc\x90\xa9\
w\x07\x01\x0b\xed\xcd\x160\x16M\xb9$\x11\xde\xa1\x82\
,Dm*v\x90\x19FH>\xb5HP\x18\x13\xc4\
\xdc\xcc\xa3\x0c\xc4`\xb7\xc8U\xdc\xacI\xbbkc\xd3\
\x14\xaf\xe2J\xcc\x5c6\x18`\xa8\xe9\x8fJj\xda1\
\x14J\x88\xa1Uz(\x1c\x0a\x1b\xcc\xaa\xe65\x8b\x7f\
s\xb6\xb3\xaeg\x93{\x0d\xf2\x84#\x1bz\xe2\xbc\xb6\
\xb3\xa6%\xe1;\x9d\xd5\xb3\x9c\xf3^z\xe7\xec\xf3\xf4\
I\xdb\xe6\xb4\xa4\x9a\x04\xeay\x95\x8ey\xe0\x1a\xdf\xfb\
5\xa5\xcdi\x13\xba\x5cK\x1b1\xc1\xda\xbd~\xb5\xad\
=\xa4\xb3\x90\xd3\x5cJ\xe4q\x92\xa3\xf9\xd7\xb3\x17\xaa\
\xb1\xcf1\x7f*\x80\x8b\xee{\x9a\xb4R\xac\xb0#\x87\
'<\x00}*\xf5*\xac\xdd\x015\xdc\x83\x83\x90E\
W\x8c\x8cw\x19\xa9\xe3~{(\xaa\xe0\x8c\x81\xd7\xb9\
\xa0]\xb2\xc2\xa1\x9d\x19\x89\xf6\xe3\xe6i$/+e\
B\xe7\xaf\x02\xa1\xado\x1aM\xde\x1c\xacO;\xb1F\
\x95\xe7D\xdbu#\xa8\x1f\xbb\x9eM\x16\xd0\xdd\xc8\xa3\
\xc1\x89\xd11\xc68\x18\xfe4\xcc\x90\xca\x98/\xf5\xcf\
5P\x18\x90\xab\x96'\xa74\xc2A(\x19`\x17\x8f\
Z\x02\xe0\xb1\x03\x07\x07\x1cTI\xb8`c\xad@\xc8\
<\x0c\xb5L\xab\x1c\xa5ZX\xd5\x99F\x01\xce8\xab\
\x03\xd0(\x18\x1d\x14v\xa2\xee\xc2\xab>\xc2W\xf2\x9d\
\xbc\x8f\x85T\xf3\xcb\xf0=;\x9a\xab\xbfQ\xc0\x03\xb7\
\xa7\xc6\xb9\x15\x99s\xb0\x1fv8\xa1\xbc\x8b\x1c\xd9`\
\x9e)\x18$r\xd8\xf8\xe35o\x1d\xfb!\xfe\xe9\xfe\
T7v>\x5c\x10\x00\xe9\x8c\x01\xfc\xa9F\x91\xa58\
\x84d\x0e\xaf\x8f\xd0W4l\xa4\xe5\xdb\xa7\xadE\xba\
\x89VRxh\xc7\x0c:\x9a\xbd\x9b\x19\x11\xa48\xdf\
\x18\xea;\xff\x00\xacSQJ\xd2\xee%\xb0A\xdb\x9c\
\x0c\xe3\x1d*\xc7 \xf1\xebU\x95\x1c\x95\xda\xe4q\xce\
\x0e*\x0a\xba\x8f\xcc\x09\xf8\xd4K\x11i7d\x1f\x8f\
j\xe8\xb7\x09\x82\xb1\xe7\xb79\xa2~&\xf6BFw\
p(\xab\xc1\x0e\x1b\xe5\x8eh1A\x1cm#\x06f\
\x12>\xf3\xc98>\xde\x94r\xc89\xcf\x1e\xb8\xe2\x87\
p\xcf\xb4\x08\xf07\x1cn=\x05\x06hf\x10l\xb7\
\xdd\x93\xf9\x9c\x8f\xd7\xde\xb0\xaf\xa21\xae\xce\xaf\xfa\xd2\
~\x03\xb1\x08\x01f<c\x14\x0b\xab9c\x18te\
\xf7\xa5R\x07\x0c\xcaGP9\xeb\x9a\xdc\xb0\xd2\xec\x96\
\xc9e\xb8\x12\x96~\x06\xd6\x18\xa0\xea0Y@\x80G\
\xe2\x06'\x03'\x22\x9em\x12\xf5\xd8\xc7-\xe2\xf9q\
\xb8\x01[pD\xb0\xc6\xb1\xa8>Q\x80(\xb9\xc0\xfc\
\xa2\x96\xbc\xb6\x9a[\xb0\xebp\xab\x08\xc6\x14\x1eG\xca\
\x99\x91\x89\xef\xc9\x18\x1e\xb5U\xeaOn\x9f!\x5c\xa7\
\xc9\xb8\xf79?\xe3Rf\x924\x0a\xacA\xeaqY\
Z\xd5\xec\x9fuM\xccN\xf7 \x0c\xf6\xa74\x85\x11\
\xc3\xe2\xf0\x08\x1dh\x8b}38\x1b\x8e:\xf4\x1d+\
\x0a\xe2\xe9\xa7|\xe39b\xb9=\xf9\xad\xe9&\x92\x1d\
\x91G\x9c*\x81\xdf\xad-,\xcc\xd7\x11\x02rI?\
Jf#\x89K\xf6T&\x81$\xbbS\x0f\x22\xf6\x1d\
\xb3\x9f\xadM\x9bd1\xed\xbc\xe2\x9ae\x0d\xdf\x1d\xbf\
J\x13#{\x1a\x18\x90\x13\xc6\xe3\xf0S\xfc\xa8\xd6\xf1\
\xbc\xa4\x80H\xc0\xcf9\xfeu@\xe0\x1c\x80I\xf8\x13\
\xfcj\xf1\x1f\x15\x9f$\x8d\x83,Oa\xedP\x90\x86\
`\xecI\x03\x90\xa3\xa0\xff\x00:;\x9cF\xd8\xe3\x0a\
\x7f\xc2\x961\x9c\xc5\xe0\xca\xd1\x85m\xd2yC\x19>\
$\xd7\x5c\xcd&\xe2QUw\x1c*\x85\xc95\x9fp\
n_\x0b2\xed\x8c\xff\x00dpO\xbd=f#X\
p\x14\x81]\xaa^G\x13\xf8pC\x17\x1c\x16+\x9a\
\xf3\x87\xed-\xa5\xa4\xaf\x0a\x1d\xc5\xff\x006\xd8\xb2)\
\xfb;\xf601\x84\xa8I99N\x7fZ\x22\xdd\xce\
\x91\xb2+\x0d\xaer\xdeQ\xcd@\xbc\xb8\xf0\x8ca\xfc\
\xa4\xe4\x8d\xa3\xads^\x5c2\x042\x1d\xa0\xe4p*\
\x1e\xea\xe1\xd0#JH^\x83\x15\xd2]\xdc\xb9\x05\xa5\
c\x8e\x95W\xbb\xb8g\x0e\xd31a\xd0\xfaT\x1b\x9b\
\x8f\x13\xc4\xf1\x9f\x7f\xaey\xa8\x177\x01\x8b\x09\xe4\x04\
\xf5;\x8d@\xb8\x9cg\x13H3\xd7\x0cy\xaa\x19\xa6\
\xdaW\xc5}\xa7\xa8\xdcj\xa6Yv\xed2\xbe=7\
\x1a\x83,\xb8\xc7\x8a\xf8\xff\x00\x88\xd5I'\xb9?:\
\x9bi\x9a\xda\xedfQ\xbb\x83\xc1\xefF\xd4/\xa2\x9e\
\xdc\xc6\x90\x90\xc7\x1c\x9e\xd5\x9b\xe1\x96\xd8\xaa\x09bx\
\x15\xb3o\x1a\xbd\xab\xd9\x02\x19\xc2\xee\x07\xb6\xe1\xda\x93\
\xbf\xd3\xafg\x8dVM\x8b 9$\xc8p>X\xad\
M7Q[\x9b\x99\x5c\x05|\x12~}\x85hD\x09\
;A\xcf\x1e\xb8\xc9\xf8\xd4\xa1;\x14\xc8\xaa\xaf\xce\xe5\
V\xdc>\xb5\x19\x19 U[\xc4!\x8c2$o\xb8\
\x0c\xb0\xcf\x1d\xfeuvh\x9eV\x8b\xc4\x0b#\xa9`\
\x9e\xd5I\x08\x03\x9c\xe3\x80q\xd7\xd4\xfe\x82\x91\x9e\xf3\
M$\x99\x1a\xef\x0d\xee\x00\xac\xf9Z+\xeb\xe8\xa2\xb6\
'\xc1\x8c\x1e\x0f$|kY\xa4\xb7\xb6\xb7\x10\xcc\xf3\
\xaey\x060:|Mg\xdej:|H\xcd\x1c\xb7\
-&\x08\x1e!\x18\xa4t\xc0d\x95\x09Rc\x8f\x05\
\xbdMi\xdejzr\x1f\x12{y\xc6\xe3\xce\xe9\x08\
\xc5\x0a\xc2\xe6\x1b\x8b\xb2-\xe31\xa4JT\xa9l\xf5\
\xef\x9am\xafB;\x22\xdb\x89\xf20A\xec?\x8dg\
\xcd\xae\xc3\x1bK\x1a\xe9\xd0,\x91\x8d\xc31\xfaV\x86\
\x92\xfe%\x9cr\x00@q\xb8g\xde\x9ff\xc0'\xe2\
\x7f\x85qnO\xcf\xf4\x15D\x01\xa4Q\xd8\x9cT\xde\
\xdf[i\xac\xea\xf9\xcb\x8f(\x1c\xd7\x9e:\xbb\x02B\
\x8c\x0f\xf8\x7f\xce\x98\xb3\xd5\xe1[{\xa5\x97py@\
U\xe3\xe5\x8a~\xd2\xe1\x05\x90|\x0f+\x80\x18\x9f\x8d\
2e/\x1bt\xc6\xc3\xdf\xda\xa0O\x10\x8f\xcd\x22\x86\
\xc6pM[\xcd\xc3\x81\xdb\xa1\xf7\x14\x9a\xc2\xb6\xd1\x18\
\x22\x1b#,X\x8c\x93\xcf\xce\x99[yZ\xdb\xc4\x0e\
\x8a;d\xd6U\xf4e\x91\xa3-\xf9\x81\x19\xac{-\
\x22\x10\xe3\xc6\x90)\xcf\x1e\x5c\xd6\xd4\xa6$\xb6\x8e\xde\
\x22X\xa1$\x9cz\xd0MGC\x5cj+\x8dv;\
T\x95;\xb0q\xf1\xcf\x15F\x18\xeb\xd6\xa0\xd5MA\
\xa8\xae\xaaI\x8070$\x0ex\xebW\x8a\xd6\xe6e\
\x0d\x1f \x8c\x8c\x91\xd2\xabm\xbe\x1b\xc2\x92y\x5c\x82\
\x99\xf4\xc8\xe0\x8a\x15\x9d\xc3\xda\xceH8a\x9f\xad?\
%\xab-\xc7\x8b\xe3x\x91\x15\x05p1\x91Z\xba}\
\x8c\x16*c\xb7R\xa0\xf2r?\x9d1\x9c\xf0\x9c\xfa\
\xb5\x06\xee\xea;H\xd7r\xb3\x13\xf9U{\xd1\xa1u\
\x96\x15\x95AR\xc4\xe5Oj\x93\x80x\xeejA\xc9\
\xce\x178\xc6q\xce=3CV\xcbg\xdb?_\xf2\
\xc5\x07R\x82\xcax\xc0x\x9b\x19\x00\x009cB\xd3\
l!\xb5\x91\xa4\x19\x0c\xe4\x92\x0faD\xfb\xd4f\x12\
\xd3Bd\xdc8\x03\xf7Eb_\xc1i:\xed\x8e\x19\
\x10\xef\x0cI9\xe9Mi\xc1!\x8d\x8e\xd3\x9e\xbf\x1a\
cR\x92\xdexPOj\xbb\xb8\x01\x0b`\x91\xeaj\
\x96qD\x8d,\xa86o\xc1nxP\x06\x05^\xd1\
\x96\xdaf\x95f\x81\xce\x08\x03$\xd5%d\x9d\xdf\x16\
\x8a\x15\xc6\x0b\x959#\xbd7\x03G\x0a\xaa\x0c*\xae\
\x09\xf4P(\x8a\xe1\x94s\xd4/\xeaj%\x93j3\
g\xf7X\xfd[\x15.\xd3%\x98\x96!\xe7<\xe4\x8f\
\xca=k\x16\xf7O\xfb\xd0/<\x999\xc9cH\xbf\
\xd9\xdf\xc3c\xb9\xc2\x8eNA\xfe|Wi\xfa$\x1f\
|\x8bq,\x03\x03ZV6\x0a0\xc5\xd8\x0ct\xcd\
>\xbb!\x89\x9c\xb1\x08\x14\xaeI\xeaq\xd0W \x83\
g\x8a\xcd\x84_\xde'\x8c\xd3\xfas\xda\xcdleo\
8\xdd\x8f0\xe9\xf2\xaa\x5c\xcb\xa5\x0e7(o\xf7F\
~\xb4\xab\x0b\x1f\x09d\xbb\xb8o\x15\x86V59\xda\
:\x8e;qJ\xdc\x85\xc2\xed$\x8e\xd9\xa0c\xd6\xba\
\xbb\xa5A\xe2\xbb\xbdA\xa85\xd5o1<rH\xc9\
\xe2\xab/\xe6\xces\x9a\x85#\x90{\xd4\xb7pA\xc6\
8\xa1Tf\xbb5S\xefD\x8a\xe6\xf5A\xfc\x12\xd1\
\x8e\xe8F~\x94\xbe\xa4\xee\xd2\xac\xa6\x19\xa2\xc8\xc6]\
q\x9a\x0d\xe6\x0c\x8b0\xe9 \xc9\xf8\xf7\xa6t\xd9\x0e\
Z<\x9c0\xe3\x9e\xf5\xeaH\x92V;\xf9\xcf\x18\x1d\
\xeb\x97\x18%J\x90\x0e\x09\x04\x1c\x1fJ\xb4\xb0\xa4\xaa\
\x9e$h\xdb?)9\xcdU\xf0\x8c\x17 \x9cs\xed\
T<\xca\x07\xf6G\xea\x7f\xd7\xebV\x93\xf2m\xeex\
\xfa\xd0\xe3`rG;\x9b\x8cw\xec?J\xe5\x92\xde\
\xe3q\x86B\xc6\x17\xda\xdc`g\xfd\x0a\x99VF\xb6\
\x95\xa3R|\xa4\x0aI\x15E\xb3\xb1b\x15\x14\xbb\xb0\
\x19\xe2\xabr\x96\xc2\xda+\x88\xc4\xa7\xc4\x1f\x95\xbc\xb8\
\x1fJ\x1a\xac\xf1\xa7\x89\x15\xa4\x80\x91\xc30\xce>\x1c\
P\x84A\x7f\x1a\xe9\x9b\xcd\xc8_\xdeo\xf5\xebL\xc6\
\xbb\xfe\xec\xd2[\xcb$r9\x01#\x18T\x1e\xa4\xf7\
53d\xde<6\x8ca\x89\x01b\xca;\x01\x92}\
\xea\xc2x\x9bM[\x95{\x97b\xdb@f+\x9cw\
\xe2\x97\x97-n\x93L\x93\x18\xcb\xedX\xe2\x1f\xa95\
\xa2TG U9P\xe0\x0f\x82\xad-;\x81l\xc5\
\x86\x7f\x0e<\x8f\x89\xcdQf\x88\x5cMp\x86fi\
F\x0a?\xe5A\xedE\xfb\xc4p*\xcb\x22\x00:\xaa\
c\x96\xfeT\xa4W\x16\xe9=\xc4\xd1F\xe1\xe7>|\
\xbeF3\x9a=\xac\xa0\xb8e@\xa8\x83$\xe3\x81D\
\xfb\xc2\xc1\x0a\x99\x10o#+\x18\xea~4'a\xc4\
\xf7\x80\x92\x7f$c\xa9\xf8\x0e\xc2\xa9q\xe7\x0a\xf7\x8d\
\xe1\x8f\xdc\x89\x06H\x1e\xb8\xedW\xb3]8\xc6\xfe$\
\xf3\xa6\x0fN\x99\xae\x96\xe7O\x8d@\x8bO\x92q\x9e\
]\x97\xf9u\xa2Eqm\x12\x11\xf7\x07\xb8\xb9a\xba\
O\xc3\xc8L\xf6\xf6\xf4\xa0\xdd6\xf4\x0d\xb3g==\
)l\x9e\x95\xd5\xd9\xae#\x1dMA\xc7\x18\xa8\xa8\xae\
5h\x81o\x5c{\x1a\xa3\x8e\xf9\xcdB\xb6\xd6\xc8\x1d\
*\xc3\x83\xbf\x04\xad\x0c\xd5j;\xd7\x1a\x1e\xc6i2\
.\x9a\x0f\x96s\xf2\xa3\xcd\x0d\xec\xb6l\x1a\xe2\x09\x11\
y\xc69?\xc2\x91L\xc9h\xe8G\x9a3\xb8|:\
\x1f\xe1Z\x1ff\xdb\xfaK)\x00\x12\xa4) rk\
\xd3D$,\x0e\xec\x1fA\xd3\xfc\xe8f\x18m`r\
\x91\xaa\x82s\xb5{\x93I\xdd\xdc\xacN\xab24\xb2\
7;G\x01E2\x15|40\xf9\x03\x8c\x93\x8eG\
\xb5VG\x86\xddCH\xca\x89\xb8\x0c\x9fSE\x95q\
6\x10\x86\x087\x13U]\xc1CF\xbc\x0e\x9c\xe3\x9f\
J\x9f3DHR\xaf\x9c\x95#\x1f\x1f\x9d\x0a42\
\xddG0\x92A\xb2=\xbe\x19\xc6\xdc\xf75i\xa3+\
 \xf0\xe5(q\x8c\xade\xbc\xef\xf7\xbeI\x94#\xf7\
\xfd\xecSPI\xb2K\x99\xa12'\x8cr\xef+d\
/\xb0\x14\x03l\x19\xcbH\xf2\x96<\x9d\xc0\x03\xfa\x9a\
:\x00\xa9\xb3{\xed\xf4%?\x9dLf8\xceVF\
\x07\xfe5\xfeui^9\x0f\x9d\xf7\x7f\xcc\x15(\xea\
\x8aU\x18c\xff\x00\x93\xfc\xa8R9\x18$\x91\x9e\x17\
h\xe7\xe0\xa3\xf8\xd4L\x82KY\xf14~\x22m\xdc\
\x8arT\x00p3\xebJ\xe9\xccM\xca\x03\xd3\x93\x8f\
\x95M\x8cb\xe6\xe7\xc4\xbabc\x1c\xbb\x13\xfaQ\xd5\
O\x85:\xce\xd6\xcf\x93\xf8^\x10\x03h\xf8\xe2\xa5\xd9\
\x92\xdf(\x01*\x89\xb0v\xc9\xef\x8e\xe6\x84\xa0\xc0\xfe\
o\xc7\xban\x8b\xd7i\xf7\xa8w0\xc8Y\x8f\x8fv\
~a?\xce\xa1\xd5`\xcb\xdc\x934\xed\xce\xcc\xf4\xf7\
&\x98\xb0\xb8\x83k\x0f\xb8,\x8f\xd8\x00X\x0a`\xc9\
\xaa\xc8\xa0\xdbZ\xc7\x0ag\xa7O\xf1\x150K\xa8\x08\
Z\x0b;x\xf7\x03\x99df\xe01\xe4\x81\xebJ]\
\x09\x84g\xc7\xfc\xfd\xf1Jg\xda\xa35\x19\xab\x1e\x00\
&\xa0\x91\x8e\x05V\xa7\x07\xd0\xfd*\xa6\xa6<s\xc6\
Oj\xed\xbc\x12F\xdct\xe6\x86M\x13y\x08<\x80\
g\xa5\x0eL\xe78\x03=1P9\xaaTd\xd5$\
\x11\x90<U\xdc\x83\x92*m\xdbJ\x91\x98\x06\x9a\x10\
\x060\x1c\x81\xfa\xd0a1\xc5}\xb1_|d\xed\xcf\
\xa8<T\xdb3[^\xe38(\xd8\xaf]\x15\xe4\x11\
\x80\x929\x12\x1eH \xd3\x12(\x91F;r){\
\x94\x8d\xee\x16G\x8dD\x81q\xd7\xf8U\xd5{\x9ej\
\xec\x80\xaf\x98\xae3\x9eT\x1c\x1f\x9d+=\xec\x08\xc6\
%b[\xb9\x03&\xa9\x1d\x98\x9a\xd2$\x97{l}\
\xe0\x87\xc7\xd6\x9b\x91\xb6\xe7\xcd\x96=M\x0c\xbbc\x1b\
\xa8N\xfbC9<\x01\x9a\xce\xd3QZB\xf2\x1c\x80\
\x0b\xb7\xbd3\x03I<F@Q\x5c\xbe\xc8\xf8\xe1\x06\
2H\x14\x8c\xb7J\x8d\xb6\xdcd\xe7\xcd+\x80Y\x8f\
\xcf\xa0\xa8[\xbb\x9c\xff\x00X\x7f\xba+sK\x83\xc5\
\xb3\xf1\xee$\x90\x96'\x00\x1c`U\xc4\x09\x8e^_\
\xef\x9a\xa6\xaf\x02Ag\xba9$Y2\x00;\xcda\
\x93<R%\xc3\xeeb\xa7!\x8f#\x8fz\xb7\xdeb\
\x0b(\xb6\xb6\x11\xbc\xdc\xb9\x19$\xd4X\xe5drx\
\xdb\x1b\x1f\xd2\x8e\xf6\xf2\xdc\xdd-\x9cGlh\xa0\x91\
\xd8q\xc9>\xb4\x05\x82\x19m\xa5\x9a\xdeY\x0f\x84\xd8\
;\xd7\x19\xf8S\x886\x95\x1f\xefD(L$EU\
\xb7_\xc5\x99\x9bsw\xc0=\x07\xa5DJ!o\x06\
\xd7\x12\x5c\x1f\xcc\xfd\x93\xe1\xfc\xea\x01\xf0\x89K@g\
\x9c\xfey6\xe7\x1f\x0f\xe7M\xe9\xf2j\xd8uH\xb7\
g\xbb`b\x89qm\xa9H\x80\xdc_\xc7\x07\xa0j\
\x9bX/\xa4\x8d\xa0\xb7\xbaX\xe2C\x86\x93o.\xdd\
N=\x05-s\x13\xc7\x13#\xca%#\xf7\xa9*\x8a\
\xe3R\xa7\xdb52\x0eN\x17\x02\xa9W\xfc\xdc\xe5\x85\
Rc\x96\x1cc\x8a\xac`\x16\x01\xbaU\xf0\x19\xb0W\
\x03\xd74\x22\x06j\xf1\x96\xc0 \x03\x83\x81\x9a\xac\x80\
\xe3\xa8\xe3\xb5\x0c\x9e*\x0f\xb5U\xba\xd4\x1e\x9dj\xe2\
{\x87PZ\xc4M\x14~\xc0\xe3\xe0\x0d\x0e\xees\x14\
\x894V\x06\x16\xec\xcd\x19\x1fA\xd2\x93\x05\x89.\xd9\
$\x9c\x92k\xd8xh\x92K\xcc\x13\xc2\xcb\x84\xc0\xcb\
\x16\xf5&\x99\xb6\x0d\x1d\xb2\xa3\x93\xb8\x0e\xf5X\xe2e\
vc\x92X\xe6\x88F\xcc\x12q\xedT\x96L\xf0\x06\
\xefoZ\x14[\xcd\xc4r\xc5&\xc8\x82\xf9\xa0\xd82\
\xc7\xdc\xd1e\x94\xe7\x1bB\x9fAA$\x1a\x82i{\
\xf6\xd9f\xe7\xfb\x5c}hv\x16\xb2\x9b)d\x05A\
\x91\x0a\xa0'\x92;\xd5\xa0\xfc+%'\x82\xa8\xee~\
=\x05^\x08`\x8ee\xdd\x0d\xbbY\xf8yiY\xbc\
\xc4\xe2\x99\xd1E\x9b\xcf4\x90\x02\xbbG~\x82\x87y\
\xad\xda@<\x1d\xc7#\xbf\xad\x0b\xf6\xcd\xa0\x19\xdc>\
\xb4\x8e\xa9\xafZ\xdd\xc8\x91\xab`g'\x9eh\x93_\
#i\x90\xf8\x91\x89\x91\x9b\xca2F*ZK\x14\xd3\
\xd2\xe2Kw\x06F\xd9\x88\xcfC\xf3\xab\xb5\xa2\xdb<\
\xc1\x5c\xb2\x98\xb8\xc8\xc1\x19\xc5M\xcc\xcdl\xd2\xcf\x16\
\x04\x8d&\xcc\xfb\x00)[\x9b\x9b\xc9P\x09\xc3\x85=\
<\xb8\x06\x9d\x1f\x9c\x7f\xf2'\xfd\xb5L\xfe\x09\xc1\xc1\
\xf0_\xfe\xea\xa3\xc6Akx\x88\x8a\x14\xc7\x8b!\xef\
\xfe\xbd([\xda_\xe8\xf6JR1\xcb6pO\xb9\
4\xde\x9bmr\xdb\xc2^\xc6\x8b\xfb\xc46\xea+\xd9\
Z&Z\xe6\xfd\xd9\xb3\xfb\x8d\xd2\xafkj\xb7*\xea\
\xb7R\xc7j\x87\x1c7.{\x92ii#\xb7\x8e6\
[y|E\xe7\x9c\xe6\x91\xef\x5cj\x0dY\x06s\xdf\
\xda\xa4\x8c\x92\x08#\xde\x84M_r\xed\xe79\xc7\x15\
Wo(\xebT\xab\x02\xa0\x8d\xccH\xaa9]\xc7o\
N\xd5h\x8bd\xe0\xe3\x1c\xd4\xb9gM\xc5\x87=\x85\
\x07\x9a\xb0;B\x8e\xc7\xad^M\xaa\xbd\xcf\xb5\x01\xc6\
\x0dtB\xe5\xdfd3,@s\x92(\x93\x0dT\xdb\
7\xe2A\xc7\xf6[\xcck:;\xa9\x89\xf3H\xc7\xd4\
\x1eEz\xf7Y\xb7nR\xca}\x85P\xc7ty\xf1\
\x1f\xe8+\xb3x\xa3\x02IO\xc8P\x9c_\x13\xc1\x93\
\xe9C\xdb\xa8u\x06\x5c\xfc*\x08\xbeQ\xe5\x12\x03\xd7\
 U\x0a\xea\x1dq/\xd2\xab\xb6\xf8\xf52\x8c|h\
\x12\xcdp\x8cU\xa4\x90\x1fs\x8a\x1b\xcd$\x80\x07\x91\
\x98z\x13Ziwhg\x8a\xe9Va4q\x84T\
\xcf\x97\xe9E\xbaG\x9c41\xe3s\xed\x8cg\xb7s\
I\xa5\x8crA;\xdb\xdc\xb4\x86\x03\xe7\x1b0>T\
\x9a;.B\x93\x83\xd4Q\xb5M\x00\x98\x12i\x9d<\
\xc3\xd3\x9a\xca\xff\x00\xd3\xf1\x12p\xfcv\xe6\x9co\xb3\
qYZ}\xe4\xb2\xbbH0\x8a:\xd0#\x87g\x04\
\xb7\x1e\xf5\xa5cqr\x84\xa4\x07j\x13\x9c\x1e@\xf7\
\xa6\xcb\x16\xe5\x89b\xc7\x93\xdd\xfe\x1e\xde\xf5x\x9e%\
\x95d\x9c\x8f\x0d\x1c\xb3\x1e\xdb\x88\xe0\x0f\x5cPZ\xe2\
8\xed&G\xbc{\xb6\x99\xb2\x03\x0f\xcbF\xc82\xff\
\x00\xcd\x1f\xf6\xd0\x89\xfc\x1f\xf9'\xfcjn#\xf1\xb7\
\xc6N\x03L9\xff\x00\xebA \xc8\x8d\x1c8\x82\xd9\
?3\xb7\xef\x1a&\x9dkh\xec\xc5\xafH\x00r\x14\
`\x9f\xad\x1d\xd3E\x89N\xe0n\x0f}\xc7\x18\xa2\xda\
\xdb\xe9\xf3\x82\xccU-\x10a\x10>\x17\xdf4\x17\x16\
Xag\xf9G\x15\x9ez\xd4TT\xc7\x9c\x90\x09\x15\
r\x0e\x00$\xf3A=jA\xed\xb7&\xa5\x9c\xed\xda\
F(y\xab\x9d\xa7\xa6\x01\xaa\xcb\x8c\x8c\x01\xefUB\
w\x80\xa6\x88\xc3\xd0\x8e(\x0f\x91\x90k\x95\xb8\xc3r\
(\x8c\xe3\x18\xce\x05\x05\xceN~\x95B\xa5\xd9Wy\
@N\x09\x14\xccV\xf1\xb34q\xea2\xa2\xe3\x04\x1c\
1\xcd!%\xa2C3#]Fy\xf45\xeb-\xa3\
\x95\xa5\x95$\x9d\xc8C\x80C\x1c\x1a=\xbd\xbbL\xe4\
,\x8d\xb4u;\x8dM\xdd\xa1\x89C\x0b\x829\xc67\
\x1c\xff\x00\x8du\xbd\xa1\x99X\xf8\xec\x00\xe394\xac\
V\xee\xd7\x05>\xf0Ywc!\x8f5mN\xd4[\
\xec?zpX\xe3\x1b\x8d\x1a\xd7N\xf1#\xdc\xd3?\
\xd4\xd2:\xd5\xb1\xb2\x85$[\x82Ilm\xe7?\xe3\
KF\xe9w\x10\x8aB\x04\xa0y\x1c\xf7\xf64+k\
S%\xf2[Hv\x02\xd8j\xd4P\xb0YN\xcdf\
-\xca6\x22,r\xcd\xefJ\x88\xaf>\xe7\x14\xd0+\
;\x87.Oz\xe5\xd5d!\xa3\x9e\x15\x00\xfe`\xab\
\x8c\x9fz\xd5\xb2\xb7\xb4m9e\x10 \xdd\xceYr\
G4\xae\xb7\xa8\xdb\xa3$yWQ\xd4f\xb3E\xfc\
\x1e\x06\xd6\x93\x0d\x83\xc6:\xe6\xb4u;\x88\xbc\x08\x14\
:\x95T\xc8\xc1\xac\xedNC<\xf0)@\xb9Q\xc0\
\x1dh\xb1\x05Y\xe5\x89S\xf0\xe2\x5c\xf3\xfb\xc7\xde\xaf\
1\x08\xac\xcf\x93\x8c\x06\xc7V'\xb7\xb0\xae\x96\xda7\
\xbb\x86\xce\xe0\xcc'u\xca\x84\x18D\x14\x92\xda8\x99\
\xd3#j\x1eX\xf4\xa7\xd7\xf3\xafo>\xf2\x0fa\x8c\
sT?\xd4\xe3\x1f\xfe\x9f\xe3D\xcf\xe3\x7f\xce\x1f\xf6\
\xd2\xd71\xc92\xc1\x0c}0\xc4\xe4\xf09\xebE\xb0\
]1$e\x9d\x9aB\xa3\xaf@M4\xb7z\x5ca\
\xbc+B\xc7\xddwT\xdb\xbd\x8d\xc3\x9b\x8b\xa4H\xe2\
N\x11\x18`{\x9cP\xa5\x9e\xceWqk\x18P;\
\x81\x80k5\x8f\x98\xd4g\x8a\x82k\x81\xe4v\xab\x12\
\xe7\x8c\xe4U\x5ca\xb1\x8a\xe4 \x1c\x90~UbC\
1\x00\x1eh-\xc1\xc5\x122\x87\x198\xa8\x94\x8cu\
\x06\x81\x9c\x1a0\xc9\x1c\xb0\x04\xd0\xe4\xcery\xcd\x0c\
\xd4\x13Q\x93\x8a\x86\x05\x94\xe7\xa5N\xcd1LbO\
+u,\x1b\x04\xfcj\xb7\x91\xd8)\x0d\x14\x8f\xcf`\
wW\xa6vX m\xb9\xc0\x19'\xd4\xd6\x8d\x9e\xd8\
4\xd5`\xc0\xb3\x0c\x93\xefX\xba\x95\xc9\x96\xea\x14\x12\
\xf49>\xd5\xa5\xaaN\xb6ZzG\x1b\x01\x95\xe3\xde\
\x95\xfb0TE$\x920\xcar\x01\xf7\xa4/\xee\x8d\
\xc6\xa0\xac\x1c\x10\x9f\xa75\xe8\xe5\x95-\xed\x10\x06\x07\
\x8e\xbe\xb5\xe7u9\x96\xe2\xf2\x15w\xf2\x0e\xbe\xd5[\
\xf1l\x8e\xa2\xdb\x82:\xe0\xe6\xa5\x18]\xa0G;g\
_\xca\xfe\xbe\xc6\x817\xdeKm\x97{c\xd6\xb5a\
1L\xd6\x8f\xe3M\x11\x84a\xa3\x0b\xc3\x1a\x0d\xf5\xb0\
\x96\xe1\xa4\x0c|\xc7'j\xe7\x1f:\xb9\x135\xb0\xb7\
3H#Q\x80\x00\x02\xb0\xae\xb4\xdb\xad\xc4%\xc4\x80\
g\x8c\xa84\xa4\xd6:\x8a\xae#\x91\x9d\xbdJ\x80*\
lt\xedO\xef\x22Ie<\x0e\x07\x18\xf9\xd7\xa1\x86\
\x22\xa0H\xee\x19\x80\xc6\xfct\xf6\x1e\xa6\x88F8\xdb\
\xeeA<|X\xff\x00\x0a\x1c\xee\x8a\x9b\xa5'nw\
{\xb9\xfe\x02\x89o\xa8]N\xa7,\x15\x07\x03\x03\xcc\
}\xb3S\x9e\xfc\x0c|\xc2\xff\x003Pz\xe3\x1c\xf5\
\xc1\xed\xee\xdf\xca\xa3\xa8\xe7,\x1b\xea\xff\x00\xc8Ww\
\xdcH\xe1\xf71\x1d3\x8e\x82\xab\x82\x10\x820DM\
\x9fl\x9a\x9b3ch\xe1'\x88\xca\xfbA\xc9\xe4}\
)\xb5\xd4|\xac,t\xff\x007\xa8\x1cW[\xcd\x1c\
\x92\xfd\xebR\x8f\xc2\xdb\xc2+\xaf\x19\xf5\x02\x87qw\
\x05\xc4\xcc\x22\x88\xa8\x1d\x0e\xdcf\xb3%\xe1\xcf\xc6\xa9\
\xedPk\x87\x5cU\xd5|\xf8\x0d\x8cUf\xdd\xbb$\
\xe6\xaa\x18\x8e\x95\xcb#\x06\xcdQ\x8eI5RsR\
\xe7*\xb5CDC\x9cy\xb9\xae\x91x\xeb\x9cPI\
\xc5T\x9cT\x1a\xe2h\x90\xcd\x041\xba\x98\xbcFn\
\xa0.I\x15\xd3\x5c\xd8\x18p-\x828\xe3\x01v\x9a\
\xdb\xd4\x5c\x08B\xf4\xdcy\xae\x85L\x16\x0cK\x12\x08\
'\x9a\xcd\xb5\x8c\xbc\x8a\x87\x04\xb1\xc5ik\x10\xc8\xb6\
\xd1\x82\x84\x80z\xfa\x0aV\xc0\x018;\xb6\x92\xa4\x0f\
L\xd0<\x16\x89\xd9\x08 \x8e\xb4h\x15\xa6\xb6\x92\x10\
\xe49 \x8c\x9e\xc2\xa1l&\x1dUs\xf1\xa3\xc5m\
\x1a\x9f\x0fo\x8d)\xea\x01\xf2\xaf\xc4\xd7<1+t\
N=\x18\xd4\x96\xff\x00x\x7f|\xd5\x95\xb9\xea?\xbc\
h\xf2\x0d\xf1\x83\x80}2?@*\x81y\xe1\x7f\xe8\
\xa9x\xd8\xb1,\x87>\xf1\xd5|\x1f\xf7?\xe8\x15\x22\
\x12<\xde\x19\xc7\xfc\x02\xb8\x92\x07R\x0f@H\x1c{\
\x01@\xb9\x9d P\x18\x02\xdd\x93==\xcdf\xc9#\
\xca\xe5\xdc\xe4\xd6\x85\x82\x95\x8d3\xc1,O\xcb\x14H\
\xd8\xef\x88g\xa4l~u \x8d\x98\xc6p\xa0\xe3\xd4\
\x9e\xe6\xacF\x09\xc9'\x9c\x12:\xb1\xf4\x1e\x82\xbb\x04\
s\x906\xfd\x13\xf9\x9a\xe08\x03\x19\xcf!O\x7fs\
Sm{\x0d\xbd\xc9>\x17\x8d!\x18\xdd\x8f\xd0SI\
\xa9^\xcb\xb9\x22\xb29\xecq\x8a\xe8fa8\xb8\xd4\
\xe3\xf0\xf6\xf0\x81\xb9\xe7\xd6\x87ux\xb3\xceU e\
Q\xd1\x99q\x9a\xcb\x9f\xfa\xd6\xa1\x1a\x8a\xec\xd5\xc1s\
\xd0TH\xac1\x93\x9a\x1dG\x15\x19\x1c\xd4\xc5\x8d\xfc\
\xd5\xfa\xb7 b\x83&\x03\x10:TF\x099\xe9\x8a\
\xb0#\x0d\x93\xc9\xa1\x13\x93U?\x0a\xe1\xcdCpx\
5{y\x04/\xbc\x03\x9c`b\x98K\xb9\x80\xf0\xe4\
\xb2\x93\x9ep\x179\xa7\xef\xd9Zp3\xf9GJ\xd3\
(\xc5\xa2\x8d\xad\xd5\xad]2\xef\x9e\x95\x97b\xf6\xf0\
j;\xcf\xf5J\xc7\x14\xd4\xb2\xc6\x90\xcd\x0cS=\xcb\
N\xdb\xb9\x1f\x94zR\xbe\x1d\xbc`,\xae\xdb\xfd\x13\
\xb5<\xb9\xda2\x18\xf1\xdc\x0c\xd40\xcf\xee\x9f\xee\x8a\
\xa1\x18\xcf\x97\xfe\x91V\x84\xe0\x10F\x07^@\x03\xe7\
J\x5c\xdeE\xe2\x10\xbb\xdf\x1f\xbd\x9c\x03\xf0\xa1}\xe9\
\x7f\xb2\xff\x00\xde\xa2\xdb\xc9$\xef\xb6(\xa4c\xdf\xcd\
\xd2\x8bq\xf7\xc8\xa3\xf2\xc0\xcb\xbb\x8d\xf9\xcd9\xa6\xe9\
\xbbD\x13\xc9,\x85\xc9\xc9S\xd2\xa7Pq%\xf3!\
\x97f\xd00=h\x00\x82@\x1b\xb8\x5c\xb1\xcfJ5\
\xde_J\x85\x0bm\xdd\xc95\x9fx`\xb3\x85|\x07\
g\x99\xfa\xb3v\xac\xcf3\xb79,i\xeb[M\xa7\
t\x98-\xd7\x1d\x87\xc6\x99\xc0\xc7|\x1f\xab\x7f!P\
G$\xf0\x0e0Oe\x1e\x95\xc4g\x800N\x00\x1e\
\xc3\xb9\xaeS\xe6\x07=d$}+\x95\xb0\x8az\xe1\
I\x1f\x1a\xac\xa1\xdd\x8cj\xdbS\x19\x91\xcfSV\xb0\
\xbcK{\x8d\xb0[o\xe3\x00\x81\x92i\xef\xbej\x92\
\x16D\xb4\xdb\x9e\x8cF1]\x0b\xcd\x1c\xc2mMB\
\x84\xe19\xcdR\xf6\xf4M6\xc4\x81\xc2vf\x5cf\
\xb2n\x012\x13A9\x1dj+\x8dHr:\x1a\x82\
I\xeaj\xb5\x07\xadF\x09\xe9]\x83\xbb\x06\x88H\x07\
\x1c\x9a\x1c\xab\xb4\xf1UF \xf4\xebW\xc1\xfe\xc8\xa0\
8!\xb9\xa8'\x8a\xa95\x1c\xe6\xa5H\x0c\x1b\xae9\
\xa6\x96\xe2\xf8bH\xa2\x0d\x1bt\x19\xe6\x8f1\xdd+\
\xb9\xefV\x88\xdc\xba\x08\xd1\xa4e\xc7@jV\xd2q\
\x9d\xc8Pg\xa9\xa2,\x84\x1f\x06\xd8\x12\xc7\xf3=C\
\xbcv\xaav\x91$\xbd\xcfe\xa4\x8c\xd23\x16,\xc4\
\x9fz\x91#s\xe6o\xadJ\xb3\x10<\xed\x92}j\
\xf2,\xaa0\xe1\xc0\xf7\xcf408\xe9L\xc1gq\
<{\xd1<\xb9\xc6I\xc6i\xab7\x8a\x1by\xed.\
\x0b\xc4\xecyu\xeb\x8a-\xce\xa7\x10H\xe0\x843\xc7\
\x18\xc6I\xe4\xd1\xee5\xc8c\x89<8\xc9*2k\
\xcc\xdd\xea\xb0\x5c]\x99X\xba\xb9\xfd(\x1f\xb5\xa1B\
\xc1f\x90g\x83L\xdc}\xa2\x13$PC\x1b6\xd1\
\x8c\xe2\x8c\x09\xba\x11\x08\x81.\x07\x9a\xb4-\xad\x96\x1f\
19n\xed\xfc\xa8\xe7\xd3\x1e\xf8\xfe&\xa1\xb1\xd4g\
\x9e\xfd\xcf\xc2\xa3\x1f\x0c\x8e\xdd\x97\xfc\xea;c\x9c\x1f\
\xab\x7f\x95T\xf5'8\xc7\x04\xf6\x1e\xc2\xbb\xf7J\x81\
\x8c\xae\x00\xf4\x1e\xa6\xa2U\xdf\x1b('\x0c@\xcdZ\
\xd6\xe5\xadn<+x7c\x8c\x81\x92M>\xb7:\
\xb4\x81\x90[\x85\xcfB\xc3\x15X~\xf3\x15\xc0\x9fS\
+\xb1\x7f'9\xae\xd4/\x96IBG\x13\x95\xc7\xe6\
+\x8a\xc7\xbb'\xc54\x12sPj**3PM\
A5\xc5\xbd*\x01\xe7&\xae\x0b\xd4L\x08\x19\xceh\
j\xd8`h\xab:\xa8#\x19\xcd\x02W\xdc\xd9\xaa\x12\
j\xa4\xe6\xbb5\xd9\xa6\xad\xda\xe2D\xfc\x02\xab\xb3\xae\
{\xd3V\xf14\x99bp\x83\x92jd\xb8a\x95\x8b\
(\xa3\xbfsS\x18\x9ae\x1e$\x8d\xb3\xa9$\xd4K\
p\xaa\xa6+q\xb4wn\xe6\x96\x1e\x95\x07\xca\x0f\x1f\
\x0a\xae\x0d1\xa7\xbcq\xdd\xc6\xf2\xf2\xaari\xed^\
\xfd.\xd4,c\x00\x1aJ\xda\x07\x94\x80\x06\x00\xeak\
bK\x8b\x0c@ZGS\x0fEN\x84\xd6]\xe4\xad\
yx\xd2\x22\x9f1\xe0QR\xcdB\xe1\xb2\xcd\xd4\xe0\
\xf0*\xdfw\x87i\xf2u\xff\x00z\x96}:\xd8\x9c\
\xf8\x7f\xf5U\x7ffZ\xff\x00\xed\x8f\xefU\x93N\xb6\
V\xcf\x86?\xbdN\xdb\xc5\x1cC\x08\xa0{\x03\xc9\xa2\
\xf7\xceG\x1d\xfb\x0a\x82;c\xe5\xeb\xf1\xa8>\xb9\xf8\
\x9f\xe0*1\xdb\x1f\x01\xfcMG\xbeO=Os\xf0\
\xaa\xfd2;vZ\x8e=\xc8?V\xa9\x07\x199\x03\
\x1d\xfb\x0a\xebK\xc9#\xb8\xdb\x04%\xb3\xc7NMh\
}\xe3V|\xa0\xb7\x0a\x08\xfc\xc7\xb5R$\xba\x8ae\
\x97Qe1\xa7+\xcfz\xb6\xa1}\x14\x8c\xab\x14l\
\xc0\x8f\xcd\xb7\x8a\xc6\xbd\xfe\xb38\xa5\xf3]\x9a\x82j\
\xa4\xd7f\xa2\xa0\xd4f\xa0\xf3S\xb8\xe3\xadU\x8ez\
\x9a\xa9\xa85\x06\xaaj+\xab\x8d\x12\xdd\xa49\x8a6\
\xdaOz\xf7\x03O\xb3\x86\x03\x19N\x08\xe7\x9a\xc2\x8a\
\xd5g\xbfx`\x19\x8fw\xe6=\xa9\xddr\xda\xda\xde\
\xc8\x00H`zg\xad\x0fH\xd2\xa3\x9a\x0f\x1a|\xe0\
\xf4\xa4\xa7\xb5S\xa8\x9bh\x1b#8\xcdl\x8d\x0a\xd3\
\xc3\x1b\x99\xf7w9\xac=b\xd6+K\xa1\x1cr\x16\
\x04g\x9e\xd4\x90\x02\x9b\xb5\xb7\xdc\xa6IN\xd8\xc7s\
\xde\xaef\xf1\xe4Kxp\x91\x93\x8c\xfa\xd6\xbcVV\
\xff\x00x\x16\xadk\xe4\x09\x93)\xe8O\xa6i\x7f\x06\
8\xdd\xc4+\xb5s\xf9\xbb\x9f\x85H\x00\x0c`c\xd3\
\xf9\xd0\x88\xf3\x11\xfc*>\xbfJ\x8f\xaf\xd2\xa7\x9fC\
\xf4\xae\x07\x9e\xff\x00J\xb8\xf9q\xf4\x15\xdd\xb1\xce\x0f\
\xd4\xd4\x1f^8\xef\xd8UO\xc3\x8fOZ\x82{\xe7\
\xe7\xe9U\xf6\xc7\xc0\x7f:\xef\x9f\xc4\xd5%\x91b\x5c\
\xb0\xc9\xec\xb56W\xb3\xa4\xc0\xaca\x89\xe0\x009\xad\
5\xba\xd5[*\xb6\xd8\xcfB\xc3\xa5\x068\xaf\x84\xca\
\xfa\x8b\xa9\x81y\x1f\x1a>\xa3}nv$@>{\
\x81\xc5b_\x1c\xb6qJf\xa7\x22\xa385e)\
\xb4\xe7\xad\x0e\xa35\xd9\x15\x05\x87\xa8\xaa\xee\x1e\xa2\xaa\
dA\xfb\xc2\xa0\xca\x9f\xda\x15F\x9e!\xce\xf1Ck\
\xb8G\xef\x8a\xa1\xbe\x80\x1co\x1495\x1bu\x1f\x98\
P_V\xb7Q\xf9\x85\x09\xb5\xa8E\x09\xb5\xc4\xcf\x02\
\x8f\xa5\xea\xc6{\xb0\x8a\xbd{\xfaW\xd0u\x8b\xcc\x06\
\xda\xdct\x15o\xb3&!n\xeeH\xdf\x9c\x9a\xcb\xd4\
.>\xf5\xa9\x04c\x95\x0d[\xba\xa4\xcbi\xa6\x00\xa4\
\x0e0+/\xec\xca\x09oZW\xe4\x81\x9a\xd5\xd5\xee\
\xfc\x01\xb4\x1cW\x94\x9eC=\xc39\xc9$\xe0SP\
\xdb\xa4I\xe2\xdc\x1c\x0e\xcb\xeb@\xba\xb9i\xce\xd1\xe5\
A\xd1hI\x9c\x8d\xb9\xcfj\xda\xb4\x92\xeb\xc3\xc4\xb2\
\x1c\x11\xd2\x89\x9a\x83\xe9C\x94w\xfdMS\x8fj\x8e\
=\xab\xb3\xf0\xae\xe3\xda\xae\xa7#\x1f\xf8\xa9\xcf\xbf\xcf\
\xd6\xaaO\xb7\xcb\xd2\xa3\xe7\xfeuS\xfe\xbd\xab\xba\x0f\
\xf5\xcdG\x7f\x7f\xf0\xa0Mr\x11\xb0\x8b\x9fRh\x96\
W\xd2$\xe0\xacA\x89\xe0\x00+W\xef\xfa\x91;V\
\xcc\xf3\xd0\xb7j\x01\x8bPiS\xef\xcc\xa6\xdc\x1c\x90\
)\xadF\xee\xc9cTB\x85\xbb\x01\xda\xbc\xb6\xb7\xa8\
\xc3\x0br@\xacg\xd7!\x03\x83T\xfd\xbd\x0e\xdc\xd0\
\xce\xbe\x87=ho\xf6\x81@\xc8\xa0I\xf6\x8c\xe3\x81\
\xfa\xd0\x9f\xed\x0b\x8f\xfc\xd0\xdb\xed\x04\xdd\xa8M\xae\xce\
s\xcf\xeb\xd2\x87\xfbn\xe1\xd7!\xaa\x8d\xab\x5c>\x02\
\xb3g\xbe(\x7f\xb4\xeedb\xa8\xec[\xb8\x15\x07P\
\xba\x91\x84\x03v\xff\x00OZ\x1bKv&\x11\xb2\xc8\
\x18\xf6\xabN\xb7\xb0\xba\x89\x11\xc6\xf3\x81W\xbb\xb4\xbf\
\x81\x11\x9dN\x18\x81\xd6\x89u\xa6^\xc5l'l\x10\
}\xe8\xb7:E\xccv\x22\xe4\xc8:g\x02\x99\xfd\x88\
N\x9b\xf7\x9f\x17\xcd\xb78\xabhp\x14u;\xb6\xb7\
\xa9\xafi \x91\xbf1b=\xeb\x91\xe4\x8f\x84b\xb9\
\xebS\x04{\xa5\x1c\xf2OZ\xd3\xd5\x09{A\x1b\x92\
\xdbx\x14=.9m\xdcM\xb8\xa6\x05\x07V\x95\xae\
\xa5\xd8\xa4\xb3g\x9cP\xe3X\xed\x143y\x9f\xb0\xa5\
\xe7\x95\xe6m\xce~\x03\xd2\xba\x18\xd9\xdc*\x8c\x9a\xd3\
\xb5\xb6H\x86\xe3\xcb\xfa\xfaS\x15\xd9\xa8\xcf5\x0d\xcd\
\x0f\x9f\x7f\xadG>\xff\x00Z\xef\xaf\xd6\xbb\xebR\x0f\
\xc7\xebS\x9f\x7f\x9dT\xfa~\x95\x1f:\x8c\xff\x00\xe2\
\xa3\xe7\xf3\xa2\xdb\x98\x83~(\x18\xec\x0fz\x22\xc2e\
Y\x9a\xe1Qc\x1f\x93\x06\x85\xf6yT\xde\xb9\xe0\xed\
^>\xb5\xb1q\xa8\xc7\x0a\x1c\x80H\xaf;\xaa\xeb\x93\
\xcd\x13[ \x0a\x1b\x8d\xd5\x99d\x04g\x0f&O~\
k\x07\xed\x0c/u\xa8$p\xc8\x0e\xee1\xe9Ij\
\x9a\x1c\xb6\xd6\xbe \x98\x13\x8e\x94\xa1\xd2\xe6[m\xee\
\xf88\xaaY\xe9\x92\xcd\x19\x95\x9c\xe3\x9cTXif\
i\xe4W\x94\xedS\xc5q\xd2\xb7jK\x10\x7f(\x19\
\xab\xde\xe90\xc5w\x0ca\x8f\x98\xe3\x19\xa2j\xdad\
\x10Z\x86\x00\xe7\xd74Yt\xabx\xf4\xb2\xc6=\xde\
^M[K\xb1\xb6\xfd\x96$\x11\x86%s\xd2\xa7\xec\
\xf5\xad\xbb$\xce\x103o#\xa7J\x9d\x228\xbfj\
\xdc)\x8cn\x18\xc0\xab\xa0A\xf6\x80\xa1E\xce\xcc\x8f\
\xadF\xa6\xe9\x1e\xb7l\x87n[8\xab}\xa0\x94%\
\xcd\xa0\xc89\x90qV\xfbK2%\xac#~X\xb0\
\xe0|ju\xf9\xe3M!\x149.\xd8\xc0\x1dh\xba\
\x9d\xd41\xe8j\x8d\xfdc.\x00>\xb4\xd4\x091\xd2\
\xa3\x88FY\xca\xf4\xac\xf8\xa1\x93\xc5\xf0\xc0*\xf9\xc6\
+\xe8\xbfx\x80\xf7\x14;\x89`\xf0\x1b\x01I\xc7\x14\
\xb6\x9c\xbb\xae\x01=\xb9\xa7_\xcfp\xa0\xf2:\xd0\xef\
<Ge\x8a3\x8c\xf5\xa5\x1d\xc4'\xc2\x85KHx\
4'\xb6\xba-\x97\x85\xf7\x1fj\xe4\xb7\x90\xbe\xd6B\
\xbe\xb9\x1d)\xfbTDR#\x19\xc7SE\xcdNx\
\xa8\xcduw\x18\xa1>\x01\xedPH\xf6\xfaTq\xed\
\xf4\xae\xe3\xdb\xe9]\xc7\xb7\xd2\xac\x0f\xfa\xf4\xaeb;\
\x7f\xe6\xab\xfe\xbe\x15\x1f\xeb\xe3T\x96@\x8b\x93\xc9\xec\
)uI\xa7}\xc3\x8cz\xd5\xee\x85\xca\xc4\x03I\xb9\
;\xe0\xd2\xb0\x5cK\x04\x9b\xa3l\x120jg\xb8\x96\
S\xe6=i9\x10\x93\x91\xd6\x87\xb4\x80}i?\xba\
Jn\x12`\x8d\xc1\xeb\x8a\x16\xbcdx\x04y9\xf4\
\xa9\x9c\xc4t\xc2\xd2\x83\x9d\xb4\xa6\x82\xe1\xb4\xb6,\x0e\
\x14\x90>\x19\xe2\x94\xfb=!\x92\xfa\xe8\xaa\x93\x18l\
\x8a\xa2K#\xfd\xa5\xd9\x1ad*\x9d\xc2\xa7[\x9eI\
5{X\x22\x8c\xef\xdf\x9f\x95\x1f\xedT\xf3\x0b$\xb7\
X\xb2\xceB\xfc\xe8\x9a\xb4\xb76\xda C\x1f\x9bo\
z\x9bHol\xfe\xce\xa3H\x87s&FF+\xbe\
\xcfX\xdeE\xa3\xc9x\xca\xd8\x94\x96\x1cU~\xcdi\
\x97\xb2\x9b\xbdJL\xae\x5c\xa8\x19\xf4\xa9\xd0\xb4\xbb\x9b\
\xadR\xea\xf6S\xc4gb\xe7\xebW\xb0\xd1f\xbc\xfb\
A,\xd7\x0f\x84\x85AL\x9e\xe6\x88\xba1\xb9\xfbF\
\x1af>\x14HH\xf4\xcd\x12\xe3E[\x8d~\x03+\
f\x14\xc9\xf9\xf6\xa2\xeaZLSj\xb6\xc5\x9b\xf0\x91\
\xb2G\xaf\x15mgJ\x86\xea{q\x92\x11\x5c\x1a\xdc\
\xb6\x87\xc0@\x9bN@\xee))b\x8e\x19\x9ev\xc6\
\xe3\xd2\xbdh\xd0P'2\x9c\xd6n\xa5d-]@\
\x97~{S\x9a-\x84\x8e\xa6Rv\xa9\xf6\xa6\xe4\xb0\
1;J\xd2\x8c\x01HD\xca\xd3\xbb\x83\x90\xa3\xad\x13\
I\x16{\x0c\xb2\x00d-\x9c\x9a~K\x9bPw3\
\x01\x8e\x95\x81\xabjH\xf7&(\xd8t\xea)\x9d0\
\x7fG\xcf\xa9\xa3\xba\x82j\x87#\xadvj?\xd6+\
\xbe\x7f:\xa3\x90\x17\xd2\xa8\xc4\xa8\xcb\x06\x02\x85\xf7\x88\
\xbf\xb7\xfa\xd5\xe2\x91e8M\xcc}\xab\xa5q\x1f\x0f\
\x91Q\x1c\xa8\xcd\x85$\x9fJ!\xe7\x9f\xd6\xa3\xfdb\
\xbb\xfdf\x97\x96\xe1Q\xb0\xa3&\xa6+\x94u\xd8\xe7\
n{\xd1&\x96\xde\x1b/\x09\x1c\xbb\x1e\xe4\xe4\xd6h\
\x1f\xbdOZi\x92\xcf\x1f\x8a\xcc\x11OOSK\xde\
\xda\xbd\xbf$\xee\x1e\xb4\xa8P\xc75\xeem \xb7\x8e\
\xc2?\xc3]\xa1\x01\xe9^']\xb6\x8a\xf6\xfc\xf8x\
\x8dK\xe3\x8a\x9f\xb4V6B\xc9b\x80v\xc7\xc4T\
[\xe9\xf6V\xfa\x14v\xf1\xa0.\x17\xcc\xe0w\xaa\xe8\
z}\xa5\xad\x84\xe1#\xde\xee\xc5\x98\xe38\xa0\xe8\xb6\
6\xf1\xea7\x13\xf8{\xe5u\xda\x063\x8a\xbcv\x16\
\xe3Z\x8ev\x8b\xf1\x06B\xae;\x9a\x9dZ\xd1\x0d\xe4\
o4X(\xe1\xb1\xf0\xa65\xabM\xf1\x03q\x10\x0a\
G\x02\x89\xa9C$\xdall\xc8\xa2\x22\xa3\x03\xe5V\
\xb2\xb6\x92M\x15J\x05X\x90m\x0b\x8fJ\x8d*\xd5\
\xa4\xb0\x99T\xecDc\xc0\xeej\xba-\xa1\x92[\x88\
\xb7mU\xe4\xe3\xbd^\xc2\xd5[S\x9268\x1b\x09\
\xf8\xd0\xe2\xb7\x895\x95W?\x86r>4Ia\x81\
uH\x9b\x8f\x0bv\x0dN\xa9\x1d\xba\xdd\xc72\x81\xb1\
X\x13\x8a\x9dQ\xa1fI\xa2\x03\x08A\xabIr\x97\
\x0e$\xc8\x03\x15\x9b\xaa\xaanR\xa7&\xbd>\xa1\xac\
\xa1%ao\x9da\xc9,\x92\xce]\xd8\x9a\xf5v\x97\
PC\xa7\xc6w\x0e\x9d=\xeb\x13Y\xd4%|\xa0b\
\x01\xaaX\x82\xba|\x8f\xdc\x8a\x8b4\x05|\xd4\xa6\xb4\
\xdbQB\xb1\xebYI\x09i|el\xf6\x22\xbdE\
\x82\xed\xb7Q\xedF=~U\x07\xadQ\x97\x9c\x8a\xad\
RiV%\xdc\xc6\xa3K\x12\x5c\xdc\xf8\x8c\x87f8\
5\xa4mV(\xa6iX>z\x0ct\x15\xe7\x1a\xda\
V\x91\x8a\xc6\xd8\xf8V\xbe\x91\x10['A\x85\x94\xe7\
9\xa9\xd4bAj\x88\xcc\x1aC\x81\x9aR\x18V1\
\xc7\xcc\xfa\xd1\x0f\x1f\x1f\xf0\xaa\xe7\x039\xe3\xd6\x94\xb9\
\xb9\xc9\xd8\x94\xc6\x9ff\x8d\x09\x99\xc1g=\x05u\xed\
\xb7\xf4O\x11\xe3\xf0\xcf\xa7qX\xc5\x88=h\xc8r\
\x82\xb7\x96\xed$\xb6EF\x03\x00qH\xea\xd3\xa9\x8f\
h9&\xb3P\xed\x5c\x9a\xf6\x177h\x9aJ\xe0\xf2\
P\x0f\xd2\xbc\x85\xcb\x82I\xcf9\xad\xbdu-\xff\x00\
gF\x88\x17 \x0f\xf0\xaai\x9fwM\x08n \xb1\
\xdd\xfe&\x83\xa2\xdc\xda\xc5\x0d\xc88\x0c_\xa7\xb6(\
\x1aD\xd6\xf0\xea\xce\xf2\x10\x01C\x8f\x8eEE\xdd\xdc\
1\xea\xf1\x5ct]\xd5MZ\xf29\x98J\x08\xe3\xa5\
\x1fR\xd4c\xbc\x83*8\x02\x86u\x15\x9e\xc28\x14\
~D\x00\xfc\xa8\xbaU\xfa\x0d1\xed\xb1\xe6\x0c\x7fZ\
^\x1b\xc6\xb6y ^\x92\x1c\xd2\xcd\x7f%\xad\xcb\x98\
\xc7\x0e\xb84\x11\xa8K\xe3\x09\x17\x83\x8c\x1a%\xdc\xae\
\xca\x8e\x0f=s]q#=\xb2\x90NGz\x86w\
\x92\xd3\x04\xe4\xd0\xe2\x90\xb4\x06&cUH\xe5S\xe5\
'\x15\x7f\x0d\xcf\xe6?\xadm\xc9a\x1e\xd2\xc1\x8d\x22\
8l\x0ey\xad\x1b\x1bi\x98\x09\x1c0Q\xd34\x1d\
AK\xcc\xa8\xa34\xccB1\x0a@\xed\xb7q\xe6\x9f\
\x16p\xaa\xfe\x1c\xa4qY:\xdd\x89\x11\x99<Pv\
\x8c\xe3\x15\x8d\xa4)l\x92r\x0bW\xa8\x88b0=\
\xaa\xd5\x07\xaf\xce\xaak\xbf\x95$-&\xbe\xbce\x8f\
\xf2\xafRz\x0a\xf4pB-\xed\x82`p)vl\
\x92\x0f4X\x15v\x93\xb4V{sz\xc1\x0e)+\
\xe0\xe9t\x9b\x9b\x22\xacO\x7fj\xa378\xa5.e\
\x92Y<\x18T\x93\xec)\xbd/I\x96W\xcc\xaaW\
\x1e\xa2\x9f\x9a&\xb6m\xa8\xd4\xbc\xb0Oz\xde\x1bI\
\x81\xec+?Q\xd2\xcd\xb1\x1b[v{b\x96h'\
\x80e\xe2`\xa7\xb9\xaa\x86\xee\xacECc\xab6h\
R\xc9\x9e\x053mu,\xa5af\xca\x81H\xea*\
V\xe0\x80p:\xd45\xd4\xcf\x18VrE\x1bOg\
,\xc8X\xed\xc6qI\xdc\x16\x8e\xe5\xf6\x922k\xa3\
Y\x19\xb7\x00\xc4\xfa\x8akV_\xc3_ZEr\xdd\
I\xa7\xec\xd4\x8bW\xcfL\xf1T\xb2\x1ew\x1e\xa2\x8d\
e\xe5\x9d\xd6\xadx6\xcc\x8d\xefK\xea(w\x06\x00\
\xd2\x89\xc5<\xdek5>\x82\xa9\x0b\x86\x84\xa1\xebP\
\x09\x8f\xcay\x06\xa4\x22\xb7 \xe2\x888\xfd\xe3PY\
GS^\x82\xe5\xf6\xc0\xc7\xda\x81\xa0\xf8&\xf4x\xd8\
\xe9\xc6}k}\x9a$\x12\x92Wf8\xack\x9d\xb1\
\xc1\xe3c\xccMg\xa2\xcb<\xa3\x19\xcf\xaf\xa5h\xde\
[Mmn\xb2\x09\xcbg\xb5cj\x17\x17S\xc4b\
]\xc3\xb14]2\xd1\xa2H\xf7\x1c\xfa\xd6\xe8\x1eZ\
\xe3\xd7\xe7U\xa8\xed\xf2\xaa\xb7CZ\x1fg\x02\xf83\
7\x1b\x8b\xd1o.\xe2P\xc0\xb0\x074\x9a\xcf\x19\xe7\
p\xa3\xa5\xccK\x19\xf3\x0a\xc0\xbb\xbc+z\xce\x8d\xc0\
\xa5f\xbb\x92[\xa5\xc9\xedN\xab\x12*\x1b\xf3\x1a\x7f\
\xec\xb4*\xf3\xcf#\x0c\x90k\xd0\x90\xaaI\xe9\x9a\xf3\
\xfa\x84\x99\xb9nz\x1a\xbe\x98\xe0L\xc4\x9e\xd4\xb6\xb7\
>\xdb\x95 \xe7\x14'\xb9\xfb\xdc[\x0e\x05*,c\
\xfe\xd1\xfa\xd1V\xde\xda\x15\xcb\xae\xf3\xef\xcd)\xa8\xda\
\x04O\x11Sf{U4\xe8\xc0C;v\xe0P\xef\
\xa2iS\xc6\x0b\xc7\xadF\x91m\x14\x8c^\x7f\xca\xbd\
\xbdkFs\x11\x85\x9a\xde \x14q\x901XP\xa0\
\x9e\xf4\x09\x0f\x04\xf3[\x83\x18\x10\xdb\xc3\xc0\x19$\x0e\
+\x1bQ\x12=\xd0\x8c\xf5\xce+R\x0d6\xd2\x18\x03\
L\xdb\xe4=\xb3I\xdf6\xd2\x22\x89H_J\xe8\xd4\
[\xc5\xb9\xbf1\x14M>\x22\xecd\xc1$\xd4^8\
\x13\xa2\x91\xde\x88\xab%\xcc\x9bB\xf9@\xe4\xd2\x13\xc0\
E\xc1\x8d\x17'=\x05hGc:\xd9\x9f\x11B\xfb\
f\x91\xb7\xb4i\x1d\xbf\x1a\x18J\xff\x00\xee>\xdc\xfc\
)\xb5\xb2n\x8fuh\x0eq\x8f\x18f\x9c\xb6\xd1\x01\
\xf3Iq\x1e\xde\xdb[\x8a\x14\xfajo\x229\xe1\x00\
w2\x0a\xca\xb8S\x14\x8c\x84\xa9\xc1\xc6A\xc85\xbf\
\xa9\x12 \xe2\xb3P\x90A\x07\x06\x9a\x13\xca\xf8Fr\
Ei\x88\x92X\xd1\x5cd\x0e\xd4\x7f\x068\xe2\xdc\x8a\
\x01\x15\x99\xa9\x5c\xcap\x85\xb8\xa4U\x89\xebZ0\x8e\
\x12\x9e\x1d**\xa7\xf8T7CTc\xc1\xa4-.\
\xa7\x8awT|\x02j5vo\x00\xbe\xe3\xbb\x19\xce\
k\xceG\xa8\xdd\x8c\x8f\x13\xbd\x0a]V\xf7\x04x\xb5\
k[\x99\x99\x0b3\xe4\xd3\xba|\xaf$\xfec[\x88\
x5\xcd\xd4\xd3\x1a\x15\xc4\x90\xcd B9nsN\
j\x17\xd7\x19\xc8`0=+\xcf\x5c^Nf$\xb0\
$\x9a\x88\xef\xae\x15\xbc\xac\x05Rk\x99d|\xbbd\
\xd0\xe0\xb8\x90J\xc0\x1e(\xff\x00y\x9b\xfbT\xd6\x9f\
<\x8d/\x9b\x06\xa3[\xb8\x91\xbc\x84\x8cP\xb4\xa6,\
\x02\x9eE9\xac9[M\xaa\x14\x0cc\x81X\xf6R\
0}\xa3\xa15\xad{3\xad\x96\x17\x00c\xd2\xbc\xfc\
lD\xbb\x87\x5c\xd6\xcc\x172%\xa9+\x8c\xe3\xd2\xb2\
\x1eG{\xbd\xecrs[:p\x12>\xf7\x1b\x88\x1c\
f\xa9:\xab]3\x10<\xbd)\x0b\x86/r\x15\x8f\
\x19\xc5z\x05\x8d-\xed@\x8d@\xe2\xb1\xee\x7f\x11\xc9\
nM\x0a+\x99c\x8d\x82\x91M\xfd\x9f\xf3\xcf$\x8f\
\xcb\x0e\xe6\x9a\xbd\x95\xdd\xca\x13\xe5\x07\xa0\xac\xeb\xb8\xd7\
eg\xc3\xfdh\xf8\xd7\xa5\xba\x91\xbc\x15\x5c\xe0c\xb5\
\x0a\xd64\x92L0\xc8\xac\xddf4\x8e\xe3j\x0c\x0a\
\xff\xd9\
\x00\x006|\
(\
\xb5/\xfd\xa0=\x02\x01\x00$\xf2\x00Z\xeb<3L\
 \xd8\xb2\xe9\xff\x7fa\xa8x\xec\xd3\xe6\x07P\xbf\xc7\
]\xbc\x99\xd5)9?#X\xb8\xda\xf6\x1e\xc0M\x9b\
\xad\xa4m)\x19\xb7\xdc\xdb\xb2P#r\xef\xb5W\xc1\
=\x9e\x87.\x1c\xe2\x1cI\x19m\xd7~\xb7!\x08\xf9\
/\x15\x8c\x98Qq\xa4\x81\x85\xb7\xe9\x14\x97\x03@\x03\
\xc9\x02m4\xb8\xa1\xb9s\xa6\xca\x0dJ\x9d`\xf0\x06\
\xe8\x89]oL\x00\xc5\x01T\x04d\xcc\x7f\xc9\x82\x9d\
\xa2\x08\xb6\x88\xf2\xa6\xa8i\x0a\x06\x16\x14E\xe1bS\
R\x84\xa7O\xdaU\x04\x86\x85\x7fs\x83\xac\x22>e\
\xfe\x8d\xb8qU\xb4\x02\x16\xff\x1c\x06\x1aEa|\xd0\
qA\xd4d\x0a2N\x10\x81\x91C\x13\x0fD\x0c\xfc\
`\x05\x1a\x226#\x00\x99B\xf4\xe9\x9b(D&X\
1C\x89\xc4\xfa0\x81\x89\x9e\x14\x11\xb4c\xd3\x1dQ\
\x99c\xe3\xa2e\xf7`\xc3\x91\x87\x816\xb656v\
mlX\xbc\x00\x86\x18\xdb\xd0Y\x0a\xc6\xa6\x01\x114\
p\xb1\xd1H\xe2_\x849\x1a\xd8p\x14\xdc \xc5\x86\
\xc7\x05\x19c6\x13\xce\xb08\xb1m\x9d\xb9\x93m\x05\
d\xf1\xa4\xcbF\xdbC\x87\x88\x0d\x89.e\x88\xd8\xae\
H\xe1\xbf\x81<BlLy\xfeS9\x07\xd8\xbe\x00\
\x22\x0a\x00\xb61VX\xe1S#s\x01\xa0<\xb5!\
>\xfc\x0f\x81#M\xed*\x91\xe1A-\x0c\x1d6\x1d\
\xd4\x98\xea\xfc\xebi\xb3A-\x83!.Wja=\
4Y\xa9\xe5\x80\xc4?\x9d-UjY~\xf8CV\
\xdb\xfd\xa1:k|\xd6\xcc8k\xe8\x17\x07r\xed\x05\
\xb3*\xb8jM\xac\xb0\xa2j\xbc\x19J\x18kK\xe0\
\xc0\xd0Ts\xb3\x04\x1d\x01j~\xb6\x10\xd5jE\xc4\
\xf0\x8f\x0e\x03\x0d\x958\xfc\xabq\xe2b\xa8\xe7\x90\x02\
\x9c!&!\xb4|\x19Rr\xf3\x8f\x932a(\x83\
+\xfe\xab\x1e\xd8`\xc8\x0a\x8a\x00\x92\x0c\xc5\xf1q\xa3\
\xc6P\x04\x5c\xfc\x9f\xa1QcH\x8a\xce?\xedF!\
d\x05\x97)H\x08\x95\x91\xa2\x84\x10B6\xf0B\xe8\
AH\xebV#\x88\xff\xa2<DfjV1\x00\x98\
\xf3\x1ft\xf6\x1d\x8c\x112\x0b#\x0a\x18D\xbe\xc0\x01\
\xc4?\x17Sh\x81\xe6\x0f\x06~\x94\xc8\xf9\xb7\xc3\xc1\
\x18!&\x17(\xa0\x85\x9cr\xf8\xff\x13\xf4\x13\xba\x11\
\xe8\xdf\x8a\x14\x04B{\xa0(\x81\x12b\x13\xe6?\x10\
\x15\x06\x08\x15\x8dP\x95D\x0c1LFl\x89\x91d\
\xe7_\xca\x07:\xc6\xb0\x88\x7f\xad/Hb\xf0\xb4\xf8\
'\xa3DW\x8c!G\xfc\xd30\xe2\x8a!\xe6\xcb\x7f\
\x13\x1c\xacb@\xa1\xe1?\x8b\x04\x7fhMZ\xf8\x81\
\x0eM\xc7\x0eX\xcc\xd0\x80F\xfc\xe3\x98B\x06\xdaQ\
\x9f\xff3\xda\x05\xda\xff\xbf\x9b\x10\xc2\xd0\xaeH\xf1/\
\xc2\xf9BK\xf2\xa5\x06\x17Z\x97&\x8a\xd8B\xbb|\
\xeeT\xa1]\x89\x82TF\x93\xa3\xc3\xff\x1d\x1b\x9b\xa6\
\x14\x05\xe9\x8b&\x83\x09&>h:\xce\xe0\x16\xa0]\
)\xf1/$@\x88&\x80\x98\xa0\x97\xa0\xcd\xe7E\x08\
\xfa\x01\xe8\x9fI *ASl\xc1\xc4\x94\xa09{\
\xfe\x1d\xc0\xe1 /Y\xfc\x03aC\xa0\xff\x95\xed\xe6\
<\x0e\xb0:r\xde\x82,\xff\x5ct\xa8\xf0?\xac\xfc\
7\x11\xec\xf2[\xfc\xfc\x0fpg\xca\x07\x02\xf3\x8f\xa7\
\xc9\xfd2z\xfe\x7fN\x8e\xfc\x12A\xac\xe1z\xdc\x96\
2\x5c\xafD\x84\x9a\xad\xd7B\xcb\x94\x03\xff\x86hK\
\x9c\xff\xf71\xe4\x95~\xf8\x1f\x1e\x81\xf5Zf\xff9\
\x94L=\x1d37P\xff\xf5\xe6\x7f\x87-P_d\
\x85\xff\x1b\x07P\x0f\x83\x90\x06Pog\x87\x7f\xb3\x0c\
\xa0\x9e\x89P\x1a\x05\xfeK\x8c\x8d\xa7\xc7R\xf3\x0f\x82\
n\xc6/\xd0\xe5\x9f\x05\xa0\xed\xa3Z\xf8\x07#d\xe8\
\xdb\xb8\xf9\xe7a\x06\xda\x9f\xb5\xf9w\xd3\x02\xed\xb3\xe4\
0\xda\xdf\x19\xa3\xe4\x7f\xcf\x10\xff\x1f@\xd9_l\xfe\
\xc5\x84\xfe\x9d\xe8\xa0\x0dy\xc1\x1dOR\xe1_\xcf@\
\xe1?=\xf3\x82\xe7\x84\xff\xfb\xffCl\xffV_X\
\x13\xdcr\xe8\xff\xc30\xa1&\x05\x0ap\xc0\x91C\x8e\
\x96\x12\xac\x88S\xc3\xaca\x17\xe5Uy\x0e\xf7\x0c\x14\
Z2\x9bO\x8bS9/Gu\xd8->\x87\x9d\xef\
\xaaF\xbb\x14\xb5\x14\xa4\xa7\xb8\xa7\xba\xb4K}\x0cw\
\xa0\xd8R\x10\x8c\xde\xd4\xde\x8e\xd1]\x95y1pW\
\xb5\xbbU-\x99\xdd\x14{\x99w\xe7\xe3\x0e\xa9\x13\xed\
\xc0\xdc\x15\x96\x91\xd1\x08\xd8\xf8\xdbZ\xec!\x14\x85B\
\xe18\xea\xd4\xde\x81Kv\x89\x0bk\x1cw\x88R=\
\xb0\xde8^\xf5H2\x8e\xb9%{\xa5\xb5eu\xc4\
\xcbn\x11\x01\x1bb\xb1\xbc\x96\x80]u\xf5r\xec\xcc\
\x8a\x84\xaf\x93\x0c\x9f\xcc\xf7\x09\xf0\x9aV_\xa5\xf5Z\
\x9f\xdf\x8b\x9eYT*\x06\xfe\xc4+R\xdc\xbb\xe9\xcd\
4\x93A\x95\xefR\xed\xeb\xbe\xf2\xcaO\xf68\x16\xf3\
\xca\xfb|\xcd\x1b\x81g\xb7\xfcug\x13\x97m\xff\xf5\
y\x97\x87zm\xd7TT\xbaK\xc34)\xb6}h\
'\xc7t:\x97U\xaa\xfbh\xbaC\xf7\xc3j\xd4\x13\
N\xe5\xc3\xff\xc5\xbf\xbei\x98}\xbe \xd6$\xab\xc6\
2\xaaW\xb7\xaa+\xd5\x5c\x16\x92e\xfb\xb8Wy\xa9\
\xfe\xf9\xc3\x1f\xa3\xd21\xb1 \xd7v\xd4\xc4U\xbb\xbf\
}\x95i\xf6\xcd\xa5\xd0\x1c\xd6\xf8F\xc6\xff\x89\xc2\x17\
\x85\xbaW\xfb\x03\x97\x9e\xeb\xb1v\xbc\xf8R\xbd\xde\xd5\
\xf7\xf8$\xe3\xe7~\xe9\xad\x96\xd5\x1f\xb1D\x86\xbc}\
\xac\xf7\xfa%\x0f\xf6W\xdf\xf5\xbd\xcf\xf1\xbb\xa7`F\
\xaa3\xdf\x18\x09\x13\x91\x1f\x8e\x1fIR\x8aQ\x8c\xf7\
\x8fg1Oq\x99\xb7\x98\x02(\xa5\xc8\x7f\xfe\x96}\
\xfc\xa6\xf9\xfb\xf5\x97\xcf\x0b\xfa\xe9\xf3\xe6\x9e\xd1\xf7U\
\x93<\xa6\xaf\xfd\xff\x13\xdd\xb7\xdf?\xfd\xfb\xeb\x17y\
\xa6\x97\xf1q\x02\xfdg'6\xf0\x01\xa44R\xf1\xc3\
\xa3\x14\xc6\x1a1w\x94\xc8X\xe1hP\x9a\xfa\xffn\
\xc1\x09Jc{\xc4@P\xfa\xe1\x89\x840%\xa2\xa5\
2\xa6\x92\x1c,WE\x94\xba\xc8\xa3&J\x89\x81\x18\
N\xbeH\x922\xf3\xff\x04\x1b@I9l\x96O\x92\
\x18\x94+ER\xd0\xaa\x02$\x92P\x00\x03\x84\x0fI\
R\x9a\xa8c\xf6\x07N\x12V\x145k\x92\x99\xd8\x9e\
\x9dd\x86\x89\x0cM\xe2EA\x03*\xe9\x0b\x838I\
IF\xe2\x17[ \x1dUa\xc1\x08$#\x1e\xfeu\
\xa4\x1c\xa4\xa8\xb2\x7f\x15\xfa\xc4A\xc2\x12\xe6\x7f\x07\xc7\
\x0dR\x9d\x1b\xfe\xf7\x945HT\xde\xfc\xaf\xf0\xa3\x0b\
\x92\x14\x18\x06(C\xe2LzH~\x0a\xa8a\x0aI\
\x8d\x18-7\x90\xbe\xb0\xa9\x82\x06\x92\x0f\x12\x08\x98\x81\
\x84\xc5\x0d\x17Br\xc3%&\x84d\xf4dC\x10\xd2\
Y\x96\xb3@G%\x9c\x01\xa2\xe7\xa8\x83\xab%A\x1c\
q\xf0\xff|\xba\xf4pt#\xcd\xbf\x930n8\xea\
\xe1#\x0c/GI\xb8\xb1\x02v$A\xb9\xa6\xc8\xd1\
\x8f\x18\xa2\xc0:\xf2\xe0\xcf?\xd9C\x90\xa3\xac*\xac\
xD\x85\x89P\xd3\xd1\xd1\x07\xffUv\x108\xeab\
G\x8d\x80#(l4\xea\x18\xa1\xbd*r\x8c\x90\xb8\
 \x8a7Fdx\xfe\xe3\xfc\x0dFa \xf0\xc2\x18\
#4eT@0\xa2\xe3\x84\xd9jd\xc6UAj\
D\xc2\x16M\x1a\xa1\xb92\xc15\xca\x81\xcc\xff\x9e4\
\x10\x185\xc9\xf0O\xc4\x15/\xa3#n@Y\xc0h\
\xb5\xf3?\xa7\x82.nA\xd4\xb0@\x9c\x9b\x02p\xd0\
\x18nF\x98\xf0\x9f\xf3\xa0\x85\x1b\x1c\x0b\xfeS(^\
n\x7f\x8a\x84t\xb9%%\x05]\xafbL\x967\xa1\
<[\x8e\xf9\xca\xb1\x99\xd7\x9f\x89\x8aY\x5cZ`G\
\xac\xb4\x8c\x80qu]\x8d\x9b\x1c\xb7\xc5\xfcj\xa1\xf5\
i\x91\xeb\x90\x9e\xb3\x86[\xf7\xcc\x9d\xe8\xad\x0e\xd5\x91\
_T\xaf\xc0\x9b\x83\x96c\xbe\xea%\xab\x1e\xda^\x9a\
\x9d\xaf:\x88\xf3\xb9\xfb\xd6\xea\x18\xc6\x09\xf1V-\x0e\
^\xbbq\x8a\x7f(6q\xb9W\xcd9>\xb3jE\
)\xac\xde\x03\xf9<1\xcf\xeaK\xa4\xcc\xa7\xaa^\x0b\
\x05u\x85\x13\xcbQ\xff.:\xf6+\x96W\x5c\xcf\xb0\
\x5cNWqM\xb5}\xe2\x1d\xabjN\xb9\xe5\xd7\x02\
\x9dvV\xf9\xf0\xc4\xe7\x8a\xf3\xbe\xa7\x9d\xc2f\xfe\xc2\
\xc0\xceW\xdb\xc3\xa6=o\xa1\x159\xba\x96\xfafn\
I\x8c\xcb\xec\xf3u\xe1M\xe6\xbbeqJ0\x985\
\xb1\xb9\x9ee\x9a\xad\xee\x96\xa3\xd9\xb4v\xd8W\xb1\x1c\
Px\xb7\x99\xe6\x0b,-\xdeW\xd8}\x9a\xab\xab\xc5\
a8\x9e\x15\xf6\xec\x90\xec\x99#\xaaK\x91\xbcg\xcf\
\xbf{\x81\x90;~\x00\xe1\x81\x80n\xeb\x93\xcaLW\
\xab\xbb[\x97\xd8\x1c\xd1\x09\xc6 >\xd5\x1be\xbc\xa5\
\xa8\xf5\xb9q\xbf\xc2U\xc4%\xe6A|x\x03\xed5\
S\xbc}V\xebH\x96\xbd\x96g\xfb\xe3\xe8\xc7\xcb\xd1\
+\x0c\x93%F\xb2\x95eu\x9aa\xd7\x8fI\x9dd\
\xce\xb9)~\x96\xd6\x91\xb7z-\xae\xef\xda\xe4\xb8\xe6\
\xf2\xf75$\x0b;\xc9\xea\x90\xeb\xd5\xae^\xc1[n\
\x95o\xce\x83'\xb6=\xef1\xfd\x84\xff\xce\x8e\xd7&\
\xab\xf6\xfe\x01\x93\xa7;\x91\x0b\x85\x13K\x8d\xf63\x97\
\xae\xc2'4uZ\xed\x8f7\xf5\xc1\xfdT\xfe/\x8e\
I\xb4\x87\xee\xe9>\xb3X7k\xb2\xeb\xfe\x96\x12\xb0\
\xbe\x9a'^\xcb\x9e\xfb\xbd\xd9\xcce\xca{+\xb4\xe6\
H\x9e\xbf|\xc9\x1f\x0f\x04\x81\x8dM]6G\xf4'\
\x18\x83j\x14-\x141\x0f\xb2\xef~\xcar\xba\xf9\xec\
\x87\xab\xd8\xdd\xaezx\xf4l\x08u\x92!\x89fT\
?\xb9\xc0\x8b\xde\xbc\xcd\x94g\x87V_]e\xaa\xad\
\xd5\xca\xb1y9\x8a\xcf3\xafY\xe4\x8ej\xd8U\x14\
\xebr\xc0\xdf\xddW\x15\xb1\xa9\xb5\xd5W2\xef++\
n\xad\xe2m\x7f+\xf9Ks\xcf\x91\x16\xc7\xf5.\xcb\
2\xab=\x8b\xeby\x0d\xdb\xf9j\xe8e7\xc7\xbf\x1b\
\x96I\xdc\xcb}\x9f:\xa7\xbc\xd1n`z\xef\x95\xd5\
\xddn\xdd\xef\xb9\xc1\xac\x99^\xbbqO3nk`\
_y\xf6\xbc\xb9\xcc\xe7\xedY\xe5\x97\x88\xe5\xb8s\xbc\
\xbb\xaa\x96\xa6\xa2\xd2\x9d\xceLs.\xac\xd4'\x99\xeb\
b\xb9\xdd}\xf8Du\xef\x9a\xa4\x1aSw\xe8T\xdd\
si\xfe\xed\x8b\xaaT\xe7E\xb7Nu;vH\xe9\
:\xf0\x97\xb1\xb0\xab<\xa2t\xf8I\xe6TM\xbe\xbc\
\xf1\x97\xe5\xe9\xfdj\xd2\x0d\xcf\x8c^_\xceg\xed\xd0\
\xd4\xe4\xb8\xab\x1aw\xb72K\xa5\xde-\xcc\xe1\xadZ\
\x1d\x0ei\xf6y^\xac\xd7\xe1\xe9\xaeN\xb6\xaa\xb7\xc3\
\xc1\xfb\x85\xe4\xe9\xa7\xed\x19t\xea\xfd\xae\xf7ft2\
t^\xaf\xc0E\x87_\xdcrL\xa2\x17\xe5=\x9b\x98\
g><S\xdd\xd3\xac\xd5\x14\xe3x6qWqY\
^\xcb\xcd}K\xf3\xccI\xac\xf8\xc4\x9d\xbct\xd0\xfa\
\x96\x82\xe3\xd3\x0b|\xc9\x8b\xe6\xb0\xda\xcb@g\xc6\xa5\
:UK\xedd\xe4\xbb\x10\x9a{\xban\xdbo\x18\xbf\
[\xe4\xc3l\xe2~\xae\xd7\x87\xcd\x9e\xb7p\xe3`\x17\
p\x8cw\x8e\xe3~r\xf6=^\xbfN\xf2\x9e\xf9\x06\
\xaf\xcd\xc1\x14[\xab\xb9rd\xb5)UK\x15\xa8$\
\xc5\xc1\xfc\xb3\xa9\xd6D\x80l=X\xac\x8d\xb3w\xaa\
(\xee\xd6\x0c\x9e\xc1|\x1a\xb9\xf6\x9e\xf7Z\xde\xd4\xb3\
\xc5\xf1\x8c\x85\x5c\xf7\xe0\xe5\xa6\xf5i\xd9\xdcM\xe4a\
e>5\x89\x0e\xb9=\xb5\x90\xa1 }vy\x15\xe6\
\x9a1>S\xfb\xb9\xbf}\x1f\xbe~}\x8dV\xc6E\
fu&\x162@Y\x17\xf2;r\xe84\xbdW\x07\
\xe4\xf84c\xc8\x0e\xd4\x0e\xe8\xd4\x0a;\xc7\xab\x18\xde\
\xaa\xd5\x13/\x87<\x93\xc7?\x13\xf3\x95\xf7U\x0d\xda\
\xb2\x9e\x16\x99\xad\x02\xf6\xab\x9a8\xfbr\x89U\xee\xb3\
=\xc5a\xf3\xa9\xdftu\xea\x17\xf7\x1b\xcc\xbd\xe4e\
p3\xdff\xca\xcb\xb4\xc8\xaa\xd6\x9d\xca\xc7|8\x07\
K\xdd\x16zC;\xe6\xb72\xae^\xae&\xd9MM\
\x92\x9b\x9f\xe7\xb72.\xb2\xbf\xbd\x07AJ\x09p&\
\x1egz\xde'\xfd\xb9\xe2\xf2\xee,k\x9aX)\x06\
\x96\xfc\x9eB\xac\x10\x03qV\xd6\xcc\xc1\xdb\xfb\x059\
\x8fT\xf7}I\xe15\xad\xe8\x15\xc6\xb1\x89\xf1\xf6\x9d\
*\xaa\xfaLu\x8c\x1a\xc7\x8eS\x11gS\x1c[\xf9\
\xd6xk\xd4\xa2\xeb\xed\xe9\x05\xb3\xe7\x99\xc1,\xaeo\
\xad\xa2w\xcb\xe2|r\xbceq\xc0\xbe\xa6\x0fX\xf3\
\xbc\xa9f\x12\xa6\x05f\xa1lz{in]Z)\
T\x0a\x1dq\xf9\x1c\xa2S\xbd\x08\x99\xf9P\x15\xa3\xac\
\xb5\xf6\x5cuG\xca6&\xd1\x95\x8b\x0c\xc9\xd4Zf\
a\xa5\xe5)\x04\xe2\xac\xf2\x0d\xf2H\x85\xa6}\xd1+\
\x0c\xfbN\x155\xa3R,\xae\x9c\x9fy\xc5\xa1\xc0\xd4\
\xbcL\xb4\xa0\xde\x96\xbc\x94\x1a7\xc7\x0dQ\x0c6U\
\xe4\xe69q\x5c\x8c\xb2\xd6\x9e\xba2\x92K\x93!y\
Rcc>\xae\xe9\xafG\x10\xcc\x8a6lk\xa1\xc6\
\xa8\xe6V\xf3\xf3\xf6\xe1\x93\xaa\xfbu\xc2\x09\xf5\x99\x0a\
5\x90\x07\xb1\xc5\xe9/\x8b\xf1\x162\xc4@\xaeZr\
\xf5\xb2g\x96=\xc2\x95\xe5\xd3\x9b\xe3\x86T\xfd\xc7\xb4\
\x9aX,\xd5\xb5\x01\x91\xaa\x9fL\xb6L\xfbR\xad\xa1\
\xaaK24\x9b\x8f\xeb\xcf\xf6\xe0\x89\xb8\xdcwV\xf9\
S\xb0|\xecD\xe2P{\x9e=\xb8\x93\xa7/\xa7-\
D\xc5qe\x05\xda\xc2\x5c\xe5\xb8\xdf\x8a\xd5\x06D\xa6\
2\xad\xa1&\xd3\xf3\x9d\x0b\xa4q\xe4^\xd8\x0c\xbb$\
\xb0\xc4]<\xed\x96W\xd6V\x1f\x8euQ\x05\x87\xdd\
\xa83\x16\x86,\xc7\x99\x91\x11\x11\x11I\x93\xa4\x03\x03\
\x91\x18 \x1c\x13\x0b\xe8\xc4\xa9\x9c\xca\xf9\x13\x95\x90%\
,C$8\xc2\x10\xc3\x08!\xc4 B\x88!\x84\x08\
DDdDDDF\xa6\xea@\xc4\xed\x16b\x14\x84\
t\xab\x9dt2\xf1\x12\xd7E\xab\xed\xe3.\xc0\xf5\xca\
\x01]\xd6Y\xe49\x1a\xda\xcc\x19)\x9b\x8a\x1c\xc01\
:\x97\xe9GD`.\xa0WQa\xcbMj3 \
d\x1dfs\x01z\x13\x0a\xbf\xf4\xafHcbj\xfa\
\xf9\xe8\xc0\x05\xfc\xc5\xa0\xe0v\xd5\xbf\xd3\x8a\x99,\x8d\
\xf4\x9d\xdb\x00\x09\x91N\xf3U\x89\xb0;\x14,\xd0z\
Gu\xad=E\x13\xe9jxM\xdc\xa7\x16\xf7|\x19\
\xd7\xfd\xae\x97Ua\xdf\x9f\xf9p\x11\xed\x22\x11\xd7\xb1\
P%3c\xaa\x1a\x82\x80<\xfc\xa7\xa9\x0e:\xd6I\
\xddS\x86\xee\xaa\xe6\x84\x86w\x9f\x10\xdf\x00\xa8\xa1\x7f\
K\x90\x18_6\x80\x06\xf0\x0a\xc2\xf6\xc7\x83\x22@\xae\
\xd2\xa4\xa7OM\xa3r\xfac_\xa3\xbc6\x01iQ\
\xc1\x22\xa7\xae}\xf2\xf8\xfc\xba$\xc0\x1a\x81-\x987\
j<\x5c\xfb*\x0bS(\xd3;\xe0'\x85\xde+\x8d\
\xe4l\xafwy\x9d\x07r\xd3\xbb\xd8\x05\xc79\x81V\
{\x8d\x17rR\xf5o\x0d\x91\x88\x97\xfbB\x90/\x9b\
\x9d\x16*\xe3\xf9ZH\xb6\xe2S6\xfb\x85\x02R\xb4\
[\x93\xad\xe8T\x8a4\x91C<[[\xa9\x00\xd8\xcc\
\x1a\xcb&7\xce\xb5\xccN\xd7\xb2\xce\x9e \xa4\x9a\x97\
\xe5\x87\x13\xee\x11\x01\xc9!\x15N(\x09\x188\x84s\
\xe4\x92\x22CB\x85?\xa9\xcf\xbc\xa1\xb2\x1e\x8d\xd5Y\
h:-\xff\xeb\x9a\xc2\xb9\xce\xaf\x85O\xbfY9\xfb\
\xa0\x1a\x08\xf5\x02\xf9[\xed\xf6/\x12\xd4<\x89\xb8\xe7\
\x94\x92[V\xf2B\xbfh \x80\x91}\xb5:\x18\xde\
\x9d\x85\xfe{\xffa\xaf\xa5\xc2%\xfaq\x22I\x9bM\
I_\xcb*\x16'\x1c\x5c\xdb$p#\x98C\x02\xf7\
\x05\x8fs\xd7_\x0d\x99Y9\xc6\x8eH\x87\x8f\xdd\xad\
\x8c\xb2\x91\xe8\xc4\x92\xca\x0da\xff\xf4i\xca\xb8\x0dq\
Z\xe4D\x19\xc5\x85[\x8eRr\x11l\xab\xf4d\x1b\
^\xd9`\xf8\xaa_!\xc6\xe2\xb4\xd1Q\x18\x80\xf6\x22\
\xadSRNoa2\x18\xcf\xa4/u\x09)\x08=\
\x0d\xd5n\x9f\xf7\x0bq\xe5\x11/\x81C\xc1\x94\xd8\xab\
\xfdD3i\xd9\x82\xc8\xb9\xd5-\xa9\xb7\xb2'\x1f\xc3\
\x85:\xf1\x1c$d\xfc\x13\x9b\xc4\xd2\xc5\x99?\xdaM\
J\xb3\xd8&\x85\xfe\xb6\x06\x04\xa3!\x02\x8bbdC\
\xf5\xcd\x8d\x82\xc4\xf5I\xaaO\x8b0\xb6X2\x07\xd1\
\x9a\xa3\x1fG\x07(\x90!\xdb\x80\xcc\xb4cK\xac\x86\
\x133\xea\x8a4$\x98\xaf\xcf\xc7\x9a\xccE\xad\x8b4\
\xe1\x1c~\xa8\x12H\x22\xc5\xa3\x82\x12x\xcd\x86\x96s\
\xc56q\x08\x90\x8cpmD\x5c\xa1\xa7\x1b\xb1\x14\xe7\
h\xa8\xed\xf8\xf6\xf8l\x896\xb2\x0d\xf0&\x12\xe3g\
\x10\x8c\xf0\xf3P\xd0#\x8c\xcdT\xdb\xea)8Y\xa0\
j\xff\x8d\x83S\x15d\x86\xca\x18A'\x00\x0c\x81\x18\
\x0b\xa4\xcbdH0$e\x0f\xe0\x9bv\x08\x07\xabt\
i\xff4p\xc8~\x83_y\xc6E\xe5\x07\x06\xaa\xfb\
\xa9Se\xc1\xbf\x19\x80\x06\xaex\x9d\x921\xc5~\x0d\
\xba\xec\xc4\xe7\x09\xc6nZ\xf41\x9b\x10\x16\xfa\x18Q\
\xe6\xf8\xd30\xd4\x04@+.3\xa0/\xc2\xef\xbb\x89\
[\x0d\x05\xa5\xee\xed\xb94\xcc\xea<IsGU\xfc\
\xfee\x15{z\xc8\x97X|\xa0(fB\xe7\x98\xf5\
\xcfF\x00<\x5c;\xfd\xabk\xbd\xaa\x8a\x9f\xbf\xa7$\
w\xba\xc0cI\xc0C\xa9\xbd\xc2'\x8dEf%\xc3\
\x82\x97t\xdf\xe7\xf8\xcc\x8f\xdfr\xccv\xb3\xe0g\xa3\
\x1d\xbd \xe8B\x80\xe8O\xcb\xc2\xc6\xd0\x0ah3\x84\
\x00\xbe*s\xe0\xb2Pa\xcc\x00S&^\xd7\xa9\xc1\
?\x99\xd7B7\xa19\x175\xd5!\xff\xaeF\xa4\x0b\
\x1d+\xc6?\x81\xb5\xe0\x97A\xf8\x22\xb4DL\x97\xf4\
e\xbe\xea\x82s\xea\x87\xf4v\xf1/.\xf3\xf6h\xb1\
p\xa3\xc7*\xd2+%\x8e_\x10L0h\xb9:\xab\
\xd0\xach\xbf\xc6\xb3\xc8\x94u\xe1\xda\x81\xc1n\x81+\
TW\x05\x10\xfae\x0f\xbd\x83\xc6Y\xae\x87\xe2\x97\x01\
\x92\xbeum\x9e\xaf\x06\xcf\xa9\x80\xf3K\xda\xe7/\xa9\
R^\xd7m\x0a6\xd8\xb2\xe2\xf9-\xe5\xac8\xed\xd0\
\xa2\xe9\xbcF\xbd\xb1\x94\xda\xa8\x98v\x9bXVH=\
\xb3\xa0bR\x87\x88\xee\xe2XlE\xef@G\x11\xc9\
*@\xc6\xea\xe0\xc1E&4\xa2\xfd_\xbdO@5\
\xad\x01D\x7f\x83\x93S\xcd\x95T~\xad\xe1\x1ch\xa9\
\xc4\x0dE\x96\xb6\x04\x06#\x82\xd0S\xd9@\x82M\xdd\
\x08\xdb%P\xb9\xa2\x04\xb2\x12\x86\xbb\x85q\x95\x82\xd3\
\xed\xbd!<\x7f\x80\xc6<\x91_.U\xc7\x9e\x83\x8e\
\x98r\x88\xb6\x8b\xf7\x08`8\xfe\x18:\xbf\x8b\xd6\x1e\
\xe64 \xca\x1b\x0a\xc4\x22\xdd\x0a\xef\xfd\x91c\x97\xa4\
\xb5\xe5/\xa4\x83@\xe0\xb9\x8d\xa1pS@\xeb\x9dL\
.\xc0;3\x224\xe5\x05V4\xf7\xfal\xd3\xc4\xcf\
\xcc\xeb\xbf,\xc0\xc0\x9c0$\x04\xd0\xbbk2X\x95\
3@\xceYND\xeb\xb3\xab\xfb\x0c0\xb1\x02\xb5,\
`\xa3\xe2\xfa\x96{\x9f\xb7\xd1\xed\x1b\x81\x00\xee\x18-\
\xda\xaf\x1f\x81\xcd\xbc\x18@\xa3a\xe8y,\xcbR\xd6\
\xeb\x08mE\xe9\x11|\xf9$\xc5E\xc7\x97\x95\xd3<\
\x81\xf0&t\xa3\xeb\x08\xb6\xe6\xf3\xc9\x18\x18\xcf\x18\xb3\
Hd\xc0\xcf\xefqdplL.\xf7Y\x899\xa1\
\xd3\xfaR\x1f@\x19\xa7\x88&gd\x0e\x82W\xb9\xd8\
y)\x9c*\x00O\xd0\x04\xc4\x8b*\xdc-<B|\
,\xbc\x14\xff\xcc2\x83Z\xe7\xec\xfcE\xd8D\xe2\xb4\
{\xb5[O\x9a\x0e\xf0\x0f\xb8\xc4\xf7\xf0j{9\xe4\
b\xd6\x5c\x95\xb3\xe68i\xcf\xd35.)\x8am\x05\
\xd7z\xe0\x8e\x89s\xce\xfc&\xcd\xf1\xe0\xf9(\x8c\xff\
|I\x5c\x17}R\xdf\x9ah[\xe1\xfd\x96ZiU\
P\x86\xa7\xcc\x85\x08\x9b\xe5\xd7h\x0dw\x08p\xf3\xc5\
\xd3\xec\xc75\x9b\xf6\x7f\xd3@L\x0d\x07\xf6\xf1T\x7f\
M\x86\xddb\xd7\x12hSLh\xd3\xf3\xe4\xe8\xdd~\
n1\x1e\x09^\xbc\xc8W\x15\x98\xd8\xfa\xbe\x9a\xce\xcf\
\x1d\x22k\xb0\x96\x89\xe1%\xb0\xf9S\xdby\x02V9\
0mE\x8e\x1e{\x96\x01\xfa\xfc\xe1\xfd6Bf\xf0\
\xd1\xb7\xff}\xd9m\x90\x19I\xfci\x14\x19u\xbcc\
8\x83\xe5\xf0\x02\x936\x99O\x81?\xd4\x02\xcc\x9dU\
wW\x0fQ:\xe8\xf2\xa2_\xda\xfaR\x11\x07\x92\x1a\
\xe5\xefc\xcdX\xde\xec\xb0\xae\x91\xd5\xbd+p\x0f\xe5\
\xd8\xbaN\xcc0\xba\xb3\xf3\xa2g(\xfd\xe6L\xec\xe2\
\xda?\xacLC\x12*\x99\xf2\xc5\xf6R\xbaA\xfa\x93\
x\x13^\xbe\x1dt\xaa\x1f\xcc\xc4\xcc\xc5>\xe4,\xa6\
\x03^V\xaa\x17\xea\x96\x8a3\xfc:~\x0a:\x1f\xf9\
?\x8cY\xe5@\xc2d\xf6\xd4_J%\xd9\x12\x02\xc6\
N\x10n\x96\xe9'\x9c\x9ed\x06C\x97t:\xa5\x91\
\xeacQ'\xf8\xf1+\x0a\xffA\xebJ?\xff\x88\xca\
\xec\x9cZ-\x0d\xb6\x0a\xf9s\x04\xd8B\xf4\xae\xc1\x15\
\xfb?\x03b\xa6\x90\x8c\xcf\x9b\x93*\xf5\x0a\x96\x9b\xd2\
\x90_\x9e\x94\xe7rV\xad\x99\xdb\xe2D\xc0\xa8}\xeb\
\x1d\xe5\x06&\xa1\x1e\xe6\xe6E\x8cY\x8b\xe7\xe4\x07\xa3\
\xc7\xa5p\xb8~\x82/\xe3\xd7?\xe9Z\x7f\xd6k\xd0\
\xda\xa3\xd7=\xdcJL\x19l\xe5\xd0\x14\xfaRH\xc1\
\xf0\xd9R\xea;:\xe3\x18\xf0\xea\x16$\xe8\xf3>\x9d\
\xd5D/\xf7@\xd8J\xac~\xb9J\x85v\x1b\x81\x22\
G\x8dr\x8b\xa9\x9b\xdf\xaa\xceA\x90\x8f\x90\x14 \xc4\
\x97\xf9\xe4 \xd4\x94\xab-\xe5\x8e\xdb\x84'\xc4\x0e\xd9\
\xc0[\x02@!2 \x862\xbf\x98\xc8-)x\xf4\
s\xa41\xf5\x09\x17Q\xf5LCPkv\x86\xe3\x8a\
\x9b\x9a\xe1Y\xe0\xc7\xa5\x87q%-\x95\xa34\xb5\x84\
)\xce`\x94I\x06\xf7\x89d\x18BdAAy\xe8\
'T*\xcd\xbe\xb8)X\x82\x5c\xb4c\xd43/\xc1\
.\xbfE\x14\xfc\x89\x19\x97V\x1e\x89\x03\x95\x94\xb4{\
\xab5v\x00U\x94Y\x1a\x5c\xa2\xf2>+ eV\
\xc2.rn\xfe\xc2!\xe7o\x7f@\xa0\xa2\xd7S\xca\
Y,)l:Z>]\x88\x1eh\xa4\xc97\x0cp\
\x88\xe8\xea+NG\xf4\xce\x14\xbb9\x96\x9e\xe2\xf3\x88\
\x18\x85w;\xfe\xc3\x1fx\xcb\xf1-\x9e\xf6\xef\xab\x8a\
\xfbf\xec\xe6\x8c#(\xe6b(.\xd6AK\x01y\
\xc0\xc0S\xe0\xef\xf2\xeaB\x8c\xbdCZ\x97\xf95<\
\x9b\x0cd\xb3[\x1a\xf6q\xe5\xa5\xae\xee\xf8\xc2\xe8\xe9\
\xdd\xf2\x84C\x07\x8f3\xee\xec\x99\x06~4L\xc6\xd2\
h\xf7\xff%\xd1\x95\xdd\xa8\xf0\xa2(\x1e'\x02\xdc\x1f\
*\x85t\xebB\xda2\xc1\xcf\xbf\xd8\xba\x05\x1c\x03\x13\
x\x00\xdaO\xad\x8dPN\xba\xd7\x83\x19H\x87\xa1\xe0\
\xb8\x88^&/\x0dq\xb9\x13\x9e\xf9,\xb6\xddwg\
\xce\xaa\x1c\xfanp\x13]1\xdf[\xde\xcf\xaf\x83\xcc\
\x08'8{W\xfb\xaa\xd9Q\xbc\x98\xc8\x10\x08\x80\xba\
r\xb3Y\x11N\x08\xc2\xcf&z|\xee&j\xa3Z\
[\xbc\xe4\xf8y\xc1\x9f\x00\xe4h\xe3\x81\xe1\xe3\x8a\x89\
\xfb$\xf1\xa0:N\xc4;\xa8\xce\x07\xaa\x1b\xcc\xb7\x82\
\x1c\xa4\xae\x9f\x85\xa1\x0d\xdf\x96\x07l\x91\xceF\x8f\xdf\
\x94\x84\x80\xb4\x1d$d\x84rl\xf6\xd4@{\x8dv\
\x04Q'\x10\xbaiw?ls\xca\xb8\x89\xb4\xee\xfc\
\xf0B\xc80XYa\x8d!\xa7\xfe[\xe4o\xcb\xd7\
)MZ\xad$\xc4\xbc\xa4\xb9\xcb\xc9\xd21K\xa5Q\
\xfa\xe9\x98A\x8cp\xab|r\xcez\xf0\x14Bw\xbe\
\xafC\x89\x7f\xfdK$\xfd\x8a$\xe3r-\xd9#\x93\
\x07=V\x9ci@B\xb4\x91\x8a\xaac\xa4\x1f\x1a\x02\
9S\xc7\x8a\xc9\x0c(d\xf8\xe0O\x11\xd4*@k\
y8\x02\x19\x97Rg\xe6L\x9f\x05\xef\xb0\xb4\xcf|\
~\xc8\x07\xb4\xf8\xc6\x10\x22M\xab\xb2\x0a\x92\xa6\xef,\
v\xa2\x10\x1c\xc7\xf4\xaa~\x01@\x81m\xdaK(K\
\x85-\x87\x03?\x0a\x00E\xb6H(\x99\x98\xb2\xce=\
\xeb\xda\x07\x0b\xedu\x12\xa3\x8b\x97\xb7y\xb7\xcc\xd9@\
\xb0\x0a\xe9\xa70iLw.\x83H}5\xb8\xf5\xb1\
\x0b\x82mZ\x89\xde^B\x8b8\x8f\xf6\xd7\xf3\x83\xdf\
(\x8ez\xe1>]\x1al\x1cV\xa4c\xc9b\xdf\x8e\
\xe9\xba\xfbI\xa1\x82'\x87=\xe8\x81\x00\x84y\x196\
\x0f\xe9\xea\xa1:B\xf9\x02\xebD\x8c\x8d}}B\xb1\
^\xb0\xf7\xbe\xff\xadj$\x04\x0a\xf93.\xa3\xa5\xf6\
<\xffW\xd0\x09\xb0? \x22\x1f*3\x16\x14\xbcj\
\xe1\x00{:\x0e\xa23L\x0a\x83aUB|O@\
\x05C\x96zK\x14\xfeEn\x19\x7f\xf0\x1e\xa4nj\
\xefk\xcfn\xf5\xc0\x95\x7f3\x08P\xcc\x01\x0a\x15X\
f\x0dv\xd8\xfeG\x8a\xdd\xe1\xe4\xc4>\x82\xf5C\xb2\
\xb8\x5c-\x09\xe9Z\x0c\x86\x9e\xf0\xfb\x1b\xfe\xfbW:\
\x07d>\x7f\xfd\xd7\x93\xc8\xbe\xc7\xa9q\x86\x07I\xb8\
F\x0a0\x0d}CZ\xab\xc4R\x86\x7f\xe3\x9d:\x9e\
\xfaT\xdb\xadx\xe9\x9fh\x14\xf1\xd8\x1crFg\x0f\
\xdf\xf61S\xf8(\xf8\x99\x96|\x95u\x86\xe5`g\
6\x22\xd7\xfe\xb1\xdc\xcc\x8b\x81\xe0\xac\xea\x97\x16\xe8\x8f\
\xe4\xfd U\x1a\x96\xa5\xee,\x0b0lP\x15\xe0B\
\x96\x99\x9b\xafp7\x88\xce\xd2\xd7\x5c\xcf\xd4<\x96O\
\xf9\x90\xf5t\xdfZo\xb4\x079y\xf4\xd4\x1c?\x15\
\x0d~\xa4\x13O\x07\x9e\x155|=UO\x04\xfd[\
\xaa9\xbd\xe5\xf6Z\xaa\xa1\x86\x11A\x96\xa2t\x9a\xa2\
S%\xdf\x00\x9ffJ\xa02\x86NV\x80\xf4#\x1d\
\xaf%\xa4\x14h\xc8\xcadx\xd4\xac\x1cH\xf9\x94\xee\
>\xdf!\xe6\xcb\x84G\x80\x0c\x9d_(\xf4Ut\xca\
]\xa8=P\x87\xe8\x82\x89\x9eU\xcf\xa2\x8f\xb9\xd5+\
\xc9\x14h\xd9U>S\xfa+ln!\xe3\xa7\xeb\x08\
\xceP8\xcbU%\x03\xbf\xc9\x8d\xb2<\x85\xd7!/\
d\x1d\xea\x82R\xd8yZ\x14X\xb8U$D\x90\xda\
\x89\xbe\xdba\xaa\x12a\xc2\x15M\xbc\xee\xb5\x95\x9b\xd8\
\x8a\xdc\x07\x10<\x92\x10\xe1e\xdb\xb6\xbc\x97\xcf\x0e\x8e\
=\xa7\x14\xa6\xf6\xfd\xea\x9c9M\xack\xc0\x99M\xfb\
\x91\x865\x0al\xfa\xae\xe1[\xdd4\xf5^v\xc4\x92\
\xddl\xe6\xed\xccIQT%\x967j\xc1\xd7\xc3T\
#\x84)Q\xe6\xea\x88\xc4\xa0\x86\xea\x06\xd2\xd2;\x83\
\xd4M&\xe0J\xfe\xb5\xb6k\x03\xb55J\xe7>\xf5\
z.p\xbd\xed\x9d\x93\xfa\x22\xc3m\x02\x8d\x80^2\
?;6O\xca\xa1\x9cY>\xf2\xff\xe7>N\xffH\
\x0d\x0b\xf6\x1e5\x1b\x0ck\x0dc\xd5\xb8X}\xa1\xae\
4\x84?H\xd0\x7f\xd5x\xf4R\xc3\x1b\xba\x8ce\x5c\
m\xb9\xdc\xc0]\xb3\x1d\xcd\x05\xb4\x09\xd4\xf7\xf8\x1d{\
\xb2\x16h\x88&\x1c\x89\xd5\xfd\xaf.-\x12\xc9\xdd\x19\
\x0e\xa1\x817\xd7\xc5b:H\xb1\x89x\x0d=\xf0\x94\
\x1b\xeb\xd6\xc1`\xdc0v.\xf0\x96\xae\xf6\xc8\x91\x07\
\x19\xc7\xd2\x88k\xd4c\x17\xfe\xf5\xaa\xf0\xc6:\x88^\
\xba=\xff'\xe9\x90!c8\xab\xb6\xe8J\x5c\xef(\
\xe3\xea-\xa1\x9e\x8cE#j\x85N6\xde\xe6\x1a\x98\
\xd67\x94?\x0b\xd7o\xb5s\xe2u\xff\xab\xff\xf9\xee\
\x959\xc1\xcf\xa4e\xf6\xdc\x8e\x92W}\xf3i\xdf\x1f\
\xda\xbb\xc4\x88\xf0o\xda\xfa\x09s\xc3\x04#u\xc2\xaf\
\x8f\xf5\xb9\xcb\xbe\x86\xb9\xa3\xb3\x1d\xc4\x03\x12yM/\
\xc4\x822\xb0`\xc5\xbe\xba\xad\xbfi)\xad,\xdeB\
`#~\x87+\x06\x1ds\xd5\xdaO\xe2\x19\x01\xc9\xbf\
\x09]'\x8e\xda7z\x8f\x16\x82\x00\x0d\xd0H\xcca\
\x10|\xa0\xc2\xfd\x5c6ZT\x0a\xd0-\xd3\xae7E\
\xa5c5\x83\xcc\xcb\x09*\xbe\x1c.[\xe1\xa4\xac\xd2\
\xdc\x8cB\xa8\xdc\x99\x9f\x87v\xcbcV\xd7\xc8P~\
\xbb\xbf:\xad2\x0c\x8b\x9dJ\xbb\x1a\xf9\xaf\x8a(?\
L\xa1\xb0\x11\xc8\x8a7\xe1+I\xfd\x80\xc0\x17\x9f\x83\
/\xbd\x95\x9a\x15)D\x8aE\xc2B\xf8\xde\xae[\xe1\
\xe9\xbe\x9b8\xa4tU\x844\xa7\x09Ose{\x0f\
m\xec\xb1\x94o \xb1o\x0e-\xb8/\xe4NF\xeb\
\xec\x22\xd26B\xa8\xa1\xfa\x09)D\x03L-\xa8B\
\x8c\x9f\xd5E\x84\x5c\xb0\xed\xb3\xa0\xff\xfb\xec>@\xa9\
\x89O\x01\xdf>7#|\x15\x9b\xca\xfc\x89y\xbc-\
VnR{\xd0\xa8\xb4\xe0e\x86\x86\x98@g\x8db\
\x07z\x82\x96%a\xce\x1d\xcc\x1e\xae\xef\xcb\xa0\x85\x1c\
\x00'Mw\xf6.\x22b\xee\x22\xfb\xf1\xe2\x84\xcc\x14\
\xd6\x03hf,\xdfet\xa8\xe1\xc9kT\xf6\x9b\xb1\
\xd5\xedD\x8aHck\xb0k5FM\x16/^F\
\x06\xa1k\xc6lR\xf3;~\xbb\xbe\xacwnNn\
\xc3pDD\xf3\x14\xb4\xb2\xdd\xbc\x91\xb8\x95\x07\x84\xb6\
kN\xf5\xcbJ[\xb87\xcf]\x1b\xf9N0:G\
\xd5\x84\x02|\x9e\x82\xb0+\xa2\x18\xd1\x92\xb5Y[T\
\xbb\xc2\x14\xad\x86\x0f\x19\xbfW\x99n\xf9{\xf1W&\
\x96-\x85\xbd+\x12t0w;\x86Z\xb8\x08K\x98\
\xc7\x16^\xfd\xfe\xcc<\xd6\xf1V\x0a\x22b\xf1\xae\xd8\
\xba\xd8S\xa2\xea\xdek\xaf+\x9b\xa6R*\xa0\xa1\xd7\
\xc4q\x97\xbf\xad|;\xc1#\xfb\x13\x8el?@\x7f\
+\xf3l@\xbfvX\xe7;\xa3rS\xb4\x9bu\x10\
\x09B\xeeA\xa1\xae\x9e.\x8ao\x7f\xbb\xae\x8b\xda}\
!i4\xf6L_\xed\xdcHBk\xed\xe5G]\x1b\
\xe8\x1d\xa4X\x0f\x10\xf8.\x8ct\x7fk\x7f4\xb9\x9f\
\x18}\xfb\x0c\x9e\xce\xb6\xe3\x0e\x09z\xe4<z\xaf\xe6\
5\xee\xbb2osNj\x9a\x16\x06\xfd\xaf\xeb\xf2\xfb\
\xadF\xe6\xa7o\xad\xa9\xa2\xd7\xc46@G\xe9\x09\xbe\
\x0a\x9d0Th\xfb\xfbF14\xa6B\x91\xd2\xdes\
\xe1\x03A\x07\x04r\x95b\xd3\x1fg7v\x88N \
\xc4p\xe7\xf4c(i+\xc3#\x7fN\xde\xf5\xe3\xe3\
I\x97\x901\x1cT\x1eH\xb5\xf5\x1e/q\xc7W\x88\
e\xe0\x19@\xba\x0f/\xc6\xben\xc3g\xf5\xd6\xba\xda\
<\xd6\x86\xe58\x07\x89\x93\xe6\x8f\xf09\xbd\xa3\xd7\xc6\
\xe8#\xe2T\x05\xf9\xb0\xe4\xbd\xa0\xe99j\xdc\xd6=\
 j&\x97\xbd\xd0\xb3X\x8d\xc9\xaa\x143\xeaJ\xe6\
\xa9\x05y\xcfh\xab\x82\xf1\x1d\xaf\x8d\x8c\xbd\x1bh\x92\
\xecpQ}#\xd2(|\xc6\x8b\xcaZw\x92\xf2\xc2\
\x0eF\xc3\x9a\xc9T\x16\xac\xefVyYc\xde\x1d\x15\
\xbae\xfc\x97a\xc8\x98\xc6\x1ec\xbf\x0cFqyD\
\xb3+\xc1A\x8aXI\xd3\x966\xa5\xb8\xd5\xe5C\xc9\
\x9a\xe6FV~m?\x9f\x91\xee+\x99W\xd1U\xb4\
\xb3\xb0\x84EW\xb8\xf6\x9a\x0f5\x8f)\x1a\xda\xda*\
_7*\xee\xb9\xcd\xc7\x93gq\xb4\x1a\xd26OM\
\x94Jo}\x03\xf3e\x99\xd7\x8d\x07\x7fM\xbc\xe6\xe5\
d \xd7\xcd\xf4!\x8d\xb2\xba\x831B\x03Q\x87\xdc\
;\x08\xd1\x9d\xc6I\xd8\xdc]\xf6\xf8m\xc3\xca\x04\xbb\
cfM\xbc\x0b\x8c\x1b\xc9\xb7@\xe5t\x1e\xa0\xd3\xe4\
\xab\xad\xf1\x8a\x15v}\xf0N\xd1\x91\xe0\xb8\xe6\xba\x94\
\xdb\x91E\xce'p\xf9\x00\x89V\xf0l8\xf1\x86\x0d\
\xfa\xc5\xa9\x7f\xe1\xe5y\xef\x82\xa0\xc1k5k\x9a\xf7\
7\xf4NO\x88\xc9\xdb\xd6\x0e\x0c\x0bW^\xd9&X\
,\xba\xcb\xe3\xd3.\xbb\x07\xb7\xc7\xbb\xcd\xdc\xa9BQ\
\xd9\x15\x85\x0f\xadL\xa7`\x9a\xe8\xb8\x1e\x1f\xba\xf0\xe0\
e\xed\xfb\x94\x0f\x17\x1fV\xf9\xd0\xf2\x88P\x8aI>\
(e\xcfF\xef\x8f1\x17\xf8&t\x89\xf0\x14E\xc3\
h\xaf\xed\x0e]sB\xc7\xe2\xd9\xf3\xbb\x15\xcd|\xde\
\x01\x08f$\x1c\x0a\x05\xe3\xb1\x8b\xe2\x0e\x0c\x22\xc2\xf0\
0\xc3\x98X$\x16\x08\xc2\x97\xa0\x16\x84>\xce<W\
)l\x98>\xfdo\xb9\xee[\xac\xfa;\xd2\xa0X\xe4\
K\xb4/\xb8\x1d<\xf3\xadn\x1d\x89\xe58\xbc\xec\x0b\
u\xd9\xf5\xf1\xbb\x1e\xf7\x8edD\x91D\x04F\x07\xd1\
\x17e\x99\xa2\x83\xae/\xbd\xd5\xf6#\xb0W\x91*z\
)i\xe4\xe6\xef/\xdey\x98GH|\x03\xccEM\
\xc1\x00\xfal\xf4\x16L\xd0\xd2\xaa\x03(l\xe5[\xfe\
\x10Z<\x0a_<\xe4\xcf&\xcayS8\x10\xb9Z\
\x0dmrQ\xa3c\xa0\xb6\xa5\x12lI\x0bAv\x8f\
\xb4\xbdR\x8f\xe7\xefe\x1b\x0f\x07P\xdf\x99\xc2\x89w\
p$\x1e>\x91O\xf09e68\xfb3\xdaF\x08\
G\x94\x01\x5c\x01^\x01`\x01Y\x05O\x07\xd9-\x0c\
\xc0\x03\xd2\xc4\xb0\x00\x8d\x8a\x0d^L\xf5\x06&r\x08\
Q^L7bH\x1f\xd4\x92\xf2\xfad\xed:q\xa9\
#.$\x9ckm\xe9\xc8\x85\x16*3\xa7\xcd\x0b\x94\
\xe3=5F\xc7\xd2\xa4\xdd\x05i\xbd\x1bE\x9c\xde=\
z\xd6\xa7\xc7#\x87\x8f\xf7x9[\x91\x91\xcaz\xd9\
\x9f\xeb\xf5|\xc68g{|:\x97{j\x89\xca?\
\xe7\xeb1\xd5\x0c\xfdj\xa0\x8bI|\xea\x0f\xb2JY\
\x96\xd7\xbb\xe5:\x97\xc8\xf5d\xe08\xda\xa3\x90e\xfb\
\xb9\x87\xd3\x0ai\x7fc\x0b\xba\xc0(HR\x92\xcb\xa1\
P(\x1bU\xed\xe9Y\xc9\xd1\x1cJ\xd5\xc3\xff\xf2~\
{\xfe\xbd\xcf\x91\xe7/u\xa0\x11\x05\x93\xd2\x5cw\xf2\
\xad\xab\xde?T\x82\x81\xb9\xc1\xaf%\x8b\xde\x08\x08\x95\
*:j\xe9\xb8\x1e*\xc1T\xb3\x93L\xfc;\xd3\xb4\
?R\xf5\xed[\xca^sgd\xfe\xce\x9f\xce\xaf\xd0\
\xf3\xbe\xca\x08\x8d>j\xa6 \x83\x81\x82\x8c\xcf\x94\x91\
\x91\x99\xa1Q\xd5\xfc\x1f\xd4\xf7\x97\x9f;?y\xdb\x9a\
\xa7\xd3\x05\x99\x19\x1a\xaa\xfa\x13\xcf\xc4\xf4\x9a$\x91L\
|\xd1v\xa3&kL\x99\xcd\x13\xeb\x1aDT\xf6\xa2\
Y:tf\x93\xc6A\xd6\x12/\xd5k\xaa.D:\
?\x1b\x9d\x1a\xdc\xb8\xdf\xac1/\xa5\xf9c\xf2q\xbe\
y\x7f\xdb\x0c\xba}J\x1d\xd7\xc5\xa7c\x7f:},\
\x7f,\xc9\xa3\x06D\xff\x0b\x1f\x87\xe2u?\x89\x89x\
\xe3\xef\xfa\xecx\xedx\xdb\xe7U\x07\xbd&\xa2;q\
\xa4?\xd3^\x1c (0u\xc5\xe2\xfccN\xb0z\
1$\x11\x9c[K\x84\x91\xce\xf1\x85\xde\xd6]?y\
\xfe\x1fN\x0bV\x84o\xef,\xed\x99@\xc4e&\x8a\
\xb5[8\x13i\x8d\xdep*\x09\xaa\x1d\x1c\xb5\xd1\xc4\
\x06\xb1\x97\xe8 \x16\xf44\x97^\xc6\xa1\xfb\x9ff\x80\
\xfc\xce\xb7\x1e\xef\x98\xcd'-\xd0\xf8\xb54\xde\x93Y\
:I=\xf3!Mlc\xa3\xc6\xf2d\xfe\x08Rm\
N\xf5\xd6\xc1\xb5\x9a\x9dn\xae\x94J\xb2gNI\x0e\
M\x89\xd1*\x8aLe\xed|\x9a\xf6&\xbb\xd9\xf7\x86\
U\x96\x8b\x04s\xd1\x16\xe0\xa0\x1e\xe0[\x0b\xe9\x14[\
\xca\xacs\xfa\xaf\xa5\xa5\xcc\xd1=\x06\x82(\x12\x89\x02\
\xb8M\xe0\xda\xf3\xe5\x91\x188=2\xc9|n\x1ag\
\x99-\xae%\x97L,\xb1\xb8\x8a2va\xado\x1b\
VZ\xcdJ\x09\x8c\xe8\xaah\xb6\xba\xc1\xd9\x00\x0c\xe1\
\x10D\x8aCnwd\xb8\xce\xdci\x11\x0b_b\xec\
U\x22\x94\xc3bo*\xaa|\xcb\x0c;\xe93\xba\xf2\
6F+\xbc\x98j\xf9\xe6O(\xa3y1\x99\xbd\xa4\
\xe3b\x00\x8aI\x82\x9aa\x06N\x19%\xd5\x17\x8dy\
\xdco\xafBZW\xcdS\xef\x1b\x03\xa3\xcea\x19=\
\xd0\x1a\x93\x13\xc1\xad$\x18\xa9\xe7w\xdd\x18\xc1\xba\x8e\
\x97\xa9\x0d\x95;\xc09y\xf0J\xb0\xe2\xadf\x0ax\
(\x06e\x053\xc4\x8fC\xb6\xc2\xdf\x22J\xd8\x85\xc0\
\xf0qxc3\xb1\x91\x19\x92\x96\x96\xa0\xcf*yU\
\xd2\x97\xc4\x01n\x19\xd8\x84\xb0\x01!\x0fO\x88\x10 \
@\xe0p\xdd\xe7\xeeN\xfa\x8e.\xb0\xd9ttD\xb1\
V\xa3\xd1f3\x1c\x9cX\xec\xf5r\xb9R\x13\x04\xa4\
\xbev\xfb\xbb\x87,uu\x80d\xea\xf0\xb6dTE\
\xe0\x05\xc6\xd42\xe9P\x13\x08\x10\xe2\x84\x8e[bo\
\xa5\xc8\xcb\x81\xfaYKeY\xe5i\xcd\x83\xffw\x1f\
\xea\xf3S\xcf\xea\x84\x8awwU\x1b\xd6\x9b0h\x8a\
\xf7\xc6M\xa6n\xebh\xc7\xee\xe0n\xc3z\x93\xa6L\
\x88\xd8\xf8\xba\xc9\x83\xd5\xd8\xd8 \x800\x11\x05\xd6\x08\
\xe0\x88\xfc\xf81`\x10\xec7\xdf\x11}\x1c\xc1\x15\x0d\
J\x85\xe1\xb1\x1d9h\x13Q/\x18\xd8;\xaa`~\
\x0c\x8e\x18W\x94FeA\xf1E\xf6\x80\x92\xbf,\xf5\
-4\xc0\x0ba\xc2\x90\x80&\x7f'<9u\xfai\
\xa3\xa0\x8f_2\xbc\xb4J\x10\x85\xca\x9cR\xab\xa5\x9c\
!-\x09KB\x04$,\x84\x8d\xd7|\x85'\xb8\x9e\
\xae\x90\x04\xdfN\xc2\x95pFY\xf9\xda\x19\x18\xa6\x84\
\xa4\xde}\xc8\xa7\x05\x17`\xdc\xaa\x04t\xb5\x08\x06\xa4\
\xf0S\x17\xe8B\x9f\xab\x89\xeb\xb9\xc6\xae\x00#\xf8\x97\
\xbb\xb8N\xb7\xed\x86\x1f-6\x7f\x87\xcc\x03lk\xa4\
EIh\x22\x22#\x94R\x16\xa35_&\x9d\xfd\xa1\
\x89+,\x96\x1a~v\x13\x96\xabE\xe4\xf8{O\x8e\
\xb6\xd7jM\xbb\xdb\xf1\xbb\xbb\xedp\xb3G\x9e\x16o\
!\xbd\x18\xb7\x05\xab\x1a\x8eY\xc6\x12\xa1\xf5P\xca\x8e\
,V\x05\xdbm\xd5\xc6\x86Z0y\x9am\xa5o\xa2\
%\xc5\xdam%\x91*/\xfd\xce\x80u\xd5\xa8\xe8\xad\
M\xc1y\xff\xfcd\x9f|_/\xe5[\xed\xd6Z\x9e\
\x1a\x15UCY\x19+\x13\xf9_g\xc2\xe1_f\xbb\
\x1b\xf3i\xeb\x1c\xac\x0dl\x90\xb7\xfdPU\x8eZ\xf5\
D\xda:E\xda|mi5M\xd1\x9b\x87\xb8\xaa\xdf\
\xad\xef\xf3jF\x8c\xe3\x99+x\xbf3\xddfO\xfb\
\xe42\x96\x13\xfd\xea\xdf\xfc$\xbf\xbc\xfd\x22\x0a\xffl\
I\x96 ?\x93V\xe3\x5c\x7f\xccv\xac1\xbb\xe6s\
G\x1d\xf6\xc7\x1a\xdd\x81zUV\x0ff\xa1G\xc63\
|\xa3\xee\xa7\xb55\xa3\x8e\xf3\xd4#\x9f7a[\x1c\
\xeb\xd9\x06\xe9WL\xa9\x14\x81&\xa47|i9\x7f\
\x16\xf7Y\xae}\xbbWr\xd4\x95\xe7\x96\x86\xb3r\x1e\
\x0a2\x9f\x08\x86\x80.\x0f\xd0\xbd\xa9\x0c]\x98>\xda\
\x14\xd8\xb6\xb6\xa4\x12^\xe6\xf0\xf6\xfe6^\xb6\xad\xa0\
w\x90Y\xbc\x00o\x85\xd6V\xc3\x07=\x8e\xb3q\x96\
\xd3I\xcc\xf9\xe5@N\x0d\xbc;\xe4\xa8B\xd6d\x8b\
:\x80\x0a\x87\xde\xa8\x13\xb8U\xabj$IJ\xc3\x1c\
\x93Q\x10\x14\x0c\x0a\x0a\xe5\xa1\xb1x\xb2t\x1f\x83\x82\
X-*\x03\xcc\xb1\x11\x90\xe1P\xc4 \xc4\xb0Qd\
\x02\x11\x11\x12\x09F\xd2$\xe93G\xa4;\xf0#\xe6\
\xfd3X\xcfe$\xe6\xe5\xf6H'\xd1'X\x94O\
\x83\x98\xae\x17\xe1\xd3\x93A.O8\xe7\xd9'\xd7\x9c\
\x19t\xcc\x9dE\xe1\xb45\x96O\x10r\x9f\x0a\xf2\xf2\
\x88g7\xde\x11\xd4\xa3\xe9\xcb\x0eB\xe9\xdb\x06.\x1e\
Z9\xa2\xee\x7f\x5cS\xd2O$?\xd0\xfe\x1e\xa1_\
\x14I\xce\x01i\xfam\xb1D!\xa2Hi\xedz\xf2\
N\x17\x88\xf0'\xc7\x96([!\x16\x89?[\xd1\xe3\
#\xf1\xd0\x955Xn\x97z\x95\x0f\xe6(s\xa8\x1a\
\xaaf\xcf+(\xdc\xb5U\xe5\xc9N\xf5\xa1\x92\xd0t\
\xa00%\x0a8&\xeb@\x1b3\xc1\xf1cTAK\
v;\xd3\xb5;d\x85\x85m\x87\xcbNQ\x0b\xd2\xea\
\xc3\x88\xf1Q5o\x0a\x816Q\x850\xf6\x91\x0b\xb7\
\x08\x92\xe9\xae),m\x1a\xbfD\x03\xdc\x95\x91\xdaW\
[\xe1\xefK\x00k\xd0\x90\x5c\x02\x00\x1a\xceH\x9e\xe6\
d\x81\xc4\x96\x1d\x99\xa1\x9b\xc43\xa5\x9e\xb3\x9f\xe4&\
\x81\xcc\x1cu\xb5\xb6\xdf|\xf8\xb6\xb4\x93D\xdd\x08m\
i\xea\x88\xac>Y\xc0s5h)\x17\xbe\x830\x0c\
\x81S\xbb\xed\x85\x12$\xb8\xae\x8b\x83\x89\xc56\x82\xd6\
x:C\xb5\x95du(\x81\xc0\xddX\xca\x1aMA\
\x22=\xd1.+\x99Sb\xe8S\xaa\x99\xcd\x098d\
\x980-\x08\x17\x0c\x12\xe9 \x0f\x9ek\xa9y\x87\xcb\
\x81\xeb0;\xe0\xac)\xc1\x10\x06\xef\xf6q\xe1!\xff\
\x0b\x0d\xe8c\x11\xc2\xb8\xbc\x84\x16\xde&Q\xae\xd0\xba\
L\xab\xe8h\xbbo\xcbL!=\xcc\xf5\xd1\x0a\xc6)\
\x1f\xf34\x0f\xc3\x0b6G\xee\xa8\xb08\x1ek\xa8\xbd\
\xa7\xcc\x08$\xa5\xa8\xa21M\xfcl\xd14\x02\x03\x8f\
\x0d\x0af\xa2\xd4N\x96Zx\xcd\xfa\xbf\x17\x1b\x1aX\
0=r[c\xc1T\x16{\x81\xd2\xc5\x0b^\xc1\xcd\
\xfd\xc6]W\xb9x\xe4/\xc2\xf4\x06y\x0f\x83\xc0a\
{[\x1bs\xb7\xe6]\xecc\xee]\x14/\xc3\x0e\xd8\
\x22\x8c\xf4\x9d\x11E\xdb\xe3\x0e\x10mVO\x83\xf6~\
\x0e!'\xbd\x89\xb4\x16\xec\xa0\xa0L\xc4P\xcb\xce\x8e\
B\xb7=\x9b,A\xd1\xe9\xba\xaf~\x02\xdc\xb3b{\
\xc8q\x1e`\x03_u\x94\x0c`b\x93\x81J\xb8(\
\x11\x0b\x17\xe4s\x8a$,\xb2Kp\xc20b\x1a%\
\x86$\xcc2\x06\xdeIb\xefv\xbc\xa7=\xf1\xd6\xf0\
9\xe2\xf5\x95\xa5\xd4A\xa2\x9b\xa0b\xbf\xe1\xc8\xc0\x9a\
;\x9aX<q\x22Z\xb9\xb1\x19\xfe^\xb2\x80N\xf1\
\x9b\x97CHpV\xfc\x04yH\xfbc\xd9\x02\xac\xd7\
~\xfb\xdf1\xf7e\xc9*\xf8r\xfb\x85\xb3\xd6\xa20\
\xa3\xeb\xd8\x06\x91\x97/\xf0\x01\x97W\xc0*\xa9V\xb6\
D\x12&#\xc4\x81d\x06y\x92\x0e\x939\x1f\xc0W\
\x9c_\x90@\xb1\x8b\xc8Q\x14q\xd2x{V\xb4a\
f\x12f\xcf\x8f\xbe\xacn\xec\xa6\xb8}\xbcq\xa2\x92\
\x86\xfd2X\xf4\x03l\xd7`\x18`H\xf6\xcb&0\
h\xdb\x5c:\x89(\xcd\xcd\xa4]\x8a\x0f\x06\xa4\x15@\
\x8c\x06\xf0\xa7\xf7,U\xc2&\x83^\x04(\x0a\xfd\x08\
\xa3T\xab\xc3\x06\xb8\xe1\xc1\xcb\x19K\xe65Y\x9be\
\x99\xb3\x9a\xa0\xc8z\x853\xcaB\x8c\x81{gQM\
\x0e\x8d-^\x10\xf7\xce\x08\xd1G\x84\xc3z+X\xac\
\x0a\xe5\x0b\x0fb]\xd6?\xee\x8dT\x12\x8b~#\x1a\
\x9c\x85\xe8\x03n\xec\xecVR\xd0\xc1C\x94\x0ey\xce\
\x9f_\xc0\x93\xea\x1fx\xe5\xa1\x17\x11R\xbc\x16@\x18\
\xdeU-\xe3\xf6\xb2\xbf\x9a\x82k\x0b\xffj'?h\
H\x0a\xf9\x17\xc8\xccUO\xa2\xfcM>]0*H\
\xedJ/\xc8\xff\x11\xd2mR\x9d@\xa6\xef\x02\xee\xa3\
\x10\xc8E\xc9\xfc8V\x11 \x97T 6.\xea\xe9\
\x01\x12\xa2\x17K\xdf \xe2\x13S\xa5\x95\x01V%\xb8\
\x9d2&\x02\x89W:\xd1\xd7\xfa\x14\x81\x14\xe9\xc6\xab\
.\x851i\xf0*\xbbj\x1cN\xf0\x8au\xa3I_\
\x19\xe4ir\x18:\xf2\x1b\xa2IP\x06\xb5\xc0\x98\x87\
\xf0\xbbq\xeac\x87\xc9\x92\x84I\xe2L\xec\xfbU\xfd\
\x0d\x14\x12;\x0e0\x85\x88u\x16\xc3\xcd(\xc1+-\
\xf5\x03\x14M\xf4\x07\xf1\xb0Y\xebP\xe7\x8d\x92\x1a\xb6\
A\xf2\xed\xd3\x92\xed\x8d\x18qC8\xa8^\xbec\xae\
\xaa\xc9?&[\x9f\x99+\xd2\x97K\xd8\x11\x5c\x8f\x84\
j\xa5\xe2\x9f\xf0k\xcf\xf7\xac\x8a2\xde3\xd3\x9e\x92\
\xb3b<r\xc9\xa6\x88At\x13jw\xda\x94\xe6\x8d\
M\x5cB\xc5q,z\xa21\xac\x93N\xe7:\xad\xdf\
\xaf\xd6\xf2\xbdkP\xe7\x85\xca\x93\xa1\xe9] \xfa\x03\
\xe3\x07\xb8\xc3\x83\x03\xda\xc9]\x8b}O\xaa\xdd\xb1o\
\x0b\x0dq\xff>\xd7Z/\xdcT\xcb\xc5o0&\xf3\
\xb0\xba\x16\xd2m%5>T\xe7b\xde\x18n\xad\xac\
\xe1\xef\x97\xea\x18J\xbcZ\xe4 %\x83c\xba\x92\x9c\
0\x9f\x09\x0f\x0c\xa7\x9cM&\x8dG\x90\xe6A\x96\x1f\
\x83D`\xdf\xd0D[aL0\xb0\x0d\x8fb\xc3\x96\
M\xeb&U\xfb:9\x18\xb7\xda\xe0\xa0\x12&\xff\xa1\
\xc5\x8b\x19\xaaM\xc9\x02\xc8B\xb2\x14\x00S\x97\xfd\xc4\
\xdey\x9d\xbe\x89\x16\xfc\xe6<\xe8\xaf\xc2\x16\x06R/\
b2\xab|l\x87\xfb\xc4\x0d\xdd\x9f\x9f\xa7\xaeU\xae\
\x01\x84\x02\x1eR\x0a!\xd5U\xb9\x9b\x10\xfc\x14\xbb\xbf\
\xb4\xcb\xd9\xa3\x1dLW\xc2?\xeaK\x7fp\x16)\xd7\
^\xb4\xcd\x98\x00\xd2\x16\x9f0D\x00\x1cS\xfa\xb3%\
\x1e\xf4N\x8c\xd9n\xff\x94r4g#\xeb\xc2$\x9c\
\xc2b\xae\x8d\x8c\xa7\x99\xd3e4\x11d\xc2<\x1a\x0f\
\x9d6\x95w\x92\xcfU\x92\x8a\x13JB\xde\xd3_\xbf\
\xec\x1c\x02$5\xe4\xf9\xf7\xa50\x00x[u\xdc\xb9\
\x1a\x84\x0a/\x17\x19\xc2\x8a\xf7x\x8d\xac\x8b\xa5\xd3\xdd\
\xe3\x9a\x06\x0aI\xd8}\x5c\x22M\xa62\xa5\xc9\xca\xa7\
\x03A\xe0\x8d\xb5\x14\xa3!\x1afk\x01\xff\xe0\xe3K\
@F\x94D\xc3\x8c\x8bd\x86\x8a\xbb\xfc\xfdj~\xe0\
\xe7\x86\x1e\x08\x12\x1bit\x91t\xab\xd2C:L\x99\
~\x94\xed\xb2\xfc\xba\x9f\xd7\x0e\x8c\xe8\xa6\x0c\xe4\xc6m\
\xbbcs}\x0d\xd3\xca\x90=\x0e\x0c(E\x00\xa9P\
\x9dSNVw(k\x02\x06\x12\xa0\xf6~>\x04M\
zv}\xceC$\xdeD`\xd7\xd4K\x17'\x8d\xa1\
\x8f\x12\xa4\x0e\xa2h$K\xda:\x94\xcfH\x1cX\x0c\
\x9c\x8c\xb2\xfb\x96k_ \xd28\x07\xdei\xad\x97\x0c\
\xa9\x87\xa9\xff\xd3\xed\x9a\x13\x80\xe1\xbcu\x03F\xa2S\
\xdb'P\x8b\xdbN\x11\x02\xcf\xe5\xe3\xb0de\x9e2\
<\x90\x90 \x8eg4\xf1\xdcW\xa5\xfe\xe2C\xcf\x15\
)\xf6@o\xe2\xb8\x90\x16T\x83\x80hS\xbd\xf3+\
\xea`:\xceB\xe5\xfcA\x00$!z\xec\x87\x06\xc4\
\x95y\xc0\x18\x1e\x95h\x93w|\xc7B\x004\xd5\xf2\
S_\xebD\x95\xeb8\xef\x83\x09\x94y\x81T\x08\xcb\
?\xc5\x88f~\x9c\x0e\xee\x85\xa4\x8c!g.\x12%\
\x1c\x05\x87\x80\xfd\x1a0\xc4\x0b\xee\xe6\xd6\x101\x92l\
\xc6K\xb34Nx\x85\xceC\x82/\xa8C8P'\
\xaau6\xa0\xe6V\xa8\x87\xc4\x8cCx'\x05+\x9a\
\xedM\xea+\x87\x9a1a7)\xc7\xb6e\xc5\x12\xc1\
\xca\x8bvs\xc2#\xbby\x9f\xd8\xdf\x22d\xb2\x90J\
E\xd2\xca3\x82\xbcafh\x87O\xa2A|\x93\xc8\
\x8d\xa9\xa0\xe4m\x15\xdb\x10+\xb9\xae$\xdfGz)\
\xc7\xaf\x08`T\xcb\xd8\x9f\xc7H\xa6\x9f\xdd\xa7\x1b\xb1\
\xb0\x0a\x12\xcf>\x0bV\xc42\x8f\xfc[\xe8\xe1\xea\x8e\
\xa5(\x13kKl$\x94\x8dL%\x8c\xa4T^\x84\
\x9b\xf1\x8d3\x1f\x07L\xcf\xa17\x19Zm\xc8+ \
\xfb\x0a\xc8_\x09R\xd7C\xd2U\x90\xbf\x12\xa4\xae\x87\
\xa4\xab \x7f%H\xb9\x86:\xd4\xd91\xe7%\x17U\
\x96d*\xcdU\x05\x81\x10\xb3\xff\x85\xbfq\x0e~\x82\
\xf3\x22*\x09\x1c{\xe3o\x11\xb3*\x91b\xcc\x22\xc2\
\x16n\x80\xc3O\x09\xf9@\x9fD\x84\x83\x17$\xa8\x17\
t\x1b\x00E\xb6)\xb0\xf0\x84i\xb57R\xffz\xcc\
\xfa\x00G\x96s\xc6|7\xac\xfa\xfb\x99\x97\xb7\xbd\x16\
\xcc\x16\xf6\xfd\xc2\x86uX\x8c4\x9d\x9b\x00\x04\xf2S\
\xc1W\x81~{\xf0\x9bON\xe4e\x91^\xe7o\xca\
\x0b\xd7\x18\x12\x11\x9b\x9bW\x16!\xd1\xc0Z\x939\xe7\
\x0e\x88\xcd\x85v\xf6\xc5`\xfd`2\x9a$\xcf\xd5\x95\
\x03\x5c\xc1A7\xe0;A\xfa9K\xd1\xec&'\xe5\
\x84m\xcbY+{\xd6\xcc\xe3\x0c\x17\x1fF`P\xcc\
\x07\xffc\xb6/N1\xf2\x15x\xd9\xbej\xab9\xf5\
\x0dv.5C\xfc\xe9\xbc\xd9=\xb2\x087>\x15\xb7\
\xdeoa\xc9\xbd{:\xd6O\xa4\xaa!\xbe\xed\xc8\xef\
\xd4\x92\xb95\x89\x1a\x15\x8f=>+\xd0\xc2\x9b\x1a\xfd\
\xe5\xaa\x1b\xec\x97z\x15\xb4\xf6\xcaq${\xb5\x9a\xea\
\x81\x13\xd9\x8ba\xff\xd5\x0e\xfc\xa7\x0a\xfb\x15\x92\xce\x1d\
^c\x0d\x082\x0b\x94\x0fR\xd0\x191\x9a\xa9L\x8f\
X\x0b\xf4\xe56\xbf\x11\x8c\xe4\xdd0d\xcbV\xcc\x11\
\x0e\x01\x812\xd2\x02\xb1\xbf.\xee\xf4\xb8y_\xc2,\
^\x0d\x08\x04\xddg\x1e%7y\x17$\xac\x00\x87\xd9\
\xa7\xfb\xa5\xaf?[\x89\xb3\xd0\x97-7\xde\x5cp1\
\x11\xde\xa3Ud\x95\xef\xe4\xd4\xc6L=\xbb\xff\xfa\xe7\
\x86\x97g\x0e\x1d\xf1\xa8\x88%\xf3j\xfc\x1e\x8c9\x13\
Da\x09e\xb6P\x07\xfc\x9b[\xade#\x5c,\xc4\
88\xb2\xd3\xdai\xf4f\x16\xdbN\x0e\x8d\xc3\x0b\xb2\
\xe9h]\xa5\x0d\xba\xe9\xb8\x14\xca\x04\xc2(\xc5\x1e\x1f\
}\xbd8\xd3#\xf7\x0d \xb6\xcc\xaf^r\xdc\xa6\xeb\
pk&\xee0x\x05\xf8\xd51\x13\x9ee\xe0~g\
\x8f\xe3\x9b\xf6\xc2`d\x8e\xb8\xef5.Q\xf5Q\xdf\
,\x92\x06Lh\xf6{\x9a\xab\xb1\x88D\xaej\xe8\xda\
\xef-^\x91\xdc\xe7E\xf2\x00l\xaa\xd8\xfc\xc5j\xe9\
\xc3\xbc[x\x90t\x8b\xe8\x1e\x15\xb8L\xedeK\xc0\
\x86$\xa6fe:\x18\x1d\xe2\xb4Um\xe3H\x83\x5c\
1}\xda\xbd=;ZI\xdf\xac8\xc1_.\xf5\xf0\
*\xef\xe1?\x7f\xfe\x18\x9d\xae\x06\xbf\xc2\xd0\xe3W\x97\
Z\xb12#6\xb0X\x91\x09ubbE\x0d\xe6\xf9\
`\xb0#\x1f\xb4 T`\x7f\x80\x0b\x84\x0f\xa0\xb3\x9a\
M\x0fL\xaa5\xd7\xba\x89f\x0daz\x94\x90\x16\x9b\
S\xe9\xdb\xef_$\xd4\x8a\x90\xb2\xc2\x1dbY\x92\x1d\
\xc7\xf0\xa9d`l6\xe4H\x0f\x1b\xd3\xf5\xed*\xeb\
\xca\x09\x0b\x0d\xcd\xae\xd9\xce\xfb\x9f\x96&\xb8u\x0f\xe9\
\xc7\xaekf\xba\x9f/]\x0fna\xc1Tf\xac/\
\xecx(\x92\x9c\xd7\x06c)\xbc\xcc\x00\xe5q\xa7$\
9\xb1]o\x05w]\x02\x1fi\x16b8\xf1U\xe9\
\x9b\xc5\xe5\x08\xb3c$R)*F\xbd\x83\x02\x87\x17\
\xe0\xc3\x17=\x9a\xcd\xc4Zb\xfcK\xed\x165\xa4g\
\x80\xfc5\x5c\xe7uy\xd5\xb1R\xb0c\x8d\xa4f\xaf\
Q\xd6\xaa\xf6\xe9t.Ls/,%x\xf7\xcf\x88\
mZ\x1a\x93\x02{!x\xbc\xf6a\xd5\xb27\xb2k\
\xb0\xc4\x0a\xce\xa4M\x835\x884\x83\xf9\xbc\x10Kq\
f:`+\xfa\xdf\x8eg\x90\xf7\x16\xee\xd7P\x0b\x00\
\xe8z\x91\xe5\x80W:\xdc\x9f0[\xd6\x1f\xdf\xdd\x03\
.)\xe7\xb9k3\x0ceN~+\xe3>M\xf19\
\x98\x1c\x09\x16\x84\xef\x1b\xfa\xc3Jo\xbb\xe9\xf0\xd9\xf2\
e\x5c|\x96\x9b [\xfe\x89\xbb\xd9\x1f\xcf\xecC1\
\xb3\xec@.\xa2h\xebC\xb5\x866\x0b9\x9dY&\
=j4\x90A\xf6m\xb6\xa1Q\x9fz=;\x00\xbf\
\x09\xda4\xed*\xe8XZ\xef.E\xb3\xdbp\x09:\
\x0f\xad\xcb\x93N\xb9j8Y\xc9\xfd\xf2/z\xaeb\
\x10I\xcb\xf3h\xfe\xf2\xeaGJ\xfa#\xd8\x80\x05\x16\
\xc2\xe5\xeaR\x19K\xcdmm\x7f\x0f\x9d\x16fB7\
\xdd(\x8a\xe7\xe7\xda\xe9\xdb\xb8\xda\x1d\x1e\x0b\xa7\xe3\x91\
\xb9G\x80&(\xb4{\x9c\xd4\xc8\x8e\xec\xe3\x9c\xd3`\
\x86\x93\xd3\x94(2\x1c\xa0p\xe0\x15\xbe6\xe4!K\
\x1b\xe6\x93 \xd7\xeb\x80\xca\x0a\x02K&\x1f\xa2\xdc\xe6\
\xe1\xe4\xcb g\xac\xdf\xedP\xe7\xe0\x16\x00\xdd\x1b:\
 \x19\xd1G\xa1Z\x87Pq\xb3\x1f\x9b\xe8\xd0i\x15\
q\xa1E\x80a\x8b\xcc\xda\x91\xd3\xe4\x0aa\xd0L\x9e\
\xb6\xfc\x8c\xb3C\x0a\xe1\x06\xa6~\xb4\xe3\xcbB\x89\x95\
\xe9U&\xb3\x13\x8a\xf4\xbfl\x90\xa1\xfeH\xae\xb42\
_.\x5c\x97\x88\xff\xd3r\x00\x0e\x16\x80\x9c\x12&\xd4\
A\xfd\x8bn\x9b\x1b\x8a\xcc\x8a\x83X\xb1\x02\xa1}\x03\
\xb0\xcf\x04\x9f\xc4\xd4\x22\xdaJ!#\xfa\xfe\x11\xf4a\
\x88\x87\x86\x89\xbd\xedG\x91\xe6\xbc\xafg\x1d\xd4?\xd6\
\xe7\x09K!FT+Q\x9b\xd6\xaf\x91\xe4Cgc\
\xa3\x05,\x03\xc0\xb5\xbbb\xbem\x99\x1a7\xdbh\xba\
\xc4\xd0\xcf$v\x85w\xd4\x12\xe2#\x8d\xfc\x17M_\
\x94\xbf\x0a\xeb\x06\xa7J\xe3M\x1e$\xf0A\x1e\xd6L\
8\x09WWp`\x9e\xd3\xe2H\xd2\xeb\xaf^bv\
\xa6\x04\xba?\xd9\xc5\x9d\xad@\x0cu\x98\xb3\x09J\xbc\
_\x0b[\x0cU\xed\x98\x84\x05~\x0d_\xbe\xb2\x07\xe0\
\xd9\xc3\xfc\x81\x15*xt7|B(\xc5\xd1\x0a\xf0\
\x9d\xd63'FQ\xaa$E6\x0btQ\xcdg(\
q\x14 ]\xd5\x97\xc2\xdb\x0br\xdf.\x14\x10\xb6\xd5\
\xcah\x0a\x09\xd4\x85\x87$v<|\xef-\xb8\xe86\
\xff=\x87$L4R<\xa14\x8f`\xb7\x0an\xa3\
S\x80\x05\xe5@\x8fd\xa1\xac\xae\x86\xceR)\x9c\xeb\
\x11t\xcbG\xa0q\xee\x1b\xb6\x90\x8a\xdd\xd0\x00\xfd\x91\
\xa6;*\xec37B\xaa\xa9\x10\xc0F\xd8\x8d\xe7^\
X\xa7\x0cU\xcd\x9dT\xfd\x0d%\x19\xc9\xfa\xe0\xc1\x0b\
V\xbe\x9c\x5c\xabv\xc2\x87\xe9\xc3\xab\xb2t\x0f\xbc\x81\
\x94y\x0b\xef\x97\xb5\x00\xa6\xb7nm\xaa\x16B\xf28\
)\x9b\x9aqf\xfc!\x16\x06\xaa(\xb8\xf6\x5cEB\
4\x88\x01~\x1c\xa6LK\x12=c\x81\xdb\xebT2\
\xb3\x00\x95-\xa2\xab\xffAF\xc0L\xe8\x1a\x17\x04\xf4\
\x99\x86S\xc6\xa6\x16\xad.\x1af\xd0\x08\x959\xe1'\
O\xe8\x87\x8e\x85\xc0\xb7\x0d\xc3\xbc\xe9@C\x0c4\x9a\
\xb4\x00\xf0\xee\xa4\xdd\xe4\x88\x93*\x87\xc2\x02\xd7\xe8V\
~T\xd2\xc2=\xc3f\xedn\xda\xb2\x0d\x05\x93\xa8\xac\
2\x1ak\xf1\x00\xa9\x8e0\x06\xa0\x83KHK\x12B\
\x16\x8d\x00\xa5@\x0a\x14\xf8\xd2\x8a>9\xb1\xc6!\x81\
\xc4\x92\x81o\xe9\x92N#7y\xcb\xe1$\xe9&\xfb\
\xa6(\x8bv\x95,}$STb\xfc\xe2\x9b\xc1\x0a\
\xd6+\x1dL\x93\xbe\x8ez\x09O.E\x0b@9<\
\x85@\xda\x81\xe6\x17}\xf4\xe8\x19C\xc2\xee\xc1$\xb4\
x\x13\xf0\x01a\xbc\xde\xd1$\xf6;hx\x0c\x04Q\
42@\x5c(\xe8\x14/\x844OWk|\xfc\xd2\
\xf7\x99\x08\xbd\xf7\xcb\xa0V.\xadyj\xecx\xe3\xe6\
#\x83\xd6\xac\xddx\xa0\xf6\x8e\xf7\x91\xd1\xd4\xc0Ne\
:\x92l$J'\xe4!\xb5\xd28\xe2L\x14\xd2{\
\xd9\xdc\xc44]\x81\xcc\xff'\xf9\xe4\xb6\x90\xc3m\x97\
\xca\xed\xd1!v_\x04xc\x96TQ\xf4\xa5/\x17\
\x9e\xaa\x899$@~p\xebE\x16\x87t\xceq\x84\
\x96\xfa\xb4\x10\x98\xa2\xe5W\xac\xd6\x90\xe7\xfd\x22\x16\x1b\
\x1e=\xdd\xf1\x12-4>\xd3L\x0d\x80\xf7@N\xe9\
&l\xd3\xd7\xf0\xee\xf4\xb4\xf7\x1d\x0e\x07\xfc\xd2{\xb8\
\x0e\xff\xc1\x9f\xf76;\xbb\x7f\xbe>\xcb\xeb\xe0\xf0G\
\xe4u\xbdO\xfa\x01\x96\xaar(\x00k\x96~\xc9\xc5\
\xbf\xe1\xffuen?Z_+(UYu\xdf/\
a\x16\xbd\xda(\x1d\xd9OYo4E\xff[\xfa7\
H\xbe<\xf4a\x92\x14;)\x9dlD\x82\xd0x\xde\
u\xf9\x8f\xc9\xa2\x18\xbe\xff\xeb\x19_\xa95\xea\x5c8\
\xb3\xc5\x90Q\xe8\xf13t\x01\x01\xa3\xf8\x86d\x95\xa9\
\xd1\x9d\xfeVu\x1e\x16;\x1d\x87\xb3:\xb0j\x17\x83\
\x0e\xe4w\x86u{\xccy`\xba\xae;\xa1\xbc\xde\xef\
\xf9\x9b\xc9\xe7u\x14\xbf\xb8\xc4\xe0;\xf8t\x80\x5c|\
\x91\xfc\xdb\xe2\x08\x1eJ$P\xccZ\xfdI\x08>B\
\xf9l\xa8\x91t\xbe\x82\x87\x85Z5\xfc\x0d\xae\xc7\x9d\
\xff\x96\x1f~\xa0\x1a\x93G\xe7\x17\xc2\x0d6Wh>\
\x13\xd95\xf5v2\x15b\xfcKH\xb5\xdc>p\xc5\
\x18\x0a\x0f\x83\x04K=\xa8\x0a\xear\x88h\xf1\x05E\
\x92\xceM\x92\xa0\x97\x07\xb8\x96\x9dz4\xa6^\xc1y\
\xd0\xdbs\x0d\xb8d\x80\xd6\xde\xd6\xfb~t\x1c\x0a\xaf\
\xe3\xa5\xd8\x0d\x89\x8b\xc7A\xe4\xa3\xb7\xc7\x10\xa3\x81\xd0\
9;\x19\x03\x10\xe5\x9bf.\x89\x88\xf9Srk\xed\
\xc6`\x0b\x05\xb0\xf8\x11Q5\xce,\xd4\x0e)7\xc6\
B\xd9G\xe9z\xc4\xc9\xef?\x08\x0dR\xc4\x89\x9f\x9a\
.\xfa\x9b{\xf4\xae,{\x1f\xa6\xbeE\xfc\xc1\x901\
\xde\x87\xc5\xf8\xbd\xef\x17\xa0Hh\xc6\xcc\xb5\xdb\xa7\xec\
D8b\xcd\x80AI\xb9\xc9%Q\x8e>b8\xa3\
\xb1\xf5\xb567\xcam\xa0ba\xaa+\x01M\xce\x1d\
P\xde\x9e\x93\xea\x0a\xd6El3\xb1\x1a\xc6\xd3\xda\x0b\
\xf4\xf1R\xe2\x12\x05\xbf\x98X\xb1S\xb3\x91,\xdf6\
)\x22n\xd4mf\xdd\x8c\xdc\xc27b|}pX\
\xf7Y]4\xd3o\x7f\x0b\xeaa5\x9c\xe2#\xaa6\
\x8dx\x81|9\xaen\x22\xd9\xa2\xd2\xec\xd9\xad\xc5\xa6\
o\x84\xc5\x19\xa0I\xa8\xf6A\xe7\x0a\xe2\xcf>\xdd.\
T\xd73iD\x85\xae\x1e0\x85\xc7bf\x8b]8\
\xb2\xe3\x5c\x02 \xfct=d\xcd\xfaf\xd6[$O\
e\xffq\xc3}\x10\x9dA(,\xa2\x81\xc2\xc2\x1c\xe6\
\x83\xaf*\x9b\x82\x80\x8c\xea\xe3\xe1\xf4\x8aSiw)\
\x5c\xb0U\x1a\xac~P\x86\x86c=\xb3\xf2g\x96\xca\
`\xe3\xf6\xc5a'7F\x06\x0e\xdd\x1f51R\x93\
l\xd6\x86\xe8\x14\x0d\xed\xca%\xbd\xe3\xdeY\x09qJ\
-t\xfc\xbbhp~A\x8cm8\x12\x98({/\
,\xc1\xf1\xachU\x07!?N\xb0\xec\xf4\x0b\x00z\
\xebB\x03\xd21O\x8c\xd1\xba\xc5\xd3P],\xc9\xb6\
M\xc7N\xc4\x12\xd6\x1d\xf3Z\xa9\x14\x97\x1e\xb3K\x0a\
^o\xe9\x84\xbc\x06\x8ctf\xc4\x97$}\xfc@X\
X\xe1\xa8\xff\xc8T\x8d\xdeA`\x04\x00\xe3\xce\xa4\x15\
+\xa0\x8b*\xbe\xcb\xc9X\xd6!\xccu\x8a\xac\xf5\xd9\
_l\x12\xa9\xe1n\x8c#\xfc\xc4\x12p\x22\xddd\xf4\
I\x91\x148\x93BYU\xe3\xd4\x97\xfd\xe2\x1d\xcc\xad\
\xbc\xcb,+\xff\xcb\xc6y\x00U\x8d\xf0\xa3\xe5\x0e\xb5\
\x85\xd4\xe7b\x01E)\x86\xc3\xa5\x9f\xf2\x17\x08\x95c\
\x87&HmW\x11\xc1;\xd0x\xdd\x9b\x04\xfc\xc0!\
w\xda\x08k\x82N\xdb{\x96x\xe4\xd4=\x1f\xd1\xe9\
\x896\x1f\xaa\xc4\xcd=x\xe4\x96\xbb\xb9k2\xcb\x91\
\x86\xe5\xad9\x5c\x0c\x89B\xe2,\xc6\xb4g\xc4\x17\x19\
\xb6\xe4^+\xc5\x1f;\x8c\x12S\xb2\xe1R\xb11\xf3\
y\xe4\xcb%\x0cLB#~.0\
\x00\x00\x07\x06\
\x89\
PNG\x0d\x0a\x1a\x0a\x00\x00\x00\x0dIHDR\x00\
\x00\x00 \x00\x00\x00 \x08\x06\x00\x00\x00szz\xf4\
\x00\x00\x00\x01sRGB\x00\xae\xce\x1c\xe9\x00\x00\x00\
\x06bKGD\x00\xff\x00\xff\x00\xff\xa0\xbd\xa7\x93\x00\
\x00\x00\x09pHYs\x00\x00\x0d\xd7\x00\x00\x0d\xd7\x01\
B(\x9bx\x00\x00\x00\x07tIME\x07\xdb\x05\x02\
\x16\x024\xdd\xedHB\x00\x00\x06\x86IDATX\
\xc3\xa5\x97]\x88]W\x15\xc7\x7fk\xed}?\x92I\
2C\xbeD[m XM\x8d\x9a\x07\x05i$\x1a\
4\x94\xfa \x92\x8e_P_E\xa4\x0f\x82\xe2\x8bJ\
\x11\x0aA\x11\x8c\xf8$-\xbeY\xc4\x88\x22\x8a\xa8\x89\
\x11#TI\x03M\x8b\x09\xfd\xc8\x84&\xc1$\x9dd\
&3w\xe6\xce\xdc{\xcf\xd9{\xf9\xb0\xf7\xb9\xe7\xf4\
N*)n\xe6r\xce\xd9g\x9d\xbd\xfek\xfd\xffk\
\xed=Bc\xec\xdd\xbb\xb7377\xb7\x1bh\xf3\xd6\
\xc3\x1a\xf7\x92\x9f\xe7\x8f\x1c9\xb2z\xf2\xe4I\xfe\xdf\
q\xc0\xde\xc6\x08ei\xab++v\xf9\xf2\xe5\xab{\
\xf6\xecy\xe4\xe0\xc1\x83\xfav\x1d\xca\xc4\xf3'\xcd\xec\
ok\xfd~m \xb5\x89\x99af\x84\x10(\xcb\x92\
\xe1pH\xaf\xd7cqq\xd1>|\xe0\x80\x1c|\xf8\
\xe1\xd9m\xd3\xd3\xbf=s\xe6L\xbcW\x00o\x89X\
DPUD\xa4\xfe5A\x89 \xaa\xf8V\x0b@.\
^\xbch\xa7N\x9d\xfa\xb5\xf7\xfe\xe8\xa1C\x87\xee9\
\x13\xfa\xa5\xa7\xfe\xdc|\xeeW\x0e\xc6\x91\x9b\xd5\xa47\
\x00i\xfe9UZ\xad\x16\x8b\x0b\x0b2=3c?\
\x7f\xe6\x99\x13\xdb\xb7o?\xba\x7f\xff\xfe{\x02\xa1\xbf\
\xfc\xee#|\xf1\xa9\xbf\x9e\xfc\xdc\x93\x7f\xb4\x07\x1f\xfd\
\xe6\xd9\xb1\xc8*\xc7\xcd,Ldh\x0cF\x95\x95\x95\
\x15\xbc\xf7\xe2\x9c\xb3\x9f\x1e?~b\xffC\xfb\x1e\xbb\
\x17\x00\x1e`\xf9\xce\xfc\xa7\x1f\x9f}\x94\xdf\xad^\xad\
u\xd1\xc8\x82d@\x93\xf3\xe3{\x11b~\xbfyj\
J\xd6\xfa};v\xec\x07\xbf\x0a\xef\xfe\x14\xe5\xd4{\
P\x84\x80\xe1\x80\xd2@\xc5\x0a)\x06G~s\xec\xb1\
\xbf{\x80a\x7f\x99\x97^\xefq\xe9z\x7f\xbc0\x0d\
\x0a\x10\x01U,FD\x04\xcb\xfck\xb6SUbL\
\xbak\xb7\xdb`&kk}~\xf8\xb5\xc3<\xfd\xa7\
\xd7\xd8\xb1\xe7\x83\xb4\x9d\x07\x01\x15\xa1\x14\xf3\xff:w\
\xe1[@\x02\x10F\x03\xe6\x17\xfa`\xc5F1\xaab\
f\x1b\xca\xa5\x02Z\x09U5Q\xee[-\x10\xc1\x80\
53\xber\xf8\x01\x9e|\xf69\xfc\xce\xf7\xe1\x9d\x12\
\x02\xec\x9c\xee\xca\xed\x9b\xff\xd1\xba\x0a\x9c\xa3\x1c\xae3\
\x1a\x8d6TBu5\xb37q\xae\xaa8\xe7p\xce\
\xd1j\xb5\xd8\xb2e\xcb\xd8\xd6{O\xbb\xd3a\xf3\xe6\
)\xba\x9b\xa6\xf8\xce\xec{\xe9];\xcfp\xb0\x8e\x95\
C\x16W\x07\xac,\xdd\xb4\xb1\x06\xcc\x8c\xf5\xd1\x80\xb2\
\x1c\xdd\xb5\xf6+\xa7f\xb6a\xce9G\xb7\xdbez\
z\x1a\x80N\xa7\x03@\xb7\xdb\x85\xad[\xd9\xb1k\x17\
eq\x1f?\xf9\xfa4_\xfd\xd1_\x98\xb9\xff\x03\xb8\
h\x14\x83\xf50\x06P\x8e\x0a\xcabH,G\x1bz\
l\x15urn\x84`\x181kRp\xce\xd3\xedn\
b\xe7\xae]<\x7f\xee\x1cEQ\x82\x19\xa2\x99\x16K\
\xba\x98\xde\xb6\x8d_|\xff\xf3|\xe1{'\x98\xb9\xef\
!\xb0X\x03\x88aD(F\xc4\xb2\xa8\x85\xa7\x8aT\
@\xa2Q\x84\x92\xa5^\x9f\xe5\xde\x1aEY\x12b\xc4\
\xcc\x88!P\x86@Y\x94\x94\xc1\x88!U\x84a\x98\
%0\xb17\xe0\xda\xcdEF\xc5\x88'>\xbb\x8f\xe3\
\xbf\xbfD\x88\xe6\xc6\x00\x8a\xa2`0Xg\x905\x10\
,\x22\xc1\x10IX\xa2\xc1\xcd[K\x9c}\xf1\x15.\
\xbcv\x85\xfe\xda \xe7\xc7\xd2\x9f%Z\xa2\x19X\xca\
\x8e\x8d\xdf\x19\x16\x0d\x13#\x84\xc8\xee]\xdby\xf9\xfc\
st;\x9d\xd1\x18\xc0h\xb4F\x7fy\x9eP\x0c\xb9\
z\xfd\x16\xb7\x17\x97k\xd5\x0b\x94\xa1d\xee\xca\x1b\x9c\
\xfe\xe7\x8b\xcc>\xfee\xda\xdd.w\xfa%\x22\xff{\
\x93\xb1\xbb\xcd\x9b\xf0\xb1\xcf\x1c\x05\x98\xbdq\xed\x89\xd3\
\x1e\xe0\x8d\x1b\xd7Y\xec\xad\xd3[^\xe4g\xcf\xfe\x81\
~\x7f\x1d\xcd\xf97 \x04\xe3N\xafO\x7fX\xe0|\
\x97\xb3/-\xe0\xf2;i8s\xf9\x1a\x1b \xe2\x04\
\x18\xcd\xf7-u\xbc|\xfe\xf9\xc3\xfe\xdbO\x9f>\xfb\
\x89\x8f\x7f\x84\xb2(\x11\xa0(#&\x96\xd1\xe6\x0f\x05\
\x14\xc1\x0c.\x5cZ\xc0\x11q\x02!\x82\x0a\x04\x03'\
PV\xa7\x85L\x9d\x0a\xa8\xd56*\x102\xd0\x02%\
D\xc3\xcf]\xb9\xfd\xd1w\xed^\xa0_\x94\xe3\x08&\
\xd1V\xcf\x16\x0d\xa7\xa9*\xca\x98\xa2\x8bc\x0dd\x9b\
\x1c\xae\x90\x00:I\xed7\x92@di\xa4\x00\x0c<\
\x06E4\x1c\x96\xd0\xe5h\xaa\xc5[\x0a\x85%\xd4h\
\x16\x15)\x12\xb1\xdc\xc9$S!P\xc6\xdc\xc5\xabu\
\xaa,Zm3\xa6\xce\xc0\x1b\xa4\xb2\xc9\x11\x89\xa6\x8f\
\xa8R\x96\xe7\xadq\x18\xd3\xea^\xeb\xa8\x84D\xb85\
*\xc7\xe7 $\x7f\x14b\x9a3 \xc4\x08f\xb9\x13\
\x02\x11K)\x0f\x10$\x19\x16\xb1\xd6\x80\x00-I\xd9\
\xb0\x9c\xda\x10\x92C\xa1Nm\x15\x9d\xe6\x94\x8f\x05\x18\
3-\x96S\x9f\xa9\xf1f\x10\xa3!V\x7f \x96\xc5\
\x22\xf5\x8a\xa3X\x9f\xdfT\x12\xb8\xa6m'sJ\xe5\
$\x8b-J\xb2\xa9F\x09l\x12(,\xd1\xee\x05C\
\x0d\x06\xd1\xf09B\x80\xb6\xd6\xe9'\xd4\xe5\x16\xf3\x9e\
n\x99\xcf\x22\xebd\x10\x19\xef\xf7\xbey|\xce`\xaa\
J\xf0\xd9V\xc7\xb6\x22\xa8w\xb4%\x1d\x18\x5c3\x8d\
\xbe\xe67S\xfe\xa6\x9a\xf6\xd4\xce\xc4\xa5\xf7\x15\xc7m\
`\xd4\xe8\x0f>\x0b\xb7\xb2u\xeaq\x22\xf8\x17\xe6\xe6\
\xf9\xf7\x8d\x7f \x16\x93\xb2'\x1a\xc8\xe4\xd1\xb9\x02r\
\xb7f\xb3a#k\xdc\xc7\x89\xb5\x1d\xca\xda\x9dy\xfc\
\xfd;6\xb1}\xf7;\x89\x96t \xb9t\x94Z\x07\
\xd5sl,\xa0Y|fuF\xaa\xbdc\xb2\x0dK\
\xb6\x8dV\x03\x14\xa7\xdc\x1c]\xc3\x87`\x0c\x86E\xda\
\x80&\x9aP\x988\xb7[c\xdegA\xc9]\xa2\x9e\
\xfc\x17\xaa\x99\xb1\x8a\x12T)B\xc4\xbf\xff\x81\xdd|\
h\xdf>,\x04\xa2\x82d\x81\x14@G\x1b\xa5\x98W\
\x8a\x11Z\xa4UB\xc8\xb5^5\xa9X_c\xf2\x81\
\x8b\x89\xf3\x22$\xc7UO\x88\xa2\xbc\xbey\x09\x7fk\
i\x8d^\x7f\xc8j\x11\xe8d\xc7M\xe4\x9a#\xad2\
\xe1r?\xd7F\xdd\x87\x86\x18c\xc3\xb6\x02\xa1\x19P\
Sc\xa8r\xeb\xce*\x1e\x81\x85\xfe:N\x8c\xa1\xa5\
\xb3\xbf\xcby,-\x95\xe3(\xa6:/\x1ay\x0d\xcd\
\x8a\xc9\x1bQ\xd5\x8a}\xae\x7f2\xd0\xd0\xa0H\xa5j\
\xc7\xe9\xe0\xea\x05]\x9a_\x5c\x99\x11\x97#\x91\xba\xb9\
\x18\xd0\x01\x06\x0d\xe4\x15\x9f\xd5b\xce\xf2.\xd8\xd0E\
%V\xdf\xc8\x9e\xe5\x9d\xb1\x02/\xd1\xd8:\xf3\x8e9\
\x01\xda[\x1f<\xf4\x0d\x8c\xa9\xa4\xea\xa8\x06\x22\x22*\
f\x1a,\x8a\x80X4A\xac\x12\xbf`\xa6`bf\
\x22\xaa\x11\xb0\x181U\xa2\xa5\xfd<\x22b*\x12M\
0A\xd2IM\xc4D$\x22\xb2\xbe\xf2\xea\x99\x1f\xff\
\x17\x07v\xb3_\x89\xda\xcfC\x00\x00\x00\x00IEN\
D\xaeB`\x82\
\x00\x00\x05\x1e\
\x89\
PNG\x0d\x0a\x1a\x0a\x00\x00\x00\x0dIHDR\x00\
\x00\x00 \x00\x00\x00 \x08\x06\x00\x00\x00szz\xf4\
\x00\x00\x00\x01sRGB\x00\xae\xce\x1c\xe9\x00\x00\x00\
\x06bKGD\x00\xff\x00\xff\x00\xff\xa0\xbd\xa7\x93\x00\
\x00\x00\x09pHYs\x00\x00\x0d\xd7\x00\x00\x0d\xd7\x01\
B(\x9bx\x00\x00\x00\x07tIME\x07\xdc\x01\x13\
\x17\x00'j\x87\xa7\xab\x00\x00\x04\x9eIDATX\
\xc3\xcdWAO\x1bG\x14\xfefva\x8d-\xdb\x11\
\x18\x1f\x0a\xb7\x94^A.\x11\x02\x95\xa4\xe0V\x02\xa9\
\x81\x06\xf8\x11U\xa5\xaa\x81[[\xf5P\xa9-pO\
\xa0=rN\x9b\x1e8 \x95\xb8))\x8dU\xd1\x10\
AU\xae\xa0&\xb1\xa3R\xc0^0\xf6\xd8;\xf3z\
\xc0\xeb\xac\x975\x86HQ;\xd2j\xde\xbc]\xcd\xf7\
\xcd7\xef\xbd\x99\x05\xfe\xe3\xc6l\xc30\x8cv!D\
\xf4U\x82\x19\x86\xf1\xb7\x10\xe2\xa9\xd3\xa7\xdb\x86\x10\xe2\
\x0d\x22J\xbc\xd2\xd52\x16\x07\xe0M\xc0n\xcfR)\
p\xce\xc1\x18\xabz\xc0\x18\xd8\xc9$'c[\xbe\xb2\
\x1f\x9c\x03\x008\x00\xa5\x14\xd6\xd6\xd6 \xa5\xc4\x9b\xdd\
\xdd0\x0c\x03\xa1`\xd0\x93\x14?\xe5\xe0\x1c\x9a\xa6\xbd\
x\xb8v\xe2+\xfb9\xe7\x951\xd7\xb4\x17=c\xd0\
\x18\x03\x11aee\x05]]]\x18\x1a\x1a\xc2\xcf\xf7\
\xefCIYS\x15\xee!S\xf5\xc3\xab\xc7\xfc\xd4{\
^e\x1f\x1c\x1c\xa0\xa3\xa3\x03\x86a {x\x88\x89\
\x89\x09\xdcK$\xceO\xc0K~\xee\x02\xe4\xce\xde~\
_V%\x1a\x8db{{\x1b\x96eAI\x09\xd34\
\xf1\xfe\xe8(VWW\x01@\xbb\xb8\x02\xb5V\xee\xf2\
\xf3r\x5cp\xceq\xed\xeaU$\x12\x09466B\
J\x89\xa3\x5c\x0e}}}\x08\x85B=\xd7GF\x98\
g\x1a\x02\x18$\xa2\xc4?{{\x9e*\xd8\x01\x08\x97\
\xcd=\x02\x943\x86\x8ci\xe2\xd7\xd5U\xc4\xe3q\xe4\
\x85@\xa3\xae\x93\xde\xd0 [[[\xdf{\xfd\xf2\xe5\
\x1f777\xc93\x0bj)PE\xa0<&\x00\x05\
!\x90;:B6\x9bE\xb1T\x82\x92\x12B\x08\x08\
!\xb0\xb5\xb5\x85\xdd\xdd]\xdc\x18\x1b\x83(\x14\x98\xa6\
iZ:\x95\xfa!\x1c\x0e\xbf\xdb\xd9\xd9\xf9pcc\
\x83N)\xb0\x7fpp\xa6\x026\x09\xad\x9c\x0dT\x96\
\x91\x000\xa5\xa0\x18\x03)\x05\x22\x02\xe3\x1cJJ\x1c\
\xe7\xf3PR\x82q\x8e`0HG\x87\x87\x87\x91H\
\xe4\xed\xfe\xfe\xfe\xc7\xe7S\xa0\x86\x1f\x00@\x04\xa9\x14\
\x14\x11\xa8VOT\x99?_(\xb0\x96\x96\x96\xe0\xfa\
\xfa\xfa\xedX,\xf6\x96\xeeU\x9b\xcf\x03^!\xc0\xd8\
I}\x00NV^&\xe5V\xc0\xa6\xd0\xe4\xf3\xd1\xde\
\xde\xdea,\x16\xfbprrR\x9d\xda\x02\xd34k\
\xc7\x81\x0b\x9c\x88 \x84@.\x97\x83i\x9a(\x0a\x81\
\x92\x94(\x96c \x99L\x22\x12\x89\xe0\xc6\xd8\x18d\
\xa9\x04\x7f @\xd2\xb2D\xf8\xd2\xa5w\xec\x188\x7f\
\x10:Wm\x07$\x80\xa6\xa6&\x04\x02\x01D\xa3\xd1\
J\x1a\x02\x80i\x9a\xc8d\xb3\x88\x0f\x0e\x22_(\xc0\
\xf0\xf9\x881&\xdb\xda\xdbG{{{\x1f&\x93I\
\xf2\xac\x03pF\xba\x07\xb8\xd3\xb6\x83\x95\x1c\xfbl\xab\
roy\x19\xf1\x81\x01\x08!\xa0\xeb:\x82\xc1 k\
kk\xfbb|||\xd9\x06\xf7.D\xeet\xab\x01\
n\x03;\xd5@\xf9 \xfa\xe5\xc1\x03\x5c\x1b\x18@\xd1\
\xb2\xc05\x0d\x01\xbf\x1f\xc9d\x12\x99L\xe6\xb7\x85\x85\
\x05\xaa_\x09\x9d']\x0d\x22DT\xf19\xed\xfd\xfd\
}\xbc\xd6\xde\x8e\x06]\x07\xe7\x1c\xe1P\x08KKK\
\xe8\xeb\xeb\x03\x00Y\xb7\x14\xc3\x95\x01\xee=w\x03:\
\xb7\x02\x00\x9a\x9b\x9b\xf1\xf4\xc9\x13\x08!\x10\x0e\x85\xb0\
\xb8\xb8\x88\xe1\xe1\xe1\xfa7\x22;\x0b\x8e\x8f\x8f\xab\x0e\
\x1d7x\xad\xadp\xfa,\xcbB2\x99\x84eY\xe8\
\xe9\xe9\x81\xcf\xe7\xb3I\xc6\x01\xfct\xe6\x85\x04\xae\xd5\
\xbb\xc1\xceR\x83\x88\xa0\x94\x82R\x0a\xb1X\xacb\xe7\
\xf3y\x04\x02\x01O\x05\xf4Z\x92\xb8\xf3\x9ds^\xd5\
\xbb\xc13\xd9\x0cv\xb6w*\xdf+\xa5@\x04\x18F\
#\xfc~?I\xae1\x00\xc7u\x09\xb8\xa3\xda\xcbv\
\xd7\x04\x22\xc2\xce\xf6\x0e\xba\xba\xba\xbc\xa6\xa3T\xfa\x19\
\x1b\x19\xb9>\x19\x0e\x87\xd7\xb3\xd9l\x1d\x05\x18\xf3\x94\
\xca\xb9j\xa7\x1a\xb6\xccJ\xa9\xcawvOD\x94N\
\xa7\xd8\xc77o~\xfe\xe8\xf7\xc7\xb7\x00X\xf5\xb3\xc0\
E\xc4\x06\xae\x15\x0fJ)\x14\x8bEX\x96UE\x96\
\x88\xf0\xfcy\x9a}=3={\xf7\xfb\xbb\xd3^\xe0\
g\x12\xf0\x92\xdfy\xaa9\xf7\xbaT*\xa1X,\xba\
\xc11\xff\xcd\xdc\xb7\xf3\xb7\xe7?\xf1\xca\xff\xbau\xc0\
\xab\xcay\xa9BD(\x95J\x90\xb2\xb2\x05d\x83\x7f\
\xf5\xe5\xf4\x07\xe5\xabB\xcd\xa6_\xe4\xc7\xc2\x09\xecT\
@J\x09\xadA\x07\x00J\xa7Slzvff\xee\
\xd6\xdcg\xe7\x99\xf3B\x04\xbc\x02\xd4\xae\x19~\x9f\x8f\
\xd2\xe9\x14\x9b\x9a\x9a\xfa\xf4\xce\x9d\xeff\x01\xa8\x8b\xfe\
9\x0d\xd2K6!\x89\x1e\xfd\xf1']\xb9\xd2\xfd\x91\
\xd7\xd5\xfb\x5c\x0a\xe8\xba\xfeW\xb9T\xbel;\x8a\xb4\
\xb6\xae\x9f\x15p\xff\xcb\xf6/\x0d\xe3\x9d\x1b\x83\x15;\
Y\x00\x00\x00\x00IEND\xaeB`\x82\
\x00\x00\x06\x10\
\x89\
PNG\x0d\x0a\x1a\x0a\x00\x00\x00\x0dIHDR\x00\
\x00\x00 \x00\x00\x00 \x08\x06\x00\x00\x00szz\xf4\
\x00\x00\x00\x01sRGB\x00\xae\xce\x1c\xe9\x00\x00\x00\
\x06bKGD\x00\xff\x00\xff\x00\xff\xa0\xbd\xa7\x93\x00\
\x00\x00\x09pHYs\x00\x00\x1b\xaf\x00\x00\x1b\xaf\x01\
^\x1a\x91\x1c\x00\x00\x00\x07tIME\x07\xe3\x01\x11\
\x16\x1b#\x9a;\xbf\xec\x00\x00\x05\x90IDATX\
\xc3\xed\x97\xedo\x1cW\x15\xc6\x7fwf\xf6e\xbc\xeb\
]\xef\xda\xd1\xba\xb1k\xbbv\xedX}!\x0e4\x86\
4\x12\xf0\xa5\xc4II\x9b\x80(\x11\x12 \x04\x12E\
|\xe4?\xe0\x1b\x1f\xca\x9f\x00\xa8\x08\xa9\x02\x81\x84J\
[hD*Z\xb5V_ \x0dj\xb2IqS'\
m\x12;^\xbf\xc4\xf6z\xd73s\xcf\xe1\xc3\x8e7\
k;\x09\x06U\xf4K\x8et5wf\xa49\xcf}\
\xces\x9e{\x07\xee\xc6\xa7\x1c\xa6X,\xb6/,,\
\x8c\x02\xe9\xffs\xeez\xb1X<o\x80GT\xf5\xed\
Oe\xf5\xc6\xec\xf7\x80\x14\xc0\xf7vM\x90\xaf\xbdB\
\x90u\x91\xa2\xc3\xf2\xf4\x83\x84\xb56\x14\xa5\x9b\x12\x83\
\x85\x01\x16\x87_'\xdd\xf5w\xf2\x8e\xe2\xaf\x14\x18\xf1\
\xbf\xc4_\xc6\x9e\xa2\xbc\xeb~\x5c\x1b\x81\x0a\xa8\xc6W\
\xc1\x10\xcf\xc56\x9e\xa3\x18\x15V\xaau^\xf8\xd9\xe3\
\x00)o\x03M\xbec\x9a\xb6\xbe{\xf0\xfdU\xa2T\
\x1a\xd6\x0b\x04\x17}\x1c\x03]\xbb\xbb\xc8f\xdaY~\
\xb8Ji\xa8\x8bbT`\xb0\xbbH\xdbl\x1f\x85\x7f\
NR\xea\x19`\xddx\x18\x11\x88\x93\xaa*\x0e\x1b\x80\
\x5c\x88\xdf9\x1b \xe3p6&\xb2{\x1d''\x84\
\xf9<A6\x04wa\x83&\xd2n\x8ak\xedu~\
SI\xf2Qt\x0f\x0f}9\xc3\xee}#T\xd27\
\x18\xcf.\xd1\xb7\xbe\x88bvD\xbbn\xb9o\x02\x98\
\xcf\x84\xcct\xf6b\x92\x0b\x5cw\xbb\x98\xf6\x8a\x18\x14\
/\xe1\x91t=\x5c\x1c|\x9b\xe0\xf7\x97|j\xb9=\
\x84~\x1f+\xeei\xba\x87\x954\x89\xffY\x07M\x00\
S\x92fn\xa6\x8b)\xb7\x9fW\x17\x95\x15\xea\x18 \
\xe9%H\xb8\x1e\xc3\xd7\xb3\xfcd\xea8C\xbd\xf7q\
jy\x1f\xbf|\xe3C\xfc\x9e4\xa6\xa7\xc8B*\xd3\
\xa8\xf7\x8eC\xb6\x03\x88\xbc\x1e:\xcf\xb43=S\xa0\
Pmg\xe0\xe3\x02\x0a\xa4\x92)\x5c\xd3\x90\xca}\xd5\
\x1c\xdf]\x9a\xa0\xeb\xd9<S\xeb\x1d\xe4\xfb\xc7\xb8V\
z\x94+N\xaaQ\x00\xd3\xc2\xb3jsh,\xc0\xd6\
g\x1bqS\x84#\xdf\x81\x93/1r\xa1\x93\xd4r\
\x8ed\xa0\xa8\x81t*IR<<uI\x16\xd3\x0c\
\x9d2\xe4.v0\xf7\xc4\x838\xf9\x0c\x7f|\xef^\
D\x0d\xae*H#\x91\x12_[\x12\x0a\x1aw\xc5\x06\
\xa0-\x0c\xe4G\x8f\x92\x1a.\x91\xad\x84x\x81C%\
\xeb\xf3\xe2\x80\xf0\xab\xbd\x8b\xbc\xd2q\x95T2E\x18\
Dpy\x9d\xd4h\x9e\xfd\xbd\xbb\xf9\xed[C\xcc\xd7\
}\x8c\xdaFJ\xa3H\xcb\xaa\x1b\xa3\xd1\x11\x88\xa2\x22\
(\x82\xea-J\x80\xe3\xe0~}\x1fAgH\x9b{\
\x9d\xbe\xf0MFg+\x14\xce\xf5\xf3\xcej\x99s\xed\
\x17qf-\xed\xdd\x1ddN,\x90\x9f\x86\xab\xabm\
\x18#\x0d\xeaU\xe3Vo$P\x89\x87\x0a\xaa\x16\x11\
\x8b\x8aElc\xbe\x0d\x80Qau\xf8\x18\xd5\xc7\xc6\
\xe9\xf5\xb2\xf4g\xf2\x8c\xbb7xz\xe1$m\xc1U\
\x96:f\xe1\xe1,m\xcf\x5c\xe1R\xfb<\xcf^\xdb\
\xd5\x94\x92j\x83\xf4\x8d\xe4b-\xaa\x11\x22\x11b#\
$\x8aP\x89\xb06\xbe\x0f\x83\xa6\x1d{\x9b:T\x95\
\xdc\xa1\xa7y\x7f\xf0~*\xef\xfd\x94\xde\xd5:\x9e\xe9\
 9\xef\xd3\xf1\xc0\x00W\xbe\xb6Fy\xa1\xc0[\xd1\
^B\xd7\xe0\x88\xdc\xacgs\xe5\x16\xb1\x11*\xb6Q\
\x1a\xb1\xa06f\xc4b\xa3\x80\x94\xab\x5c\xfe\xf0_\xef\
\x03\x97\xbcM&\xa1\x8ac\x80=\x87X\xaa\xac\xf0\xfa\
_\x7f\xc1\xcb=%F\xbf8\xc1\x07c\x8fqa\xda\
\xc3F\xe0x\x16Gl,\xb6\x06\xfd\xa2\x02V\x88\x82\
\x1a\xd7\xe7*\xd8\xa0\x86\x89-\x19Q\xd2i\x87\x9e\xae\
\x1c\x07?\xd7\xc7\xde~\x7f\xae\x7fp\xe4D\xa1P\x98\
\xf7neU\xa2\x96\xeeR'2<H\xf1\xb3\xdf\xa0\
{\xcf\xa3\xa8\x0dP\xb18F\xb6;[\xec\xff\x22\x11\
ss\xf3\xbc\xfc\xf3o\xde\xb2\xfb\x83Z\x95\xbf\xbd\xfa\
\xda\xe2\xd8\xd8\x17\x9e,uw\xbf;;3\xa3\xdb\x01\
8\x86h\xe9#\xee\xfd\xe0\x19N\x1c\xecd\xd2\xaf\xb3\
h\x05\xb1\x1a\x8bm\x8b\xa5\xb6*^\x04\x1b\xad\x03\x10\
\x86!V\x840\x08X\xaf\xd7\xa9\xaf\xadq\xae\x5c^\
>t\xf8\xf0\xf1\x5c.\xf7\xe6\xec\xcc\x8cn\xf2\x81\x96\
M\x12.\x9d\xe2\xca\xe5\x8f9\xeb\xae\xa1\x0f\x05X\x91\
mNo\x00i\xc2h\xb4\x1bq{\x89H3y\x18\
\x04\xd4k5\xca\xe7\xcf\xaf\x1e:|\xf8\xa9\xf6l\xf6\
\xb5\xe5\xe5e\xd9fD\xad\x11\x95\xf6SI\x0c\xf2\xc6\
\xda\x10\xbb\xb2\xe3x\xb7\xb1Y\xa3\x0dS\xd5\xa6\x86\x1b\
[R\x14\xddL\xbeV\xadR.\x97\xab_\x99\x98\xf8\
v&\x939\xb9\xb2\xba\xba\xa9\x86\xdb\x01\x88\xe0\x97\x1e\
\xa0\xe7[\xbf\xc68\x09\x0c\x02jos\xa2\x00\xd3b\
\xb5\x8a\x821X\x11\x82z\x9dz\xbd\xce\xd9\xb3g\xab\
\x13G\x8e\xfc\xc0\xf7\xfd\xe7\xab\xd5\xaa\xdcv3\xda\xcc\
\xad\xc5q\x1b\xc9[m\xf3\x8e\x9blL\x85\x88\x90J\
8\xd4j5\xde=s\xa6:q\xe4\xc8\x0f\x93\xc9\xe4\
\xefj\xb5\x9a\xbd\xe3n\xf8\xdf\x86n\x99h|\x10\xc9\
\xa4=\x1c#\xfc\xe3\xf4\xe9\xd5\xaf\x1e=\xfa\xa3\x84\x97\
x.\x08\x02{\xbb\xefx[\x17o\xfe\xc3\x01b\xeb\
\x1bm\x11\xa2U\xcb\xc1\xcf\xf4\xf3\xe2\x0b\x7f\xbe\xf1\xe4\
\xb1c?\xf6<\xef\xb90\x0a\xed\x9d\x16\xd2\x04\xb0\x5c\
\x17T\xc1Q\x05k7\x1f\xad6\x14\xder\xde#v\
9\xb5\x11\x1aE\x88\x0d1\x91\xd0\x9b\x9c\xab<\xfe\xc4\
\xf1\xef{\x9e\xf7\xa7(\x8ad'l>\xa2\x9fH\x88\
\xbe\xf4\xfc\x1f\xde\x06>\xef\xfb\xbe\xd9i)\xbdb\xb1\
x\xc1\x183\xfe\x09\xfc\x17\xac\x01S\x07\x0e\x1c\xb81\
99y\xf7\x8f\xebn\xec8\xfe\x0d\xc6\xb9`\x15\xdf\
[\x86\xd0\x00\x00\x00\x00IEND\xaeB`\x82\
\x00\x00\x04\xef\
\x89\
PNG\x0d\x0a\x1a\x0a\x00\x00\x00\x0dIHDR\x00\
\x00\x00 \x00\x00\x00 \x08\x06\x00\x00\x00szz\xf4\
\x00\x00\x00\x04sBIT\x08\x08\x08\x08|\x08d\x88\
\x00\x00\x00\x09pHYs\x00\x00\x03v\x00\x00\x03v\
\x01}\xd5\x82\xcc\x00\x00\x00\x19tEXtSof\
tware\x00www.inksca\
pe.org\x9b\xee<\x1a\x00\x00\x04lID\
ATx\xda\xc5V\xdfo\x1bE\x10\x9e\xfbm\xc7v\
b\xb7v\x13\x0a\x11\x22\x05\xa9\xa2\xef\xbc \xf1\x14\xde\
\xf87\x80g\xd4\x97\x0a\x89\xf2\x04\xadT\xf8\x7f\x90\x8a\
\x04\xaa*\xb5oE4\x84\x22\x88\xd4\x22L\x8c\x93\xda\
q\xb1\xef\xec\xbb\xdb[fF\x1e\xfbzw\xe6B\xa4\
\xd2M\xd63\xbbw7\xf3\xed7\xdf\xee\x9d\xad\xb5\x86\
\x97\xd9\xec\xb95\xb0\xeb\x97\x09@_\xfd\xe4\xea\xedD\
\xab]\xb9\xf0\xce\xbb\xef\xc1\xce\x9b\x97\xc1\xb1,\x80\x0c\
K\x86\x81x\xb1\x9b\xa6\x01\xfcgH\xe7\x8bl\xf1\x12\
\xcf\xc5Q\x0c{?\xfd\x08\xf7\xef\xde\x01i\xad\xd6\xb9\
o\xaf\x7f~\xfd\xfd4\x00\xf0\xfd\xc9\xee\xc3\xbd\x87\xb0\
\xb9\xb9\x05\x17:\x1d8\xdf\xb9\x00\xdb\xdb\xaf\x83\xe7:\
\x85\xc8\x8d\xf9\x0fYN\x9e\xf5\x19\x84\x01\xfe,\x84~\
\xff/\x98\x06S\x906H\x9e\xeef\x19\x80$I\xa0\
V\xab\x81c\xdb\xec\x9b\xa0y\x85\xbf\xf7O\x8a\x92g\
\x18y~`\xa4\x00\xbe\xd6n\xa0\xd1\x1c3\x9d\xab\x10\
@s\xa3\x09\x9e\xe7-n\xb0,\x03\xdez\xb5\xc5\xbe\
\xce&\xe7D\xe2\x8a\xe59a\x80\xc7\xc14\xa4K\xe5\
\x00h74\x1a\x0d\xf1\xf9a\x0b\x19pm\x0bV\xd5\
`5\x00\x89\x89\xc9\xa8C\xc21S\xb9\x0a\x19\xc8\xc4\
\xd7\x08\x00o\xb0%\x9a\x5c(.\x83\x9e\x07\xa6\x84\x1a\
\x7f\xd0\xe5q\xac\x14\x8f\xd3\xf1\x95R\xe5\x00\x12\x8d\xb8\
\xf1\xc1\x9f\x1f\x1fCQ\xd3\x99\x91\xd6\xe21\x12\xb2<\
\xd8:W\x03\x95\xe4JP\x0e\x80\x86\x11>\xb9\xbd\xb9\
\xfe\xbc\xc84\xff\xe7\xe8$\xa3\x19\xc8\x82\x0d\xee\xb3P\
\xd1\x8aO\xa7\x81tSq\x021u+\x0d\xac\x00\x88\
\xac^\x92\xb2]\xfa1.Bi\xfd\xdf5\x10'\x0a\
\x22\xda\x8e\x91Z]\x02Y\xbd\xb89\x06\x805\xa0\x12\
}\x86\x12\xe0\xd3Q\xac\xa0w<\x96\xa92-H\xed\
\xc5\xe5\xd6Z\xf7\x90MU.B\x9d\x01\xa0pL\xf4\
5\x1b\x15\xd9W\xf9D\x99d<\xbb`\x80\x1d\x8a\xc1\
\xc9\xd3\xf1u!\x039\x0dh\x16\xa1Q\xb2t\x9d\x06\
%\xe3\xa5\x06\xc8a\x0d\xa4\xe3'\xa7\xd1\xc0\xbd\xbb\xdf\
C\xaf\xd7\x83\xc0\xf7K\xe8/\x16\xa60S][\x83\
'\xbf=\xcaj\xa0\xbc\x04O~\xfd\x85z\xfa\x0d\x98\
\xb5\xc5\xa0V+\xbe\xa4\x048\xf9\x82[\xc9I\xf8\xff\
}\x19\x15k@\xbfX\x06\xce^\x82\x0f?\xfe\x08\xde\
\xd8\xd9)\xaa\xe5\xca:\x0f\x06\x03\xf8\xf4\xda50M\
\x13\xe3j\xde\xd2\x9b\x9d\xce\xbf\x8b0\x8e\xe3\x5c`\xaf\
\xe2\xb1\x8a\xc7\xe3\xb1\x08/+0\x9a\x93.s\xfca\
S\xa9T\xc0\xb2,\xde\x09\xb3\xd9,\x1f_\x00\x14\x09\
CZ\xfa\x04\xbb\xf1\xc5\x97t\xac\xca\xe7\x1b\xdc\xb8y\
\x93V(\xa0\xe8>\xb2\xcb\x17\x0f\x832\x89o\xfa\xb2\
\xa2\xf93\x00\x98\x07\xa5\xf6\xf4\xf8\x18\xa4\x0dON(\
\x09\x01\xa0\x95\x91\xcf\xcfK\xd7\xcb\x17\x82\x98S\x00(\
\xa0(\x9cN)x\x16 QK\xf3D-\xdb(\x8a\
d\xe5\xc2\x02g\x150\x9a\x80!#\xd5j\x15j\xf5\
:\x0c\x07\x83\x02\x0d\x14 \xb4l\xbb\x10@\x14G\x10\
\x04\x81$ +L\x90\xe5\x1e\x22({\x0e4\xa6\x18\
t\xaf\x01\x10\xe0\xa2\xa28>\x1d\x03\xe0\xba\x1c|\x8a\
\x0f\xc5q$\xe5 +\xc2\xa2\xd5K\x09$9_\x8f\
Bd\x87E\xa8\xf9\x85d\xa0\xb5M\x0b\x9e\x8dF\xd0\
X_/\x02\xa0z`\xc0V\xf6\xc4\x0a\xfc\x00\x1c\xc7\
\x811Z\x7f2a]4\x9bM\x14\xa2/I\x85\xfe\
\x85\x0d\xc3\x10\x81\xd1|\xb2\x10\xa89\xdf\x9e\xedv\x1b\
\xfa\xfd>\x18\xd846\x02\xc0\x83\xcb\x97.}P\xa9\
\xd6\xbe\xc1R\xb5\xd3\xfbU\xe8\xbe\xf5\xd5-\x01E\x9d\
\xb6&\x05\xcf\x89P\xfc(\x0cY+\x02\xc02M\x9e\
\xefv\xbb,^lUL\x1b\x08\x03\xc6\xa3\x83\x83?\
766\xbe\xde~\xe5\xe2gx\xc3\x1a\x8b0\x0a9\
\x91=\xd7Bj\xc5D\xbd\xd0\x9f>\x8c(\xb8h*\
]2\xd1\x90\x8cC4\xe7\xb1w\x05\x00\xdd\xf9\xf7h\
4\xfa\x0e\x95\xdf\xf2<\xef\x22\x11\xf0\xf6\x95+\xd6\x0f\
\x0f\x1e\xec\xb8\xae\xeb\xb9\x8e\xe3\xa2(]\x04\xe3a\x12\
\x87\xca'\x87\x80\xe6/8\x15\x22\x980\xc26\x1c\x0e\
}\xdb\xb1\x0f\x0e\x0f\x0fgx\xd5X\xe6`\xba\x15:\
\xf7\xd0\x9ba\xe7\x12p\x0c\x8c\xe5\xa3\xbb\x17\xccf\x8f\
\xb1;4\xfdG\xb7\x9bT\xaa\xd5\x10O\xb5D\xd0#\
K\x80@\x89\x15\x8d\xc04\xd5\xb5^\xaf\x1bx\xfa\x19\
\x84\xe7\x04\xcf\x88\xfd\xfd\xfd\xe4\xe8\xe8\xc8\x9dL&\x14\
\xc7\xcc\x7f5p\xf2g\x94\xf7\x1f\xdf\x9a\xd2\x93\xfbC\
\xb7\xa7\x00\x00\x00\x00IEND\xaeB`\x82\
\x00\x00\x05\xfa\
\x89\
PNG\x0d\x0a\x1a\x0a\x00\x00\x00\x0dIHDR\x00\
\x00\x00 \x00\x00\x00 \x08\x06\x00\x00\x00szz\xf4\
\x00\x00\x00\x04sBIT\x08\x08\x08\x08|\x08d\x88\
\x00\x00\x00\x09pHYs\x00\x00\x03v\x00\x00\x03v\
\x01}\xd5\x82\xcc\x00\x00\x00\x19tEXtSof\
tware\x00www.inksca\
pe.org\x9b\xee<\x1a\x00\x00\x05wID\
ATx\xda\xbd\x96\x7fh\xd4e\x1c\xc7_\xcf\xf7{\
\xf7\xbd\xddyssns:u\x9bfNm\x1a\x88\
\xc3\xd0\x96s\xf8_a4$\xff3\xc3@P\x98\x04\
\x92\xc5\xb4H\x9b\xce_S\x98\xe2\xef\x90\x08\x84\x880\
,\x0cZS\x14\xc96\x95\x99\x99cK\x97\xce\xa9\x1b\
\xcen\xbb\xdf\xbf\x9e\x1e\xbe\x83yz\xf7\xf5\xa6D\x1f\
\xf8\xf0\xf9\xdeq\xc7\xeb\xfd\xbc\xdf\xcf\xf3\xf0\xb5I)\
\xf9/\xeb\xa8\x10\x93\x9c\xf0\x89\x0b\xe6I\xc8\x0e\xa9\xb6\
\xc3\x03\xe0[\x1d\xbe|[\xca[$\x94\x8d\x84\x12B\
\x14\x03\xaa\x9f\xbf\xc6\x80m=\xd4\xbaa\xc1\xe4\x8a\x0a\
[\xf1\x92%\xb8\xa7N%\x06x;;\xc7v\x9f>\
=\xf3\xd6\x85\x0b\xb5;\x85\xf8\xde\x07\xef|*e<\
I\x00\x0a\x1e\x0a\x85\x9a\x83\xc1\x10\x08\x10\x88\xa7\xa6\xa9\
rh&<\xc7c1~\xa8\xaa\xc2\xdb\xd6FyM\
\x0d\xd9\xa5\xa5\xe8\x00\xc1\xa09GO\x9c\xc8\x8cU\xab\
(\x98?_\xfc\xd6\xd8\xb84#\x1c>\xd3,\xc4\xe2\
J)\xa3O\x0b@\xc1\x19\xf4z\xd14\x81\x10I\xfd\
X\x84j\xc0\x9c\xe7V\xaed\xb0\xa5\x859\xcb\x97\xe3\
\xccp\x10\xec\xb9\x83=\x1eCJ\x901\x88)\x818\
\x1c\xd8T\xcf\xa9\xae\xe6\xf2\x89\x13\xaf_\x93\xf2\xc4b\
!\x96%\x09\x10\x82\x04\xb8fNM{\x0cK\x04\x0b\
\xc0\xd3\xde\xce\xdd\x93')\x9eT\x08\x8e8\x8e\x05\xe5\
\xe4\xcc*\xe3\x8f]\x9b\xc8\xd6$\x01\x7f\x84\x90p\xf2\
\xca\xc7\x9f\xd3\xdb\xdaJ\x7fG\x07\x93\x0a\x0b\xb9\xd1\xdd\
\xfdV\x0d\xbc\x9c$\x80!p\xb2\x03\x00)\x9e[\xeb\
\xeb\x19%%\xeel\x17\xc1\xd0\x03F\xcf\x98\x89\xab\xb0\
\x88\x19\xebji\xda\xb0\x02\xb7r\xa4\xfc\xb3\xa38U\
\x0c9\x910\xd7v\xefb\x94\xd3I\x16\x18%\xb09\
\xd9\x01Dj\xfb\x01\x9e\xfc\xac\x80!z\xcf\x9f'\x1f\
\x10\x8f:0z{8\xb3\xeeM*\x1aN\x92=y\
\x1ao\xd4\x1d1\x7f\x9b9y\x0a\x9e[\xed\xfc\xf8\xde\
R\xc6\xdd\xbeK\xbc\xc7\xc7(\xe0\x1fx-U\x04V\
\xd9\x9b\x93D\x01\xc1 \x9a\xd7\x8b\xae\x81\xe1\x968\xed\
^\x8a\xec\x7f\xf2\xcd\x07\x15T\x1fl&\xa7x&\x00\
\xfd7\xaf\xf1\xf5\x8a*^5zq\x8d\x05\xbf\x1f\x1c\
}\x00\xb8-\x22\x10\xe9E\x00\x86\xdd\x8ef\xb3\xa1E\
\x876\x1b\x1a\xf8b\xa8\xef$\x9a\xcep\xc5\xe2\x12\x87\
K2:\x0f4\x07\xc4\x02j\xf6\x81\x1b\x1c)\x22`\
d\x02T\xc7\xe3q\x5c\x86\x81\xf0A\xc4\x0f\x8f\x06\xc0\
c\xe4S\xbd\xff\x17\xb2'\x95\xe2\xef\xbdA,\x06y\
/\x95\xf1\xee\xe1&\xcen\xa8bjv\x1fR\xc3l\
=\x8e\xffE\x1c0\x9b!\x01dL\x9f\x8e\xbcp\x81\
\x81\x87\x10\x1d?\x9a\x8a\x9dMd\x17\xcd\xc4\xd7s\x9d\
\xd6\xbd\x8b\xd1\x9d\x82\xb9k\x9a\xc9\x9a\x5c\xc6\xa2\xadM\
\x5cZ\xbf\x90\x88R\xaa\xfeJ?\x5c}\x11\x07\x86\xdb\
\xe9t2f\xedZ|\x17/\x12\x0e\xc6\x88\xde\x19T\
G\xed\x1c*\x15\xda\xea\xaa\xc8\xcbR\x99;\xe0\xafC\
\x95LY\xd5\xcc`\xc7YB\x7f\x0f\x12\xee\x03\x1d\xe4\
\xcfpx\xa4\x0e\xa4\x14\xe6v\xbb\x99\xb6p!\xbf\xce\
\x99\x83\xfb\xf2ed\x9f\xe4\xea\xba5\xdc.\xcd\xc4p\
\x0f\x10\x0cC<\x00\xba\xed>7w\xcc\xe7\xd1\xef\x1e\
\xa27\xc0\x1e\x81.h\xf9\x09.&;`\xd5\x16\xc2\
rrr\x18SW\x87\x7f\xf5j2\xbb\xba\x18\xec\x95\
\xf4{\x07\xb0\xe7\x83?\x17tch\x83\x06\xba<\x88\
\x87\xe0\x0aC/\xdc\xfc\x10\xd6\x03\xf7\x92\x1d\x18\x86\xa5\
o\x00\xc30\x985{6m\x8d\x8dx6n$\xff\
\xca\x15\xbc^\x08\xa8\xf6w\x810@\xc6\x87\xc0\x99*\
\x9bKD;>\x82\x9a \x5c\x91R\x06RF`v\
\x1ax\xa2\xd8\xdc\xdc\x5c\xe6\x96\x97s\xbd\xa1\x81\xf63\
g\xc8=u\x8a\xac\xceND \x80M\xb7\x11\xcf\xb0\
s\x7fF\x11w\x97-\xa3\xa6\xb6\xb6\x11hU\xf0A\
\x80gnB\xac\xe1O\x88\xd04\xcd\x8cb\xde\xbcy\
LTW\xee\xdd\xcaJ\xba\xbb\xbb\xf1\xf9|\xb8\x5c.\
s\xb3\x16\xe6\xe5QRR\x02\xb5\xb5\xed\x0a\xde\x97\xf4\
>`\xb5\x0f\xb0X9\x90$$##\xc3\x84\x14\x14\
\x14PVV\x86\xae\xeb\x84\xc3a\x14pX\x08\x10\x02\
\xb0\x12\x90l?XB\xd5L)D\xc1\xccNWV\
\x11<\x86\xa6\xb6>\xad\x88\xc4\x92R&*O#\xe0\
i0\xa4\x85&\xc3M\xa8yK&N\x00\xa1\xe9#\
\x12\x90\x08N\x09\xc3Z\x98\xf9\xf6\xa3\xa0f\xf6\x91H\
\x04\xf5\xd9l\x00_8\xea\x05\x02#v \xa9\xd2\xb8\
\xa1@&T\xbdW\x9a'\xc0\xe3\xf1\xa8\xe9\x07!\xc8\
\xcc\x1a\x13\xd9Z\xbfe/\xd0\x92v\x13\x0a+\xa0u\
\x99\xab\x8eF\xa3\xe6;\xc2\xbd{\xf7y\xf0\xe0>\x0e\
G\x06\xf9\xe3\xf2\xd15]n\xd9\xb6\xed\xc0\xf1#\xc7\
6\xa98\xe2\xcf\x12\x90\x0a\x9e&\x82\xc7\x02\xd4\xca\xcd\
U\xf7\xf4\xf4PY\xb9H9\x125\xc5|\xb1c\xfb\
\xf1\xa3\x07\x0f\xac\x1b\x86[\x0a\xb0\x82\xa7qC\xc1\x87\
\xed\x7f\xf8\xb0\x1f\xc3p\x0c\xc3w\xec\xdd\xf3\xdd\xa1\xc6\
}\xefKU\xc0\xc8O\xc1\xf3\x94\x94\xd2\xb4\xdf\xeb\xf5\
200\xc0\x84\x09\x13\x86\xe1\x8d\xbb\x1b\xaaS\xc0\xd3\
;\xc0\x88\xa3H\x8c L\x1c\xb0\x1bv\xb9e{\xfd\
\xf1\xc3\xfb\xf6'\xad\xfc\xb9\x8e\xe1H\xc5)\x06\xaaM\
\xdb\xf3\xc6\x8d\x8fn\xdeV\xbf\xff\xcb\xa1\xcc\xe5s\xdf\
\x84\xba\xae\x0f\x9d\x84\xa4\xcc\xad/\x1d\xa1i\xa0\xd9\x88\
h\x86w\xe7\xf6\xba=_\x1d3w\xbb|\x91\xab\xb8\
K\x09\xa8\xe4\xc5\xcb\x0f\xb4X\xc0\xd3\x0b\x90Rv\x01\
\xaa\xff\xbf\xfa\x17\x1ej[\x84\xf4\xbf\xc4\xa8\x00\x00\x00\
\x00IEND\xaeB`\x82\
\x00\x00\x08{\
\x89\
PNG\x0d\x0a\x1a\x0a\x00\x00\x00\x0dIHDR\x00\
\x00\x00 \x00\x00\x00 \x08\x06\x00\x00\x00szz\xf4\
\x00\x00\x00\x04sBIT\x08\x08\x08\x08|\x08d\x88\
\x00\x00\x00\x09pHYs\x00\x00\x03v\x00\x00\x03v\
\x01}\xd5\x82\xcc\x00\x00\x00\x19tEXtSof\
tware\x00www.inksca\
pe.org\x9b\xee<\x1a\x00\x00\x07\xf8ID\
ATx\xda\xb5W\x0bX\xcdi\x1a\xff,\xd5\xa2\xc1\
\x8e\x8ad<\xe52.\xab\xc9\x0e\xe5t*a\x0c!\
\x95\xa2\x9abZ\x97U\xf3<\x96M3I5\x83\xd5\
E24\x88RjY\xc3&\x0c]\xb6D\xd3\x95t\
t\x8fD[\x9d\xee\xb7\xa3\x9e\xd2)\xba\xfd\xf6\xfdR\
\xf3\xa4Q\x1d\xb3\xcf~\xcf\xf3{\xce9\xdf\xff\xfd\xfe\
\xef\xef{\xef\x87\x01\xf8\xbf\x80\xd6(\x82\x02\xe1\x03\xc2\
x\xc2\x18\xbe7X\xae_x\xf4)\x7f\xff\xd5\xf49\
\x8e\x0b\xfd\x8f\x8a\x7f\xa7\xac\xac\xac\xe8\xe5\xe5e\x1b\x15\
\x1d\xf5$;;\xbb;//\xefUVvV\xd1\xd5\
\xabWWr]o\xcb\xd3\xc6\x95+W\xdc_\xbe|\
\x89R\xb1\xf8UXx\xf8~\xbe\xf7[o=g\xce\
\x1c\xe5\x90\x90\x90\xc2\xfc\xc7\xf9(+/Cuu5\
jkk!\x91HPRZ\xd2q\xe8\xd0\xa1\xf5\x03\
/\xc9\xd7\xa4\xe2\xe2\xe2\xd7\xaf;:P]S\x83\xb4\
\x87\x0f{\xec\xec\xec\xcc\xf8M~\x03\x81\xdf\xef\xdd\xbb\
\xf7\x87\xb4\x87i\xa8\xac\xaaD\x83\xa4\x01\x12Btt\
\xf4kWW\xd7\xeaE\x8b\x16]TTT\x9c\xcf\xdd\
\xf1\x16\x813g\xce\xdc\xae\xac\xac\x84\xb8\xbc\x1c\xa2G\
\x8f`\xef\xe0\xd0\xbax\xf1\xe2\x19\xef\xeb\x0eZ\x93\x8f\
\x1f\xf7-\xab\xa8(\xefU\xdc\xda\xda\xca-\xd0\xad\xa4\
\xa4\xf4\x1d=[F\x98\xceI\x0e\xb6\xc0\x18\xc2\xbc\x8b\
\x97.\x15\xdf\x89\x8b\xebIJNF[[\x1b6[\
Z\xa5\xd3\xfe\x04YIp9\x15\x15\x95YQQ\x91\
\xdd\x9c@SS\x13\xda\xdb\xdbPZZ\xfa\x8a\xbf\x9f\
\xa00\x5c\x10\xf2\x87\x0bW\xafYs\xd6v\xeb\x97\xad\
\x05\x05\x05\x90\x12\x89\x8d\xe6\x16Q\xea\xea\xea\x93d!\
AK\xce\xd2\xd2\xd2.%%\x19999\x90\xbc\x90\
\xf4\x92\xa8\xab\xaf\x83\xa1\xa1\xe1\x12\xee\xd2\x01\xd91\xa6\
?+\xdez\x01a\x9a\xbc\xbc\xbc\xf9\xe7\xab\xd7\x14<\
\x7f\xfe\xbc\xd7\x84\xebML\x13\x96-[\xa6<\x12\x09\
Z\x8a\xbbw\xef\xfe\xd7\xdd{q\xc8\xc8\xc8@Uu\
\x15\xaa\x09\x15\x15\x15\xb8r\xf5\xc7V\x1b\x1b\x9b5\x5c\
\xe6\xb0\xc7\xe1\x8d\xc1\xc1A\x05_\xd1\xe2:\x7f\x95B\
\x84\x89\xdc_\x02]afIi)\x9a\x9b\x9bac\
\xfbe\xba\x85\x85\xc5\xd4\xe1\x02\x93\xd6\x94s\x01\xe7Z\
\x92\x92\x93\xb8\xd9\xf1 \xed\x01\x0a\x0b\x0b\xf1\xecY!\
\x92S\x92p\xd2\xef\xfb\xce\xd8;\xb1\x92\xd4\xd4T\xf8\
\xfa\x1ek\xd7\xd1\xd1\xb1\xe1\xf10T\x01\x19O\x10\x0a\
\x04\xba\xa9t\x032c=\x1c\xbe\xda\x9d\xbfk\xd7\xae\
\x19\xef\x22\xc1\xd3\xd6\xca\xca\xca\xfa\xe6O7\x10p>\
\x08!\xff\x08\x81\xe7QO\xf8\xf8\xfa\x22+;\x93\x02\
;\x1d!\xa1!\xe0\xca\xc3\xc2\xc2(\xc8\xed\xcb\xe9\xcc\
,\xfe\xae\xe1\xaa\xd88\x82\xb6\xbe\xbe\xc1\xdd\xba\xbaz\
TP\x968\xefw)rvv\x9e3\x98\x04\x0f\xd6\
\xc3\x87\x0f%\xe4\xe5\xe5b\x87\xbd=\x5c\x5c\xbf\x81(\
\xe3!\xf4\xf4\x84\xa4\x5c\x84;q\xb1\x08%R\x91\x91\
\x11\xf0\xf4\xf4\xe8\xa6Z\xf15?\xc3\xcf\x8eTJ\xc7\
\x12\xfedh\xb8<\xb2\xb1\xb1\xb1\xa7\xb8\xa4\x04\x01\x81\
\x81\xe5TL\x16\x0e\x08*y\xf2\xfd\x0e\xba]\x17\xcf\
\x9e\xa0\xe0\x0b\xd8ha\x86\xfc\xc7\xb9ptr\xc4\x8d\
\x9b7@\xae\x81\xb7\xb7\x17\xdc\xbfu\xeb\xd6\xd4\xd4\xfc\
\x91\xceh\xf4\x17;Y\xeb\xb9\xe6\x8a\x15+\xc3ZZ\
Z\xba\x9f\x17\x15!]$\xaa;q\xe2\xc4\x12n%\
r\x8b3/\xb7\xe1\xe1\xd7\x90\x90\x90\x80\xb3g\xcf\xc2\
\xda\xfa\x0bxy{\x83d\xe0\xe6\xee\xd6\xe3\xe8\xf8\xb7\
\xd7\xdb\xb6o\xab\xa7\x9b\x1f\xa33\xdc\x82r\xfd:d\
-0\xf2\x84\x05\xe6\xe6\xe6\x17\xa5Ri\xd7\xe3'O\
@\xf5\xbd\xe9\xe0\xc1\x83\x17sss{\xbc\xbc<\xb1\
b\xe5r\x1c8\xe0\x82\xd3\xa7O\xc3\xc5\xc5\xa5\xd5\xd6\
\xd6\xf6\xa9\x96\x96\xd69:gM\xd0%\xcc$|\xd8\
_\x05e%08M\xe7n\xd9\xb2%\x80\xfaFg\
Nn.'\x01\x0fO\x0f,_n\x88\xcd\x9b7\xe1\
\xf2\xe5\xcb \xc5i$\xb7\x81\xf01aJ_7\x94\
\x1f*\x8d\x07m\xc8d\x89\x85\xdb\xb7o\x7f\xc2\x8bL\
Ff\x16\xe5|&v\xd9\xef\x02u:888\xe4\
\xd3s\x01W*k/y\xdf\xfe\xae\xe8\xed\xed}\xf3\
\xde\xbd{\xe4g+P\xff\xa0xx\xd4K\xc2\xc7\xc7\
\xa7!1\xd4\xf2N\x84\xbb\xfaw\x03\xeb\xfdH\x90Y\
\xf9$Z\xd4\xb4\xe2\xf2\xf3\xf3\xb1u\xab-\x96\x0a\xb4\
\xa1o\xa0\xcf\x8b\x0e\xa5Z\x06\xca\xf2\xfcz\xa4e!\
(\xba\xa0\x88\xa0\x1dl_\x7f\xa0\x8d\x04\x99\x06\x0c\x0a\
&\x15\xea\xf1\xf7333a\xfd\x85\x15\x0c\x0c\xf5\xa1\
\xa5\xf5\x09\x8e\x1d;\x06rG\x9b\xf8\xd1\xdf;:\xcb\
>D\xdb\xd3y\x90\xde\x1c\x0f\x91\x1fk\xf8h2S\
\x93\xc5\x0a#*\x17\x08\x04j\xd7\xae]\xcbNII\
\xc1\xa6M\xe6tk=\xcc\x9f?\xbf7\xc5N\x9e<\
\xd9\xeaj16\x5c|\x95u7\xddg\xe8\x8egx\
\x95\xccP\x13\xcb\xf0\xef#,\xf2\xaf\x9f\xb1\x05\xdc\x12\
\xc3\x11\x19V\xf9\xaaU\xabf\xd20\xf1466\x96\
:\xa3\x19\xf4\xf4u1k\xf6LP\xfa!((\xa8\
\x9d\x88\xec\xfb\x5c\x8b9\xdc\xfe\x9a\xb5\xd7]fh\x89\
c\xe8,a\x90\x1604g04\x8a\x14\xba\x13}\
\x14\xc3\x94\x95\x99\xe2P$\x86Tnjj\xba >\
>\xbe4<<\x1c\xa6f&\x10\xea\x090c\xc6G\
\xd8\xb3g\x0fO\xb7\x0e===\x1elj\x04\xd5y\
j\xcc\xde\xc7\x96\x15\xfd\xec3\xaaK\x92B$\xc4\x0c\
]\xe5\xa3\xd1.6AQ(C\xe4>\x16MM\xfd\
\x9dm\x9d\xbd\xab\xb1P_\xff\x94JkuH\xc8\x05\
l05\x86@\xb8\x14jj\xd3(\xf8\xb6\xe2\xfa\xf5\
\xeb]FFF\xa7Hn\x06\x97\xed\xeb\xa0\xfc\xe5\x9a\
\x1fOc.\x0fN\xb2\xce\x17\x0f\x88D\xc5\x04t\xd4\
\xedEC\xb2\x12\x8a\x7f\xea%\xf1d\xc9\x5c\xa64\x98\
\xc4\xaf\x94S\xa11\x10\x89D\x12\xbf\x1f\xfc`l\xb2\
\x9e\xa2]\x07SU\xa7\xc2\xd8\xd8\x18QQQ=D\
\xee2\xefd\x83+\x1a\xffM\x98\xe9m\xcd\xd2\x8b\xc9\
\x1d\x0d\x89\x14\x0f\xc5c\xd1Qk\x0bi\x8e\x12\xc41\
\x14\x17\xfbX\xa9\xd9\xa7Lu`\x8dxK9\xd5\xf5\
\xd5T\xd7\x9b=<<\xb0~\xc3:\xe8,]\xd2\xab\
\xdc\xc0\xc0\x00111=;w\xee\x8cf\xecM`\
\x0d5\x94N\x99\xc8V\x86\xda\xb3\x17\xff\xf9'C9\
\xdd\x5c\x92\x22\x87\x8ej#H\xb3'\xa3\xe2.C\xcc\
7\xac\xc6Z\xc0\xd4\xfbI\xfc\xa2\x9c\xa6Y3\x1a\xc5\
Z\x1f\xd1Pz\xfc\xfb\xe3\x10\x0au1e\x8a\x0ah\
\x92\x05\x0fB''\xa7\xfb\xbc3\x12\x14F(V\x13\
\xc7)0\x93\xf3;Y}m\xfc\x1b\x12\xf5?\x8fF\
G\x956\xa4Y\x7f@u\x02\xc3\xdd\x03\xec\x85\xfb\x06\
\xf6GN\xa2\xf7\x90\x9a\x9a\xdat\xba\xb9\xd4\xd3\xd3\xf3\
\xd9\xbau\xeb\x22)\xbd\x1a]\x5c\xf6\x83\xba\x17\x22\x22\
\x22@\xed\x97\x97X\xa1\x0c\x7f\x5c\xfaILR\x18\xc3\
V\xfb\xff\x99U\xd5\x10\x89\xca\xdb\x94\x9a1\xa3\xd0Y\
9\x1b\xd2LE\xd4\xa52dy\xb3\x12^Y\x09L\
\xde\xcd\xcd\xcd\x8e\x22\xbe\x89\xbe/'\xcc^\xbbv\xad\
3\x99\x9c\xfb\x9c\xe7{)\xed}F\xf8\xe0}&\xe4\
\xbe\x89z\x85\xdf\x16VR\x15K$\x22\xde\xa0\xb3\x5c\
\x09\xcd)\x0a\x90\x5cb\xed}\xcd\x8a\x8d\xa5?\x0d\xdf\
\xc6\xc5\xc5\xb5ihh\xcc\xe5&vtt\xdc\x96\x98\
\x98\xd8\x13\x18\x18X\xab\xa0\xa0`\xc2\xd8\xe0\x14\x92\xbd\
w\x10\xf4\x8fnf\x85\xe2(\x86\xaah\x06\xa9\x88\xa1\
=i4\xe2\x8f\xb2\x87\xf4L\xa9\xd7\x02rrr\xda\
4\xab\xb5\xdf\xbau\xab\x90>\x03(\xd5jN\x9d:\
\xd58a\xc2\x04[.$cg\x1bn\xbe\x14\x1c1\
g9\xf9~\x0c\xe2\xf3\xac'\xdd\x8fU\xd0\xdeb\xae\
\xbb_HE(\x14\xfa\x04\x07\x07\xb7\xf8\xfb\xfb\xb7\x91\
\xcf\xc5\xaa\xaa\xaa\x7f\xe1&\x92Q\xb9,\xa3\x9d\xa6\xb6\
\x06s\xb2\xd6cG\xe8\xfb'}{\xa3~\xc9\x02\xc2\
t\x82\x11a\x13a)a\xb2L\xcae'!\xc7]\
\xc91\xb0?\xfc\x17\xb0l\xc1\xc4\x9c\xd3\xd1\xfc\x00\x00\
\x00\x00IEND\xaeB`\x82\
\x00\x00\x06\xe0\
\x89\
PNG\x0d\x0a\x1a\x0a\x00\x00\x00\x0dIHDR\x00\
\x00\x00 \x00\x00\x00 \x08\x06\x00\x00\x00szz\xf4\
\x00\x00\x00\x09pHYs\x00\x00\x1b\xaf\x00\x00\x1b\xaf\
\x01^\x1a\x91\x1c\x00\x00\x00\x07tIME\x07\xd7\x0c\
\x1b\x16\x05\x11\x8ek\xb0\xdd\x00\x00\x00\x06bKGD\
\x00\xff\x00\xff\x00\xff\xa0\xbd\xa7\x93\x00\x00\x06mID\
ATx\xda\xcdW[lTU\x14]\xf7\xde\x99\xb9\
\xf3\xe8\xf4\x01\x08\x04\x8aR>JUb\xa6\x10\xc4\x86\
\xa2\x12\x22\x90HH0\x8d\xa1\xbc\x0a\x82<R\xa8\x06\
\x13\xd0\x0f\xe5\xcb\x98\x88\x06C\x0c\xef\xc4/\xf8 $\
\x02\xf1\xc3G\x08*J0\x80\x96\xd2\x82\xb4\xb4\xbc\x9f\
\xe9\xcbN\x87\x99{\xe7>\xdc\xfb\xf4\xe6\xdc\x19[\x22\
\x1f\x10\xdd\xc9\xea9=g\x9f\xbd\xd6\xde\xfb\xcc\x99\x0c\
\xfekS\xe0Y+\xcd\x8b\xc3\xe1\x90\x13\x8f\xebAM\
S\x95\xc7L\xe4\x12\xach\xd4U:;3\xbd}}\
f9-I\x01\xbd4Zuu\x09e\xd4\xa8}\xbd\
'O&\xb2\xf7\xef\xab\xde\xa1\xfc r\x1czM\xce\
\x1f\xb2\x17\x9b0\xc1\x1d^]\xddh65\xad\x8c\x1e\
<\xd8XL\xcb\x01vH\xeb\xba\x1e(-\xdd\x17\x98\
={\xb2VU\x05UQ\x06g\xf08\xca\xadR\xe4\
\xc2\xc2\xca\xcc\xb5k{\x15]\xaf\x86ad\x84\x80\xac\
\xaaFn\x1d9\x92\x88WT\xc04M<Is(\
\xb9\xd6c\xc7*\x9f'N\x00\x03\x02l\xd7\xd5z\x9a\
\x9bU=\x99\x84\x8d'k\xb6a\xa0\x8fZ\xcc\x9c \
\x1b\xa8\x80\xeb\xaa\x0e\x00+\x93\xc9\x13\xd0M\xcem\xe1\
0\x82\xe94\x12\xba\xce\xady\xb4,]\x17\x8dt6\
\x1b\x89\xa0\x9cb\x96\xe8\xba/ \x9b\xe5\x84\x05\xa7\x14\
@\xe4\xaa\xcd\x9b9\x02\xfe\xb2m8\x89\x04\x16UW\
#M\x02~<t\x08e\xc9$\x8b\xf8W\xf2+\xf1\
8\xe6\xd5\xd6\x22B\x02~;q\x02=\xe7\xce\xa1P\
\xd3\x06\xf6M\x93\xdb 8\x01\xef\x8f\xe38,\x80+\
 \x11\xa5\xcb8\x8d\xc8\x15r\x8eF\xa3x\xb5\xa6\x06\
\xb7JJ\x90\xe5\xfd\xa1!\xf6n\x16\x17\xb3/\x9f\x11\
g\xa7\xcd\x98\x81HU\x95\xf4q\xb8\x02\x1e\xa7\x14`\
;\x8e\xdf\x02\x0feEEPU\xb1\x0d\x97\xb2\xd2\xa9\
\x8c/\xcd\x9f\x8f\xae\xd2R\xe9'\xe1\x91w\x8e\x1d+\
|B\xa1\x10\x13\x80\x8dc\x94\x91(\xe9\xcb\x15\xf08\
\xa5\x00\xcbo\x81T\xdaz\xe0\x00\x1e\xb4\xb7\xc3\xab\x90\
@0\x18D\xe5\xdc\xb9HM\x9c\x08\xcb0dP\x9e\
\xa7\xca\xcb\x91\x983\x07\x81@\x00\xb6m3\x84\xf0\x07\
\x1d\x1dh\xdb\xbf?\xaf\x02\xdc\x02\xe6\xf4+\xe0_B\
\x89l*\x85\x96\xbd{\x91jk\x93\x228 \x13<\
7k\x16\x9c)\x95PlC\xc0\x9e\x9c@\xc5\xcc\x99\
\xd04-\x9f\xfc\xf2e\xb4\xec\xd9\x033\x95\x1a$\xc0\
\xce\xbd\x846\xa0\x88E\xc3\xe0\x0d\xff\xc6\x12\xce\xef\xd8\
\x81Ik\xd6 XV&+!\xca:}\x06n\x93\
\x18\xc0E\xe9\x8bU\xbc\xc6\xc4<\x8a\xde\x1b\x1d\xed\xb8\
\xb0{\x0f\x1cZ\xcb5\xdb\x13\xc0\x9cB\x80\xac\x00\x07\
0M\x11D\x1a\xb9\xd02.\xee\xdc\x8eg\xd7\xd6C\
}\xa6LV\x82\x89FO\x9d\x06\xcfd\xcf\x99\xdc\xb9\
v\x05\x97v\xef\x80cZ\xd4\xeb\x9cg\x94\xf6\xf4\xe2\
\x22\xe2s\x04\xa7\x7f\x07|\x01~\x1b\x8c\x0c\x5c3\x03\
5\x9b\x81\x92\xe9G\xfb\xce\xcf\xe1^mc\x02Y\x09\
\xef\x82\xf2\x5c\x0a\xd7n^A\xc7\xaem\x80\xd1\x0f\xc5\
\xcaP\xcb4\xc4\xc7\x8dCd\xc4\x08\xb8\xe4wf\xeb\
V\x98\x19\x03\xd6?\xdf\x01WU\xd0}\xa1\x05J8\
\x82P<\x8e`8\x84\x80N\xe5t\x07T*\x06p\
}\xd7\xa7xz\xf5F\xb8cd;X\x00C\x08\x8b\
'\xbbq\xf7\xf0~\xe81\x1d\x0aGM\x1b\xe8\xbb~\
\x19\x1dG\x0f#\x9dL\x83-\x18\x8b\x82\xb8x7O\
\x80\xc2\x15H\xde\xb8\x8eL\xff\x03h\x9a\x82H,\x84\
Xa\x04\x91\x02\x1d\xe1h\x08z8\x08'\x12\xc2\xb1\
\x1f\xbeG\xd5\x92U\x928W\xc4\xaf\xdf~\x83\xe8\xd7\
_Q\xf5,\x98Y\xc0\xf0\xa0\x104\xa2\xb3\x99\x88\xc9\
]UpJ\x01B\x84\xea5\x1c\xecL=\xb6\x0d\xb8\
)\x036\x1d\xb6\xfa\xc9[\xd7\xd0\xf6\xda\x22T\xd7,\
\x91m\xc8\x05[\xd9\xdc\x05h\xee\xba\x8f\x91G\xf7\x01\
`a\x10\xe0m\xee\x10\x8f\x8aF\xe49\x17]\xcd\xfd\
\x96bu\xac!\xa0\xf9\x08\xf2\x18\xd2p\xe7\xf5\xe5x\
\xa5\xe1\x03\xc4b1x&o<g\xcfw\x80?\x86\
/,]\x87\xee7\xd6\x8a3\xc1@~,r\x17\x1c\
\xae\xa2\x0c\x16\xc0}au\x1a\xedi9\x224\x0a\xd4\
\xb5`5^\xde\xf0>\x0a\x0a\x0a\x98P\x92\x0f\xbf\xd1\
\x88\xa7n6\xf2\x5c\xb6\x83\xdf\x89D]=R\xb5\x0d\
|\xd6\x8f\xc3P!|\x1duh\x01\xb2\x02\xc2\x91A\
\xe9\xa7\x16\xae'\xf2\xcd\x9c9\x9338S\x22?\x0b\
\xfb\x8bep\xb6\xaf\xc0\xe8;M\xfcJ29\xef\x89\
g{\xca[\x1b\xe0\xae\xd8\xc41\xf2b*\x94\xa1;\
\x94\x00V\xc5\x9b\x14_@\x0dh\x14`#\x91ob\
rV\xce\x10$\xc5WO\x0b\xf2\xb0j\x0a(_\xae\
\xc0\x98{\xe7\x11\x0e\x87\xa5\x10\x9eO}\xbb\x01\x91\xfa\
\x0fE,\x11\x93\xa1)\xc4\x85!\xef\x00\x11\xf8\x02b\
\xeb6\xa3\xba\xfe=I\xce\x99q\xe0X\xdb)d>\
[\x82\xa0kB\x0f\x01aB\x10&\xb2\xdb\x96SU\
\xfe\x18,b\xd5z\x0c{w\x8b\x88\x09\x16\xf0\xf0;\
\xc0\xff\xf9\x1bU\x8b\xebD\x002I\x1el\xf9\x05\xbd\
\x1f/\x02\xb2&\x06\x99e\x22\xf9\xc9RD[Oq\
\x0bX\x04\xb7K\x9c\xab\xacY(\xdd\x14U\xe0a\x97\
\x10\xf2\xa3sze\x0d\xd0\xdf'\x9fW\xfb\xf7\xe3\xb8\
\xfdQ-l\xc3\x14\x9f\xe7\xac\x05\xd0\x14\x19\x02\xcfm\
\x1b\xe2%\xbd\xbbe1p\xeeg\xf9U\xce1\xceP\
,\x8e\x09\x86w\xd7\x86h\x81 \x92\x02zZ\xce\xe3\
\xcc\xb2yP\x93\xbdH\x9f\xfc\x0e\xed\x9b\x16\xc2\x22\xb6\
\xac\x0d\xf9\xc8\xa4\x0d!@\xc0\xb4@{\x04R\xd5A\
\xbe|\x86\xcf\x9e\xad\x9bG\xb1\x9aDL\xc7\xf5\xb2\xf7\
\xf9\x11\xc8o\x81p\x12\x19:\x04>\xf8\xd3\xf4\xf1\x88\
\x84 \xfa\xad\x12\xbc\xf6\x09?\xcd\x93\xcf\xfe\x96\xc5\x22\
\xbc\x91*\xd1\xdc\xf0\xe6\x808\x83c\xf91!\x12\xcd\
o\x01\xaf\xd9j\xc107:\xb2\x90\x1d\x05,\xdbG\
\xd6b\x88\xcc\x05\x0c/p\xdaC\x86\xc1\xeb\xde>\xfb\
Z\x022\x86\x8c\x1b\x1dYD\xeb\x8a\xc3\x9c\xb2\x02.\
\xd0\xad\xc7\xe2\x97\xe2\x93\xc6Wh\xd1\x104\xc7\xe2W\
\xcc{\xc9\xfcQ#(\x04\xae\x96E\x90\x99p\xdb\xf8\
\x99%\xa8\x84\xa0Ms\x8b\xce\xd0\xa8\xd3\x18\xf5\x12\xb0\
\xb5 \xacx\x09\x94\x0b\xf7.1\xa7\x14\xa0\x00=\xa1\
\x8b\x7f6t\xf4\xf6l\xef\xe9\xea,\xcf\xa6\xd3\xea\xa3\
\xff\x0c{t\x0bE\xa2NX\xbdqit\xb2\xff\x1d\
\xe6D\xeeu8>\xd0\x8e\x12\xc20n/\x9e\x80y\
e\xe7\xcc{f\x02\x0e\xfe\x0f\xf67\x83v\xd2D\xe2\
\x1dh\x05\x00\x00\x00\x00IEND\xaeB`\x82\
\x00\x00\x06\x03\
\x89\
PNG\x0d\x0a\x1a\x0a\x00\x00\x00\x0dIHDR\x00\
\x00\x00 \x00\x00\x00 \x08\x06\x00\x00\x00szz\xf4\
\x00\x00\x00\x01sRGB\x00\xae\xce\x1c\xe9\x00\x00\x00\
\x09pHYs\x00\x007]\x00\x007]\x01\x19\x80\
F]\x00\x00\x00\x07tIME\x07\xd9\x05\x05\x10 \
\x11\xe5\xc9?%\x00\x00\x00\x06bKGD\x00\xff\x00\
\xff\x00\xff\xa0\xbd\xa7\x93\x00\x00\x05\x83IDATx\
\xda\xedVKLTg\x14\xfe\xee\xcc\x9d\x01\x0ae\xa6\
:\x80\xa8\x85\x8a\xc0`\xb1\x04\x84)\xea4\x8dnl\
Ij\x9b\x88\x89\x8b\xa6i4]\xb5a\xe3\xaa\x891\
j\x8c]\xd05\xabnH\xa8MIl\x1aSc\x13\
\xa3\x11\x12\xd4\xc8t\x98\x0a5\xb5\x84h\x0d BK\
(\x0c2\xcc\xf3\xf6\x9c\x13O\xbc\xdc\x89\xab\x06\xdbE\
?\xf8s\xff\xd7=\x8f\xef<\xee\xe0?\x89\x8b\x17/\
\x06{{{\xdb\xf0\x02\xe0\x82\x03\xc7\x8f\x1fGQQ\
\xd1K\xab\xab\xab\xa5\xe7\xce\x9d\xc3\xbf\x82\xfe\xfe\xfe\xef\
{zz\x06\xf1\x02\xe0\x86\x03\x9d\x9d\x9d\xaf.//\
wONNn\x7f\xfc\xf8\xf17\xf1x|a]C\
022\x02;\x02\x81\xc0G\xd7\xae]\xf3\x0d\x0e\x0e\
\x9a[\xb7n\xed\xc2:\xc3\x00atl\xd4J\xa7\xd2\
0M\x13\xa4\x18D?\xb2\xd9,\xf6\xef\xdf\x8f\xae\xae\
.\xa4R)X\x96\x05'\x9c{\xb2\xb2\xed-,,\
\xa0\xae\xaena||\xfc\xe3\x8e\x8e\x8e\x1f8\xa7N\
\x9c8\x81<D\xa3QK\xd1\xdd\xddmUU\xbdj\
\xd5\xd4l\xb3\x0e\x1e|\xcf\xfa'\xb8z\xf5*?r\
\x14Jk``\xe0+\x10N\x9f>\x0d;L\xe5\x81\
1;;\x83\xfbs\x1ex\xb7\xb4\xc3\xebqa|&\
\x89tj\x15\xcbO\x12p\xb9\x5c0\x0cC\x9e.\x83\
\xe6.C\xd6n\xb7{\xcd\x19#\x97\xcb\xc9x\xf8\xf0\
\xa1H/).Akk\xeb'\xb7n\xdd\xaa\xda\xb3\
g\xcf;\xa7N\x9d\xc2\x993gl\x06X\x10\xb8\xac\
4\x1e\xa4Z\xf1\xca\xdba\xb8i\xfe\xdbP\x14\xdf]\
\xe8G\x22\x99\x83*\x81\xfc\x1b\xba\x96\x01~\x02k\x0c\
`\xdc\xbcy\x13\xc7\x8e\x1dC:\x93\x86\xc7\xe3As\
s\xf3\x81H$\xf2c(\x14\xea8{\xf6,N\x9e\
<\x09\xd3\x19C\xc3\xc8\x01\xd94\x8042\xe9$\x0e\
\x1f\xee\xc4\xf2J\x96<}\xa6\x90\x85\xa5\xd3\x923v\
\xef\xf5\x5cr#\x93\xc9\x08;\x04\x9e?=\x07\x9a\xde\
hzw8\x12\xe9y3\x14\xfaL\x1b\x91x$\xc8\
K\xb4\x1cR\xc9\x14)K!\x99LJbNNM\
J\xa2\xae\xac\xacPr\xca\xbe\xfd\xc9\x83\x8d\x93gi\
i)\x18\xd4\xd4 F\x18nX\xf4\x17\xac\xaf\xff\xf4\
\xca\x95+\x07\xd8PS=\x17\x18\x14_+C\x83u\
\x93\x87F\x96\x94\x0a\xfdH\x92\xc0\x9f\x22\x11TU\xbf\
\x86\xdd\xbbw\x036\xca\x0d\x88\xe7 \xe8\xbe\x8c\xb2\xb2\
20\xa8\x9caGAA\x81U]]\xddG\xefT\
\x98J>\xe3\x97_'\xe0\xb9\xff%\xe2\xe3\xe3X\x5c\
\x5c\xc4\xb6\xcaM\x88\x8d\x86q\xef\xde=\xd4\xd6\xd6b\
o8\xcc\x9e\xc8\xa0F\x85\x89\x89\x09TTT(\xf5\
j\x90\xae\xa5\x0c\xcf\x9f\xff\x9a\x18\xc9\xc0\xeb\xf5\xe2\xf2\
\xe5\xcb\x08\x06\x83\xf0\xf9\xfd\x86\xd7\xe3)\x97$\xb4\xd7\
s\xa8\xad\x0d\x86Y\x04\x97\xb7\x98\x06)\xca\x99hi\
ia\x0f\x98N\xa1U=\xad\xaa\xaa\xe2\xc1\xdf\x0d\x11\
\xce\xd0\xf8\xc3\x02W\x09'\xa3\x18;44\xc4r\x84\
\xc5\xceC\x87D\xd6\xed\xdb\xb7\xf3\xcaP\x14(\x94\xca\
DBJP\x93j\x8d\x22\xf2\x02\xb1XLb.\x89\
Iw\xfc>\x1f\x1a\x1a\x1a(\x829\xbe'\xc6\x15\x17\
\x17\xc3G\xfb\x85\x05\x05\x92\xb8Z)\xce2d\xa1*\
\x5c\x15\xb1bI>\xdd\xb3 \xf7\xc4\xa8\xd8\x9d;\xc8\
\xd2y{{;\xdf\xe3\xd8\xe2\xfa\xf5\xeb|.T[\
\xa4\x84\xe6\x1a\x1ev@\xee\xd8Y\xd7\xa0A\xa1\x8a\x95\
\x01\x9b\x01\xb4v+Y\xb2\xe7\xa6s\xf6vxxX\
\x04\x0fPu\x84\xc3a\x89\xbdxj\x93\xc3\xd0\xc6e\
\x87\xe9(?g6\xb3\x22\x1e\xf2b\x7f\xff\xb7h\xdc\
\xb9S\xee/--\xa1\xa9\xa9I(\xde\xb1\xe3u\xf4\
\xf5\xf5\xe1\xc8\x91#b\xe8\xc6\x8d\x01nB\x1c\x161\
\xe4\xee\xdd\xbbhkk\x933eDa:\x08\xd0\x10\
8\x19\x90\x11\xac\x0f\xa2\xa5\xb9\x99\xe7\x92\x1bsss\
\xf0\xfb\xfd\x94\x07\x11\xd0\xc7\x06##QR\x14\xa2\x0a\
\xfa\x8bK\x95\xe3,2\xea\x83A\x91\xa3-\xda\xce\x82\
i#\xc0i\x1d\xcfY\x19\xbf,g\xd9\x5c\x16\xda\x90\
\x0a\x0b\x0b133\x83\xf9\xf9y\xf6N\xee\xd6\x93\x81\
\xd1\xe8\x085\x9e\x047\x9fg\xf17$\xe9xm3\
\xc0\x9e\x03\xaaP\xfb=\x04rQ_\x12\x18P\x1a%\
\xf3\x9b\xa9\xb4\x9ePG|\xf4\xe8\x91(\x9c\x9e\x9eF\
<\xbe\x04\xea\xf5l\xa4\xbeKsK\xd7\xf2Tay\
}\xe0\xe7XL\xbce\xa8\xa2\xb1\xb11Q6;;\
+6\xab'J\xef[{\xf7\xe2\x8f?\xe7155\
\x85r\xea|55\xdbY\x866#e\xd2fL\xf6\
\xf9\x9f\xe3]\xbbvIR)x\xde\xd8\xd8\xc8\xfd\x81\
\xdb*\xaf\xa5\x97{\xdc\x1e\xfb\x97\x90\xce\x02(//\
{\xba\x07I<\xbbr'\x9b\x8a\xbc>\xa0\xb1V\xb0\
\xe7\x97.]\xe2}N6\xcej\xbbP\x87\x97\xfa\xe4\
\xe1\x82\xc2y_\x0dP=&l`E\x1b6l\x80\
\x82\x15\xee\xdb\xb7O\x18\xd8\xb4\xa9\x92\x12\xaf\x80\x85<\
w\x00\xdcp\x8c|#\xc5Ga\x87s\x85\xbb\xa23\
\x04b\x196o\xde\xcc4\xab\x85BeII\x89\xcc\
+++\xc8\x80\x22(a\x86\x04C\xb2R\xdd\x94\xb9\
\x13\x06\xe4\xa6\x9d\x01\x1ek\x93\xd0c\x9a\xdc\xd3I\xb9\
\x07\xa9d\x1c\xc8\xac \x9d\x88#\xf1dQ\xca*\x10\
\xd8(\xdf\x7f \xbfe;\xe1l6z\x87\x1f\xbc%\
k\x8b\xd95!\xa0\x9fH\xb0\xe3\xfd\xcfG\x87\x1a\x8e\
^\xb0j?\xf8\xc2\xf2\xed8:\xc9\xb9\x88u\xc2\xd0\
\x8d\x1b0\xe0@]\xcd\x96\xde\x5c\xd6\x0a-..\xe5\
^\xf6\xfbF\x1f\xfc>\xfd!\xfe\xc7:\xe2o\x22\xe1\
d\xa6*\xbb\xb2I\x00\x00\x00\x00IEND\xaeB\
`\x82\
\x00\x00\x0aj\
\x89\
PNG\x0d\x0a\x1a\x0a\x00\x00\x00\x0dIHDR\x00\
\x00\x00X\x00\x00\x00\x1f\x08\x06\x00\x00\x00c\xc8\x0a\xe0\
\x00\x00\x00\x01sRGB\x00\xae\xce\x1c\xe9\x00\x00\x00\
\x09pHYs\x00\x00\x01\x8b\x00\x00\x01\x8b\x01\xe1\xd0\
\xd2\xbc\x00\x00\x00\x07tIME\x07\xd8\x02\x13\x14 \
6K\xc4%d\x00\x00\x00\x06bKGD\x00\xff\x00\
\xff\x00\xff\xa0\xbd\xa7\x93\x00\x00\x09\xeaIDATh\
\xde\xed\x9ay\x90T\xd5\x15\xc6\x7f\x02\xb2\x16\x0c\x0a\xa1\
\x00\x0d\x105\xacZV\xc0\x05\xad\x80\x11IPL\x85\
E \x82\xe2\x82\xa5\x98\x88KL\x0a\x8dF!\x04\x89\
+([!\xcb`d\x93e@d\xa6\xa7\xdf\xbb\xe7\
(\xa0(\xc4X\x8a\xb2(\xa2\x82D\x115 \x83\x01\
\xd9\x9c\xfcqO\xc7\x97\xae\xd7\xcb,RP\x95Wu\
kz\xfa\xdd\xf5\xbb\xe7\x9e\xf3\x9d\xef6\xfc\xff\xa9\xd4\
S\x02\x8d\x1c\xfcJ\xe01\x81R\x85\x0f\x04\xf6)\xec\
\x13\xf8\xd0\xc1\x08\x07M\xb3v\x22p\x91\xc0L\x857\
\x15\xd6\x1eGe\x9dB\xb1\xc2K\xf6\xf9X\x8c\xf9\x9a\
\xf8\xbf\x1b\x14\xbeT8,\xb0]\xe19\x81\xebB8\
-\x85\x9bB\x07k3>+\xc0\x0e\xee\x14\xf8\xa7B\
\xf9qX\x16)\xbcw\x0c\xc6\xd9-\xf0\xa1\xc2\x97\x02\
\xfb\x15\xfe\xa10\xa1\x14\xce\xcc\x86]\x08\xcd\x05\x9e\xc9\
e\xc1O\xcb\xf1\x09n\xb9\xc2\xad\x0a\xee\xfb\xe8[\xe0\
+\x01\x15\x08\x04>\x16\xd8/P\x1a\xc2\x05\x15q#\
\x0a33\xbe,\x86S\x14\x12\x91\x81\xbf\xb5c\xf1M\
\x96r(m\xa2G\x05\x0e\xe5h\xf3\x8d\xc0A\x81\xa3\
\x91\xb6G\xed\xbb\x03\x02\x87c@xW\xa1\x87\xc2\xf2\
j\x06\xf6_\x0a\x85\x0a\x8b\x15\xf6\xd8w\x1bB\xb8\xbe\
\xa2>Z\xa1\x8b\xc2\xa4l\xee\xe12\x85\xb7l\x909\
\x02m\xee\x82\x1a\xd9:-\x86\x1a\xa5\xd0\xce|U\xb9\
\xc0\xfc\x10:\xe53\xa1bh\xec`\xa8-\xf6\x05\x85\
V6\xd1\xfbb\xc0\x98\x1e@;\x85e\xd5\x04\xecV\
\x81\x89\x02S\x14\xca\xec\xfbC\x02\x8f\x04\xf0\xc3\xca\x04\
A\x85\xd9\x02\xf7ds\x0f#\x15\xf6*\xacPh\x9b\
\x80Z\x0e\xae\x10H\xda\xd1IZ\x09\x05\x12\x02\xf7G\
\xdaN\xb4I\x8eN@\x1d\x85S\x15n\xb5c\x97\x8c\
\x14\x15\x98.p\x99\x81\xdc\xcc\x16x\xdf\x8bP\xb0\x0c\
\x1a\x08LO\x07\xc4\xc1\xb5\xd3}\xbf\x8b\xaa\x08\xee\x87\
\x02\x8f\x0b<\xac\xb03\x02\xf8\x11\x81\x81\x02\xb5Sk\
Z\x02\x0d\x1ctw0L`\xb0\xc0)Y\xb0\x1b\xaa\
\xb0\xda\xc1\xe5\xd9v`\xa1\x0d6\xde,\xba\x99\xedp\
\xdcDw\x09\x8c\x89\x0c\xf0\xaa\xf8\xb6W\xdb\xff?\x91\
\xcc\xfeR\x04.\xb21\xba+\x94\x87\xd0\xd3\xda]\xa0\
\x10\xa4\xb7\x09\xe0\x1c{\xff\x84\xc2\x91JXl\xb9\xc0\
\x04\x81;\x04V\xa6\xbd;\x22p\x8d\x83z\x0b<\x0e\
\xbd\xedD\xed\x8d\xb6O\xc2\x851\xc0\xd6\x12\xe8\xa6\xb0\
\xd5A\xafl\x11\xb0\xb6\xc2z\xebp\x845\xfe\xb1\xc2\
\xeb\x19&\xfd\x8e@_\x80\x17\xa0\xa9\xc2n\x85m\x0a\
?\xb3\xcd\xeae\xd4&n\xb13W@\xa3\x10\x1a:\
\xf8\xbdBY\x08\xcdm\xcca\x0a[\xd2\xdb\x84\x16\xc1\
\x05\x86\xab\x8f\xf0\xf9\x82{T`K\x00=\x04\xc6+\
|\x96\xf6~\x9f\x83\xdb\x8b\xbc\xb5^-\x19\xd6k'\
\xb6M\x1a\xb8\xf5\x04\xae\x12\xf8\xd4A\xef\x00\xeads\
\x0f\xdd\x14v(l\x16\xf8\xa5\x81\xde%\xcb\xc4W:\
h\xbb\x00\xea+\xf4S8\xa0P\xa4\xd0\xde\x00\xbe)\
\x8b5=`uZ\x09\xccS\x10\x85\xc66\x8f\xc74\
-p\x9a\x8b8\xdd\xde_\xaai\x16\x98\xa5\x94\x09\xfc\
-\x80.\x02kb\xfa\xfd\xd2\xc1S\x0en\x16O\xff\
\x8e\xc6\xf4\xf1\xad\xc0'\x0e\xce^\x00'\xa5\xf0\x0a\xa0\
\x85\x83Q\x0a[\x03\xb80\x095s9\xe8\x91\x0a_\
+,\x16\xe8h\xc7wH\x05\x8f\xe1\xbd\x01\x14\x88\xf7\
\xbf\x8ff\xa8\xf3\x89\xc0P\x03\xebl\x81\x8d\x0a\x7fQ\
\xa8o\xf3X\x1a\xb7H\x85\x1f\x00$\xa0\xa5\xc0\xb3\xf9\
\xf8Z\x85\xfb\x05\xfa\xa7\xd8AL9 \xf0~\x0e\xeb\
\x7fC\xe0\x0c\x17\x09\xf6\x02M\x04\x1e\x16oTc\x02\
h\x90O\x04L-l\x94xw\xd1\x5c\xbd5U\x04\
\xe0^\xb61\xe7\x8b\x0f\x94q\xf5T\xa1\x9bYA\x0f\
\x81\x83!\xf4.\x81\x93B8G\xe1\x958 R\x00\
\xdb\x02\x1f\xca1\x97\xb5\x02\xd7\x0b\xdcX\x05N\x7fP\
\xa0(\x80\x828\xbc\x92P\xc7y\xda\xb8\xc4h^\xc3\
\x8c\xe0>\x0d'+|l\xbe.\x9f \x15\x07\xee\x17\
\x02g\xdbf\x0dR\xd8\x9a\xa1\xde\xe4\x00Z*\xd4U\
\xf8\x9d\xc2\xbe$\x9cj\x1bsC\x9c\xff\xb5$\xa0i\
\x04\xe0\xe1\x11j\x95^\x96:\xb8\xcc\xc1\x9dU`\x1a\
_\x09<\x9c\xccAQ'\xfa\xb5v\xb4\xb56\xcdd\
\xb95\xd5G\xee\xbd9\x82\xd4\x94\x10\xba&\xe1\xac\x00\
\xda\x07\xd06\xf4G\xfcF{\x9f\x10hmm/\x16\
\x18\xe7\xe0\x11;J\xa9\xf2d\x00\xdd\x0d\xa4\x0e\x02s\
\x15\xd6E\xe62Q\xe1\xab\x18\x80?\x13h\x12\x01\xb8\
\x87\xc2\xea\x98zO9\xe8(0\xa6\x0a\xe0\xbe+p\
M>\xbc7\x84\xda\xe2O\xe1\x9bbF\x12\x97\x5c\xd4\
s\xde\x92\x0e\x09\x149\xe8\x10\x89\xe6\xd1\x81\x03\x81)\
\x02\xd3\x1c\xf41@\x1a+\xdccAh\xb4\xb3A\x12\
\xd0\x22\x80\x8e\xb6\x11\xd1\xd2.\x09\xe7\x860@`\xb9\
\xe5\xf9\x8fG\x00^\x95\xc1\xff\xee\xd0\x08\xc0\x0eZ\xa8\
\xa7k\xd1z3\x9c\xcfD\xc7\xaa\xef\xb7\xa2\xc0\x1e2\
\xa38\xdd\xc6h\x18B\xe7\x10.\x15o\xa55c\x8c\
\xf34\x8b5\xa34\x93\x1f\x16h$>M,\x17\xb8\
/W\x90\xb2z\x7f\xb0\xb6\xad\xc4|w\x8a`\x07p\
\xaex\xd5+\x9fE}\xec` @)\xb4Q\xd8\x94\
\xa1\xde\xbe\xf4#\x18\xc2\x10\xf3\xafG\x14V-\xf1\x94\
\xef\x86L\xae)[ Sx'\x84\xce\x0e\xda\x0b\x0c\
7J\xb6'\x9a\xfe'\xe0G1\xd8\xf5V\xd8V\x0a\
m\x96G\x18Fz\xa5&\x02\x9fZg\x97\xe7\x0aR\
\x02[\x1c\x0c\xb0\x1d\xec\xa4\xbe\xed\xfe\x04\xb4\xb4\xef\x86\
\x98\xbc\x97\xcf\xe26&-=\x16\xf8\xb5Yjl\xdd\
T\xbd4Yu\x9d\xc0\xe6\x12h\x9e\xf4\xaeaC%\
\x02\xd9z\x81i\xa6u\x1c\xca@\xf5\x86\x0b\xd4M\xb3\
\xde\xee\x0a\xcf\x0b\xdc\x92\xd1\x87\xcc\xf4\x91\xfb\xbc\x94\xe8\
\x91\x0aR\x02\x83\x04>\xc8\x00\xf02\x07\x9dm#z\
\xdaw/\xcbw<v\xac\xd1\xbd|\x02\xe3K\x11\xc0\
\xc6g\xa1S\xe5\x0a\xbf\x1089b\xc1\x03,{<\
\xd7\xda?WI\xd7\x90\xadlW3\xa6\xb4\xcd\xed\xac\
0KaN.\xed\xb7@\xe0\x8eT\x90R\x0bR\xce\
s\xe2L\xa0\x8cK@\x81BC\xe3\xce\xe5\xe2\xddI\
}\x1b|a\x9e\x93\xdf\x13\x15\xa7\x8d\x9eeK\x81G\
\xaai\x01\xce\x1f\xe7\xbf:\xd3BB\xcf\x8d?\xaff\
\x95m\x95\xc2%\xe9\x98\x05\x9e]-\x12(\xfcM\x0e\
\x96\x81\xc0\xe9\x02\xf3\xcd\x87\x8er\xd0x\xa1\x8f\x8cS\
\xb3\x0c|\x9d\xb5mg\xda\xc5\x01\x07\xfdC\xa8\x99\xf4\
\xa9\xf5\xaa<\x17\xf1^\xaa/\x93Is\x014_\xed\
\x06Aa\xb4\xc2\xc2B\xaf\x03\xd4\xb1 \xfdu5\x81\
\xfb\xba\xf8\x94\xf9\xe4\x0c\x96\xbbRa|\x90\xe622\
Q\xb4\x0e\x0a\x1f\x19p\x7fNE\xeayP\xffy8\
e\x194\x8e\x96\x12(\x08\xa1\x96Y\xd1UF\xa9v\
'\xa1E\xc4\x8fn\xcas!/\xab\x098\xa3\xa1\xc6\
2\xaf\xa4\xfdw\xac\xc5\xd0\xb0\xc4\x1b\xc0]V\x7f\xb3\
Bk\x07?\x17\x98\xa00\xd8\xc6\xacos\xffw\x15\
\x81\xdd\xe2\xe0\xda$4\xca\x80\xd5 \x81\x0d\x02w'\
\xf2\xc9\xdc\xech]\x12\x19\xe0\x88\xf1\xb9\x85\x02\x85\x02\
\xcf\xc4\x94B\x81\x22\xf1 \xa6\x02\xc2>{7\xcb\xae\
V\xf2]\xe8\x0e\x81\xb9\xe25\xd4\xb8\xb1f\x0b\xcc1\
\x9d\x22\xa5G\xb45\xa9\xf1\x81\xc8\xc2\xeb*\x8c0\xa6\
QQP\x8f\xaa\xd7\x85o+\xcd\x00Z\xe0Y\xd6\xa3\
\x02\x1b\x05z\xbe\x92\x89-\xc4\x98{c\xcb\xa4\xca\x15\
\xde2\x8e\xfb\x88\xc0\x1a\xcb\xb1\xf3\x99\xe0a\xb3\xac\xc7\
\xec\xe8\xa4\x83\xbb\xdbn\x0a\xd6\x88\xcf\xd0\x0eV\xc5\xca\
\x1c\xdc\x22\xf0\x8c\xc2o#q\xa4\x86@\xdb\x0a*l\
\x1f\x08<\xe9\xa0\xdb\xd8,~\xd4\xc1E\xeaE\xa2E\
\xc5\xc6\x92*\xa2\xbe\xb7U\xafd}#p\x9bY\xd3\
J\x85\x05\x023\xc5k\xb6\xaf+\xccV\x7f?\xb5\xc3\
\x16\xf7\xa6\x91\xffr\x85M\x02\xbd\xc4\xdf\xf4\x0e\x13?\
\xf1\x17\xc5\xdf:\xacW\x98\x19z\xa1d\x88\x83\xbb\x8d\
_&\x15\xdeV\xf8H\xbc\xee\xbbB\xfd5\xf8\x1e\x85\
b\x13rV\x9bfQ$\xdf\x8d\x95\x92H\xe7:\xcb\
6\xd3\xb4\x81Vf$;#*\xd8\xd7\xe2\xc7\xf9\xbb\
@\x89\xc0\x18\xf1\xac\xa9v6l\x8c\xf2\xcd\xb0\xac\xee\
&*\xf3\x08t3\xab*\xb3\xcf\xfd\x04&\x84\xd0\xdf\
\xc1X\x81\x19\xa1\x1fh\xb0\xc0\x8c\x00.\x0e\xa1\x8f1\
\x8cu\xb6\x88/\x9c\xcf~~*>\x93\x1a'0\xdf\
\xc1\x83\x02\xb7\xa8\xdf\xb41\x02}\xed&\xe3\x8fIh\
\x1d\xc2yv]S\x14B\xbf\x00\xba\x0b$\x1c\xf4\x17\
\x98!0:\x84\x8e\xce\x0b6\xe9z\xc8D\xc9r\xa5\
\xe3\xa0\xce\x0a\xbb\x19\xa9\x04&-\x15&\x89?\xd1\x0f\
\x95dJ\x7f\xf3\xecl\xa0Mx\xa7\x05\xac2\xf1\xd7\
)S\xcd\x0f\xcf\x13\xe8k\xc7r\xa9}\x1ed|\xb3\
L\xbd>0]\xe0~\x85g\xc5\xb3\x90>\xe6\xa7'\
;\x9fiM\xb0\xc9\xf6\x14\xf8,\x80\xf3\x1dt\x15\xb8\
V\xe0N\x07\x13\x1d\x0cN\xc2Y\xea\xa9\xcf4\xf1V\
<\xc96|\xa4]JF\x01\x9e\xaai\xc2wU\x9e\
\x07\x80\xe5\xd0P\xe0A\x85\xf7\x05\x9ep1Y[\x85\
\x9e\x04\x9c!p\xaf\xb1\x87]\x02\xafY\x90\xdb!\x9e\
>\x95\x09l7\xa0\xdf\xb0\xe3\x16\x08\x94(\xec\x8aP\
\xb6]\x02\xb3\xc4\xbb\x95\xfd\xa6\xa8-\x12x\xd5\xd4\xb9\
5\x96\xe3/\x10\xff\x1b\x03\x11X%~!\x9f\x0a\xbc\
\xed`\xb2\xc0\x02\x8b\x03\xdb\xc4\xfb\xe9\xb7\xc4\xcb\x80q\
\xbf\x81X&\xd0\xa5:\xc0Uh\xa4p\xb31\xa9i\
\x02gU\xcb\xae9\xaf\x93\x16\x1e\xe3\xdf4Tg\x12\
\xf0\xa7\xaa\xac\xbf\x14Z\x8b\x17\xa9\xd6)\x94$\xa1S\
I\xae\x1b\x89\x0a\xba\x87B\xe3\xa1'$\xc0v\xda\xa6\
]\x99+\x93\xfa\xdf\xc0\xd5\xccy\xd7\xf4\x92\xc0\x16s\
G]\xf9>\x1e\xf5:\xc3\xe7'0\xc0\xa9\xb2S}\
\xb4\xbfB#\x99\xd7\x0ah\xa0\x16\xa0\x9d\x07r\x93\xfd\
\x14j\x9e\x83+\x13\x19\x92\x89\xea\xb4\xe0\x82\xd2\xb4\xcc\
\xe9D*\x0b\xa1A\xd2\xff\xd8\xe5v\x0b\xba[\x15\xf6\
\x8a/ev\xef\xb7V}\xc0\x1d\x96\x803\x8b+`\
\xedU}\xfe\x03u\xaf\x9aP2\xeb\x15\xf7\x00\x00\x00\
\x00IEND\xaeB`\x82\
\x00\x00\x07\x88\
\x89\
PNG\x0d\x0a\x1a\x0a\x00\x00\x00\x0dIHDR\x00\
\x00\x00 \x00\x00\x00 \x08\x06\x00\x00\x00szz\xf4\
\x00\x00\x00\x01sRGB\x00\xae\xce\x1c\xe9\x00\x00\x00\
\x09pHYs\x00\x00\x0d\xd7\x00\x00\x0d\xd7\x01B(\
\x9bx\x00\x00\x00\x07tIME\x07\xd9\x08\x0b\x00-\
\x1f\xb3\xb6|\x9d\x00\x00\x00\x06bKGD\x00\xff\x00\
\xff\x00\xff\xa0\xbd\xa7\x93\x00\x00\x07\x08IDATx\
\xda\xbdWiLTW\x18\x95\xda\xa0P1]b\x89\
\x0a.EQ\xdcj\x5c\xd3FcMj\xda\xa4I-\
?J4\xc4(1\xadMl\xd5\x22*h,\x88K\
\xd0b+\xa6\x15Y\x0dV\x94\x08U\x16A\x10\x18`\
f`\x18\x96a\x1f\x86a\xd8\x94}\x11T\x90\xa0v\
N\xefy\x99\x99L\xa8\x88&\xd6\x97|\xb9\xf7\xdd\xf7\
\xbes\xce\xb7\xdc\xfbf&\xbc\xea\x15\x10\x10\xc0a\xa2\
\xb0\x0f\xd7\xaf_\xbfx\xcd\x9a5\x8b\xc5\xdcQ\xd8\xdb\
\x9e\x9e\x9e\x13\xde\xc4\xf5\x96L&\xd3<z\xf4\x08C\
CC\x92q\x9e\x9e\x9e\xae\xe6\xb37!`jbb\
b\xdf\xc8\xc8\x08\x86\x87\x87%\xe3\xfc\xc6\x8d\x1b\xbd|\
\xf6:\x89\xec\x97/_\xfe\xc9s\xd6?\xc8\xcc\xcc\x1c\
z\xf2\xe4\x09\x89%\xe3<##c\x88\xcfF\xbf\xbc\
z\xf5\xeaO\xc5`\xf7\xaa\xe4\xd3\x93\x92\x92\xaa\x9e>\
}\x0a__\xdf\x10\xa6\x965\xde\xbcy\xb3\xfb\xb5k\
\xd7\xd2\xef\xdf\xbf\x8f\xc1\xc1AK\x098\xef\xeb\xebC\
\x5c\x5c\x5c\xba\xbb\xbb\xfb7|W\x98MHH\xc8\x9f\
\xcf\x9e=CUU\x95\x8e\x98/K\xee\x94\x9b\x9b\xdb\
A\xd0\x81\x81\x01#\xeb\x1b\x15\x15\x95\xabP(\x1a\x19\
-\xd7\x1f>|\xf8\x5c\xe3\xb3\xc7\x8f\x1fC\xa9T6\
\xc4\xc7\xc7\xcb9'F\x7f\x7f?t:]\x0f\xb1\xc7\
\xad\xef\xcd\x9b7k\xe8\xd0\xdb\xdbKcd\x12\xb8X\
32ra\x9c\x8f6\xae[\x9bQ\x10K\xfe==\
=\xe8\xec\xecDww7D`\xcc\x84\xc3\x98\xecK\
\x96,\xf1lllDGG\x87\x91Nt\xb6\x16B\
#\x01\x05\xb5\xb7\xb7\xa3\xa6F+\x22\xd3\xa2\xad\xfd\x1e\
\x06\xfa-\x844\x89\xb0\xab\xabKz\xef\xee\xdd\xbbh\
ii1655\xc1\xcd\xcdm\xdb\x8b20\xcd\xcb\
\xcb\xab\x90\xce\xad\xad\xad\x14B \x8b\x08FZZZ\
\x0a\x95J\x85\xb2\xb22\x18\x0c\x06\xd4\xd7\xd7\xa3\xb4\xbc\
\x14\x05\xea<\xa85\x0atuw\x8a\x88\xbb\x18\xb5\x85\
\x9cAq\xdc\xb1c\x87\x8a\x1c\xe3\x95a\x9e\xbf\xbf\x7f\
3\x05\xd0\x89 \x8c\x88\xf3\xc2\xc2Bid$4\x02\
744\x083P\x8c4\x97\x17fA\xdf(\xb2\xd2\
\xd6\x86{\xf7\xeeI\xebuuu8r\xe4H3\xb1\
_\xa6\x09\xa7\x5c\xbdz\xb5\xddD\xc2\xd4ID\x15\x15\
\x15\xbc7Y\xb3467\xb7H\xf3\xc6\x86F)\x13\
z\xbd^\x90\xe9Q\xa4\xc9G\x9dAKA\xa2L5\
\x92oddd\xab\xc0~g\x5c\xf6\x0d\x1b6\xec2\
\xa5\x96\x00\x82\xa4\x99\x913\x0a\x0a1E\xde\x84\xd4\xcc\
X\xc4\xa7\xfe\x86\x84\xb4\xb3H\xbc\x1d\x05\xadVKr\
v\xbb4W\x15\xcbQ\xab\xd3J\xa5***Be\
e%\xc4\x99\xb0}<\xfe\x89'O\x9eT\x92\x8c&\
\x84P=\xf7\xb1\x14I\xbd\xbe\x1e\x9a\xb2b\x84_\xff\
\x19%\xf510t\xa7\xa0\xb1/\x0d\xd5-q\xf8+\
\xc5\x07\xd99)\xa8\xd3\xd5I\xefj4\x1a\xa8\xd4\x0a\
\xa8\x0b\xd5(..Fuu5\x04v\x1e9\xfes\
\xe2\x89\xed\x91#\x946\x09\xa5\x9d\x8c\x80/3\x0a\xa6\
T\xacS\xbdiM\x87#\xe77BYw\x1a%\xad\
\xe7\xa0\xeb\x8f\x82\xfe\xc1%Tt\xfc\x81\x82\x86_q\
\xe2\xd2zA\x5c\x86\xf2\xf2\x0a\xa9Q\x15\xca<\x8e\x14\
#\x05Q[[\x0br\x88\xfb&\xb9\x5c\x9eCn\x0a\
X\x91\x97':X\xadFII\x89p.\xb7DL\
1\xeczf\xa1\xba\xaa\x1a\x97\xaf\x85 8\xcd\x09\x19\
\xb5\xbb\x91\xd3\xbc\x07\x8a6\x1f(\xdb}\x90{w\x1f\
\xb2\xf4?!<\x7f\x11\xceE\xee%\x0e\xf7<\xb2\xb3\
\xb3I\xce\x00\x88Il\xe2Q\x04\xf2\xf3\xf3!\xb8?\
\xa6\x80\x8dB\x0d\xeb\xccT\xf1\x05\xb3\x08\x0a\xb0\x88\xaa\
\xa9\xd6\xc2\xffw\x0f\x9cW\xccDh\xd12$h\xbf\
FR\xbd\x07\x92\x0c\x1e\xf8[\xe7\x8e\xb0\xd2U8\xa7\
t\x82\xef\xb9\xb5P\x15\xa8q\xe7\xce\x1d\xe4\xe4\xe40\
\x10f\x8fAP\x0c9$.r\x0a\xee\xcf(`\x93\
\xf8\xbc\xf2\xf8d\xba\xa8\xce,\x82}`\xb9\xaf\x16\x02\
|\x83\xbeBH\x9e3N\xcb\xe7\xe0x\xfe\x1c\x04\xaa\
\x5c\x11X\xe0\x8a\x00\xe5\x5c\x9cR|\x84`\xf9l\xec\
\x0dZ,\xa2W0\x03\x8c\x92e\x1cM\xceu\x8a\xa3\
\x80\xcf)`mrr2\x15Q\x849\x13t\xa0z\
\xf6\x00\xef\x05H%\x02\x82\xbeGP\xea\x0c\x9c\x92\xcd\
\xc5Q\xd9<\x1c\x92-\xc0A\xd9B\xf8\xc9\x84\x88l\
\x17\x04\xcbf\xe1\x07\xdfu(((\x14V@_\xf6\
\x12Gf\xd2BN\xae\x94\x94\x14\x0aXC\x01\xb3\x8e\
\x1d;\xd6\x1e\x1d\x1d=\x12\x1b\x1b\xfb\x0f\xb3`]\x0e\
\x8a\xe0=\xe7\xf1\x09\xd7\xe1\xf5\xcb\xbb\x08\xca\x9a\x83\xc3\
\xe9\xf3\xb0/m!~Lu\xc3\xfe\xb4\x05\xf0\xcf\xf8\
\x08\xde\xe1\xd3p2\xe8(\xfb\x89Fr\xfaY\x22'\
69\xc8%8\xdb\xc8=\xc1\xd6\xd6\xd6\x86\x13a+\
\x99\x92C\x87\x0e\x19\xa8\xd2\x5c\x0e\xa6P|\x09%\x00\
\xb5\xb8\xf7>\xe8\x85\xefN\xbc\x8fc\xb7f\xc3\xe7\x96\
+v'\xbb\xe1p\xaa\x10\x13:\x0d\xdbwmb\xea\
\x05y\x11\xb3\xc9\xb3\xc4B\xce\x8c\x08\xeczr\x90\x8b\
\x9c\x93'O&\xb7\xd5\xc5'+W\x1e\xa7\x83UO\
0\x0b\xe2>_\x02J\xcfH\xc3A\xbf=\xf8v\xe7\
Rx\xfa\xcc\xc06\xdf\xe9\xf0\xd8%2\xb1\xcf\x0bI\
\xc9\x89\xa2Wj\xe8\xc3\xc6\xb3\xae\xb9\xb4\xb6b\xc5\x8a\
\xe3/s\x14\xbb^\xbcx\xf1\x81Pl\xa43\x1d\xcb\
+\xcb\xa0P\xcb\x90\x9d\x95-uwrR\x12\x22\xa2\
\xc2\x10|6H\xd8i\xc4\x5c\x8eFn\x9e\x8c\xa4\xdc\
r\xdc=l`\xd6\x9d\xa5` \xc6\xd0\xd0\xd0\x07\xc4\
~\x19\x01\xb6\xde\xde\xde\x1a6\x0a;\x95\xc6]\x92)\
O\xc6-\xc5U\xdc\xbe\x9d\xce4\xf3\x84\x93\x1aU\xda\
\xb2\x15U\xect6\x9b\xf9\xf8f\xfa\xf9\xcc\xd2\x0f\x07\
\x0e\x1c\xd0\x10{<r\x9b\xfd\xfb\xf7\x9fa\xbdx\x88\
\x90\x98\x87\x14S\xc8\xba\x96jJ\xa07h\x19!\xc1\
\xcd\x8d\xca3\x83\xc76?\x5c\xec\x19\x9a\xf9\x9b`\xf9\
|\xf3]??\xbf3\xe4\x18\x93\xdd\xc5\xc5\xe5K:\
1\xfdt2\x9d\x8e\xe6H-\xdf\x05\xa6\xd9\xfa\xe3D\
B\x1e\xb3\xd6f}\x00\xb1\x8c,\x03\xb1\xe7\xcf\x9f\xff\
\xc5\x8b2\xb0L\xd4\xaa\x8f\xc4\xa6\xfa3\x02\xb3\x00#\
\xc1L\xc7*\x8d\x04c\x99\x91#E\xd3\x97\x18\xc4\x14\
\xbd\xd5K\x8e1\xd9\x1d\x1c\x1c8\xb8'$$\x0c\x0b\
'Fod4b\xcf\xf6\x84\x87\x87\x0f\xb2\xb6\xcf#\
\xb7^\xe3;\x11\x11\x11\x83\x81\x81\x81=\xa6o\x89\x91\
X\xe2G\xea0\xb1\xa7N\x1d\xe7\xaf\x83\xbd\xbd=\x7f\
\x82{\x84\x85\x85\xddgCm\xd9\xb2\x85?\xa3\x96\x0a\
[\xe5\xec\xec|A\xfcLo1\xa5w\xb4\xb1\xc6\xcd\
NNN\x17\xf8.}\xb6n\xdd\xaa\x22\x06\xb1\x889\
e\xca\x14b\x8f\x7f\xd9\xd9\xd9qX\xe7\xe8\xe8xB\
\x8c3\xad\x9bT\xd8\xa2+W\xae<\xb2\x16\xc19\xd7\
\xf8lT\x93\xcd$\x06\xb1\x88\xf9\xba\xae\xf7bbb\
\xbaX\x1a6\x15\x8ds\xae\xf1\xd9\x847p\xd9\x07\x07\
\x07k\xb9\x03\xf8\xb3\x9b\xc69\xd7\xf8\xec\x7fg\x9f4\
i\x92\x8d\xe9,\xdf)\xcc\x87\xc69\xd7\xf8]yU\
\xbc\x7f\x01\x06A\xf8\xf9\xb2\x87\xf2i\x00\x00\x00\x00I\
END\xaeB`\x82\
\x00\x00\x06q\
\x89\
PNG\x0d\x0a\x1a\x0a\x00\x00\x00\x0dIHDR\x00\
\x00\x00 \x00\x00\x00 \x08\x06\x00\x00\x00szz\xf4\
\x00\x00\x00\x01sRGB\x00\xae\xce\x1c\xe9\x00\x00\x00\
\x09pHYs\x00\x00\x0d\xd7\x00\x00\x0d\xd7\x01B(\
\x9bx\x00\x00\x00\x07tIME\x07\xd9\x08\x0e\x01(\
\x22\xa0\xb5^\xcc\x00\x00\x00\x06bKGD\x00\xff\x00\
\xff\x00\xff\xa0\xbd\xa7\x93\x00\x00\x05\xf1IDATx\
\xda\xadVkh\x14W\x14>3;\xbby?1\x0f\
lB,\xa45\xd2\xc6\x0a5\xf8\xa8\xa0\xa6\xc1\x82\xb4\
5H\xb1jkC\x1a*\xb6\xd2\xfe\xb1\x1a\xfa'\x0d\
\xfd!XQ,\x9a\xd2_\x95\xd66\xd0R\x0aM\xd0\
\x12\x94HPJ\x08\xd6\x9a\xf8\x8a\xd94\x1b\x9241\
\xaf\xd9\xec{\xb3\x8f{{\xce\xdd\xdc\x8c3\x18\xbb\xc4\
~p\xb8gv\xce\xce\xf9\xce\xe3\x9e{!Y\xd4\xd6\
\xd6V\xb9\x5c\xae\xbe\x81\x81\x81\xc1\x07\x0f\x1e\x0c\xe2\xda\
w\xe8\xd0\xa1-\xf0\x94\xd0 I0\xc6jV\xadZ\
U9??\x0f\x84\x94\x94\x14\x88\xc5b;Q\xbd\x0e\
\x16tvvBuu5$\x03\x15\x1e\x83\x13'N\
\x1c@g\xa5\xf0\x08\xf2\xf3\xf3\x0b\xc0\x82\x8c\x8c\x8cB\
0\xa3\xf8\xfc\xf9\xf3\x0d\xe4|\xd98{\xf6\xecw\x18\
-\xef\xef\xef\xf7\x15\x16\x16V\xed\xdb\xb7\xef\x8dk\xd7\
\xae]\x9f\x9d\x9d\xe5\xc1`\x90\xf9|>N\x12\x08\x04\
\x98\xdb\xed\xe6\xf8\xae\xbb\xa1\xa1\xe1\xad\xa2\xa2\xa2u#\
##\x1e\x8e\xc0\x0c\xb4\x9b\x82K\x16\xa7O\x9f\xfe6\
\x1c\x0es\xfc09b\x13\x13\x13\x9c\x9eI\x9f\x9b\x9b\
\xe3$\x1e\x8f\xc7$\xf4\x0e\xcb\xc2\xa7\xa6\xa6\xe8\x99\xe9\
\xba.\x08\xb6\xb5\xb5\xfd\x0aI@\x91JUU\xd5\x9b\
\x1d\x1d\x1d\xbfE\xa3Q\xae$\x00R\x086\x9bM\xe8\
\x8c\xc5\x81q\x0e6U\x03\xce\x18\xc4\xf1\x19\x83\x16\x82\
\xa0\xbe\xa0~\x81\xac\xac,\xc0\xec\xbdw\xe9\xd2\xa5\x0b\
\xf0\x04\xd8\xa42>>\xee/--\xddSYY\x99\
\x83$@UU\x12\xe1\x14\xb3\x00ccc\x80Q\x82\
\xae\xbb\xc1\xe7\xf3\xc2\xcc\xdc\x14x\x83:\xd8\x1dvH\
u\xa4\x81D<\x1e\x17k{{\xfb\xe4\xa9S\xa7>\
Gu.\x99\x0cH\xbc\x8cY\xe8^\xb3f\x8dF\xce\
SSSaff\x06\x22\x91\x08\xe4\xe4\xe4\x00\x01{\
\x81>.\xfejSTp\x07f!5\xc5\x01Y\xe9\
y\x22r,\x87\xb09w\xee\x5c3\x1a\xfdI\x86K\
\xf9\xc6\x9dt\xc7\xf4\xb2\xa2\xa2b\x07\xa6\xac\x83t\x22\
\xe0\xf7\xfb\xc1n\xb7\x03\x1a\x8a\xef\xd85\x07\x5c\xf8\xe1\
\x0246\x1e\x85\xff\x01\x94\xdd\x8fMs\xe0\xe0\xc1\x83\
Gd\x1a\xa9\xa6\xa1PH\xd4\x1e\xb8\x02\xbag\x1a\x5c\
\x0f\xaf\x82k\xea\x0aZ\x1c\x85\x91\xd11A\xd2\x0c\x8e\
\xb2\xd0;\x22\x0aZ\xe9\x19L`h\xb6\xb2\xb8H\xa8\
\x1a\xee\xf9\x8d555{\xa6\xa7\xa7\xb3q\xafWS\
\x0ae\xdd)r\x86\xd6n]\x87\xae\xfe\xe3P\xbdu\
'8\x87\x9e1\xd5\x9a@d\xe9?\xaa\x9apn\x08\
,\xea\x09,\xfc\xc6\x18Hh\xe9\xe9\xe9\xcd\xf8\x81\xd7\
\x0a\x0a\x0a@\xd34N]Lig\x09#\xd1\xed\x17\
\xbb\xbf\x80\x8aW\x22\xe0e\xfd\xe0\x8e\xfc\x0dV$\x1c\
\x8b\xa6\xb5\x900\x9c\xcb\xd5\x0a\x0d\x1b,\xf7\x91h\x14\
$\x01D\x82@$\x14E\x83\xd9H\x0f\xfc\x13\x88\xc0\
\xbc=\x0czh\xd4\xe2\x5c\x95\x04d\x16di\x92#\
\x80)g\xe8P\xec}i(?\x1c\x89FD\xc1\x22\
\xe1(\xc4\xe2*\x0c{\x86\xc0\xa9\xbb@\x22\x11\xb5\xd9\
\xb1\x9a\xc8\xbb\x5c\x8d~\x90D,#R\xc5\x0cxs\
ss\x15,\x85\xa8%\xcd\x00$$\x9a/\x1e\x8bC\
\x8c!\x09\xcfj\xe0q\xd4#\x1a\xbe7\x08j\x9a\x8a\
v$6cn\xa0\xd8\x84n\x88\x22u)h/\xa1\
6777\xe1Q{\xbc\xbe\xbe\xfe\x9b\xe1\xe1\xe1y\
\x8e\xa0\x92\x90!\x91\x09\x85\x03\xb0em=\xf4]\x0e\
\x80\x83E\x81%\xaa\x83N\xcd\xd1\x0b\x12\xa4[\x1dJ\
Bfb\xa6\xe3\xb8\xc7\xe9t\xf6\x00\xa2\xbb\xbb\xbb\xa4\
\xac\xac\xecu\xca\x00\xceu\xc8\xcb\xcb\x13k\xf9s\xab\
\xe1\xc5\xf1cp\xf3\xe7V\xf0\x0dr@HG\xe4\x94\
VYo\x83T\xc2H\x96\x80\xd6\xff>\x8e\xcf\x9c9\
\xf3\x15\xed}\xc90\x16\x8fB\x5c\x0d\x83g\xce\x03\xeb\
*\xd7\xc3\xae\xad\x9fAy\xe6.I`\xd1\xb9M\xae\
\xd29=\xcb\x8c$HYe\xc9\x0b\xc9\x04\x9d\x84\xf4\
}\xda\x01~\x9f\x02\xcc\x1e\x00%\x13S\x1e\xcc\x84\xf2\
\xf2\xe7a\xed\xda\x97\x00a8B\x01\x83\x84\x8c\x5c\xbe\
\x93\x22g\xc5\x13oD+\xba\xba\xba:\xb1\x96\x0a\x19\
\xe3Js\x01gB\xbe\xd03\x8b2\x00\x7f\xa6\xf3A\
f\xc0pd&d*\x8b\x84\x8czI\x02%%%\
\x1b\xf0\x08-\x5c8\x8eM\x9dM\x08\x04\x82`\xcc\x08\
\xe1\xd0\x14\xad)b\xb3\xb3'fa\xd1\xd2\xeb\xf5\xfe\
\x8egAKZZ\x9a\x82\xce9\x8da\xbc\x84\xc6\xf1\
\xe6\x03\xb8E\x89\x08\x113}\xd4R\x06\x13akS\
\x12\xac\xab\x95\x00\xbbq\xe3\xc6\x91\xba\xba\xba\xaf\xd1\xa1\
\x82\xe5\x98\xd8\xbd{\xf7\xb6\xcd\x9b7\xefhjjj\
\xc3+ZH^J\x102RS\xfa\xad\xe4$!\xfa\
\x9f\x5c\xa5\xee_\xa2\x09\xe7GGG?\xc1\xfb\xc0U\
\xd4o\xa1\x0c\x02\xa2\xb5\xb5\xf52\x12<\xd9\xd2\xd2\xf2\
\xa9\xc9\x89Ed\xf4R\xc7+\x1c\x0c\x0d\x0d\x01fU\
\x94\xcf\xe1p\x88\x1e\xca\xcb\xcd\xe5\xa3\xfe\x181\x0eX\
\x09\xd0\x05$\x8e\xcb/\x8f9\xbb\x1fR)\xe8\xa0\x12\
\xcf$\x16\x22Vr\x03\xce\x01\xd8\xb8a#X\xc0\xef\
\x0e8\x95\xba\xf7?\xf8\x9eb\x83$A\x8e\xd776\
6\xfe\xb1i\xd3&\x17G\xb8\xf1\x82\xea\xf3\xfb\xe9\xa6\
\xccCxq\xc5\x91.\x84\x9a\x98\xce\x16Boo/\
_\x98\xac\x9c1\xb1\xb2[\xb7o\xf3\xb2\xd5/|)\
\xca\xbfL\xec\xe4\x08\xba!\xfb\x13\x04\xe8\xe6,\x9d\x9b\
\x08`\xdf\x88U:\xef\xbd\xdd\xc7W\x96={le\
\xd1\x0a\xe9|Y,\xa2@\xa0z\x1b\x0d)o\xc5\xa6\
.\xa7\x9a\x13\x90\x02\xbfw\xff\x9e\xf2\xee;\xfb?*\
\xc8\xce>9>9\xc3\x8c9\xf0\x94P,$\x8c\x81\
\xb38\xb4\xf8\x9d\xbbw\x94\xbd{\xf7\x1e\xd0u\xfd\xc7\
\xc9\x87\x93\xdc<\x07\x96\x0b\xceMQ\xa3.W\x83@\
Z\x1a\xbf\xf9\xd7\xcd\xe8\xb6m\xdbk\x8b\x0b\x8b\xa5\xf3\
\xa7\xc6\x0e\x9e\x04\x82(\x17\xaft\xba\xd1\xfe\xd5\xd6\x9f\
Z\xc1\x8ae\x97 ;;\xbb\x07\xd3\xbd\x1d\x92\xc3\xe4\
\x87\x87\x0f\xdf\xdf\xff\xf6~X\x0a\xff\x02\xd1}H\xa2\
\x04\x03!8\x00\x00\x00\x00IEND\xaeB`\x82\
\
\x00\x00\x06d\
\x89\
PNG\x0d\x0a\x1a\x0a\x00\x00\x00\x0dIHDR\x00\
\x00\x00 \x00\x00\x00 \x08\x06\x00\x00\x00szz\xf4\
\x00\x00\x00\x04sBIT\x08\x08\x08\x08|\x08d\x88\
\x00\x00\x00\x09pHYs\x00\x00\x03v\x00\x00\x03v\
\x01}\xd5\x82\xcc\x00\x00\x00\x19tEXtSof\
tware\x00www.inksca\
pe.org\x9b\xee<\x1a\x00\x00\x05\xe1ID\
ATx\xda\xc5W[lTE\x18\xfe\xe6\xdcv\xb7\
\xbb\xddv\xb1-\xb4\x05\xa5\x11\xd1\x8a\x82HI\x04\x1e\
\x00\xc5H4\x12\x89\x11\x02<`\x8c\x06\xf1\x12\xa5\xf2\
\xe0\x0bb\x13\x8d\x09\x09\x98(1\xe1\x92(>\x11\x8c\
\xe2-\x12.\xb14b#\xa1\x11\x12.*\x88\x94;\
\x94\x16\xe9\xeevw\xcfm\xc6\x7fz&)\xcb\xeev\
\x0b/~\xc9\xb73;;s\xbe\xef\xbf\xe4\x9c\xb3L\
\x08\x81\xdb\x00#j\x8aLQB(\xf2\xa1qd0\
0\x02(A\x93\x18!V\x12c\xc4\x0a\xb5\xc6\x88\x1e\
1KL\x13\x93\xc4\x0c\xd1\x19\x89\x11c\x04\x11[J\
\xb0f\xeb\xee\xa3\xb3O\x9c\xbb\xbeP\xd3\xf4\xc9\x95\x15\
V\xbc2\x12\x0ak\x1aC\xc6v\xedT\xd6M\x09\xc1\
O47&v.\x9f\xd7\xbc\x1f@\x8f2c\x13K\
\xa6y\xb8\x12h*\xe2\x9a\xd6M\xed/\xf5\xa5\x9d\x95\
\x93\x9a\xeaj\xeb\x13U0t\x9d\xa8\xc144h`\
\xe0\x22\xa8\xc0@\xceEO2\x8d\x93\xe7\xfb\xaeWG\
\xcd\xcd\x1f\xbd8k\xab2\x92!\xfa#6\xa0\xc4+\
\xd6\x7f}p\xda\xbe\xc3\xe7\xb7L\xbc\xbb\xf6\xbe\xa9\x13\
\xc6\x81\xfb\x0c}i\x1b\xa5<KC\x89\x98\x09&8\
N\x5c\xba\x86S\xe7z\xcf<\xf1p\xe3\xab\xaf/\x98\
zP\x95\xc7\x1f\x89\x01F\x8c,i\xfb\xe6\xd9\x8b\xc9\
\xdc\xe69\x8fN\x8c\x8f\xabM\xe0\xea\xbf6n\x07c\
\x12\x16\xae\xf6\x0f\xe0\xd7c\xdd\xe9\xc6x\xe8\xb5-\xef\
\xcc\xdf\xa92\xc1\xcb\x190\xe7\xbc\xf5\xc5\xd3\x0e\x8c\xaf\
\x9e\x9b=\xc5\xf4\xb9A5\xf6p'\xa8\xb0\x0cD\xc3\
\xc0\xb7\x9d'\xdc\xa8\xc6\x97\xfd\xf0\xe1\x0b\xdf\x03\xb0\x87\
3\xc0\xa6\xbd\xbc\xb1\xf9r\xd2;\xb0l\xfe\xcc\x84\xa6\
Y(\x85\x09\xf5\x95\x98\xf7\xc8\x18H\xec;r\x05\x7f\
_N\xa1\x14b\x11\xe0\xcb\xdd\x87n4\xd5D\xe7\xec\
Y\xb7\xf4\xe8\xcdY\xd0p\x13\xda\xda\xda\x18u\xf9\xb6\
\xc9\x13\xc7'\x98f\xc2\xf1\xfc\xa2\xcc9\x0e\x9e\x9f9\
\x16M\xa3\xa3\x92r.\xd7J\xee\x1f\xc8\x09\xcc\x98\xd4\
T\xddu\xf2\xf2\xe7\x1d\x1d\x1dJ\xb3\x88\x81\xf7\xf7d\
\x97TVV\xb6475\xd2!\x8f\x0e\xf3\xa2\x14\x5c\
\xa0::\x94\x1d9\xe7\x9c\x97\xdc\x9f\xcazh\xa8\x1d\
\x85\x9aD\xd5\xd4\xa7>\xe8XZ\xd4\x00#@\xd3\xd6\
\xcemy\x08\xa9\x8c\x0f\xdb-\xcd\xfe\x8c\x8b\x03\xc7/\
\x03\x0a\x07\x8e]B\x92\xd6\x86;\xd3\xdb\xef\xe0\x89\x96\
\x07`\xfbXCJ\xac\xa0\x07\xd8\xf4\xd53j\x1a\xea\
:\x9fy|\x168GY\xd8\x94\xf2\xa6\x9a0$\xce\
\x5c\xcb!\x14\xb2P\x0e\xf1\x88\x89\x1f\x7f\xe9\xc2\xd9\xd3\
\xdd\xb3\xc4o\xeb:\xf3\xef\x84\x9a\xbfxtm\x1d\xd5\
\xd2\xc7p\x10\x82\x03\x22x\x0c\xfcs\xcd\x96!(C\
\x1e\x98\xc60\x1czS>\xee\x1f\xdf\x88\xb3\xdd\xe7\x17\
\x03\xb8\xc5\x00c\xb3\xe2\xf18\xa5\xcbC)p\x9f\xe3\
\xbb5\xf3P\x0c\x0b\xda\xf6B7u\x94C\xac\x22\x22\
\xb5f\x16{\x16\xd4\x99\xa6>\xd8\xb5\xa5\xe0{\x02\xa5\
\x90\xf38L\xdd\x90)\x22\x96~ Z\xda`\xe1\xeb\
\xf2\x9a\x90\x11\xc00J\xd3\xc8\x80\xcb\x0b\xe9\x11}\x06\
\x17\x0cO\xbe\xb7\x17\xb3\xdf\xddU\xd8\x13\x1e\x06\xf78\
\x5cR\xcd\xbd\xbc\xeb\x908\xc91\x00\x02w1\xc2\xad\
\x19`9G\xc0\x12>\xf20xH\x12D]~'\
\x01\xbf\xd0\x00\x17\x00\x89\x13\x82Q\x08D-\x13a\x13\
\xb8\x91\xce\x12mt]M\xe1\xc6\x80\x0d\x0c\x9d\x0f\x0c\
\x08\x02{\xac5\x99\xcaf\xa31\x16F\xa0\x86@X\
H\x13,0\x02\x22\xd7H\xacHj-\x1d\xe1\x88\x05\
.\x8dP\x10\xe9\xac\x8d\xd3\x17\xfaq\xb17\x09\xf8.\
\x94\xa8*\x91\x97\x14\x84\xfc\x0c\x08q\xe3xwO=\
3L\xe8\x8c\xc1\xb4,\x98f\x08:Ea\x994\xa7\
1\x12\x0aA3\x01;\xcba\xdb\xb64N\x82|p\
\xec<\x9d\x86oy\xa0\x85@\x8c\xd3\xdc'\xea\x06\x14\
\x82u!\x7f\x17\xfd\xc5\x9a\xf0w\xf8v\xb3\xd0M\xc8\
^\xf3\xe8#+7\xfbD\xc7\x03r\x0c\xd0\x01h\xf4\
a\xbb\xc8d2\xf9\x0d*KjXJ\x5c\x93\x0b\x18\
\x0a\x0eJ\x98\xe8\xe5\x02\xad\x82[\xb1'\xb6\xc3N\x01\
\xcc !Yk#\x10\xd3\x0d\xa2y\xd3h\x05\xeb\xf9\
P{-E3\xff\x9c\xa6\xaeg\x84\x00;\x09pl\
/4p\xef\xa5]\xc8%\xfb(\xd7\xaa\xd9\xf2Xp\
\xd1\x02H\xd3F\x9ex\xe15\xa8\xbc\x83\x1aM\x17\x7f\
*0 v\xec\xf0!\xf8'\xe8;\x05\x84cA\x03\
\xaa\x83*\x1bA\x0a\xed\x81\xc1\xda\x16\xc0u\x81l2\
\xa8\xbdf\xe6\x9f\x934+\x80\xde?\x01!>\x95Z\
E\xdf\x07\xd8\xa2E:\xce\x8e=\x8f\xba\x09\xf5\x88\xd5\
\x03:\x0bRj(\xba6\xae\xafo\xc1p\x18\xb5\x9a\
\xca\x1b\x8a\x02\xbe\x03x\x8a\xb2\xfe\xfd\x17\x80+'\xaf\
\xe0\x9e\x0bc\x95\x81\xa1\x0c\xe4e\x81\x8bE\xe8=e\
\x83q\x95\x05\x22\x93T\x11\x95\x83\xaa\xb9\xdc\xaf\xce\x07\
\x06z\xfer\xe0\xfb\x8b\xa4F\xd9\x97R6}\xd5J\
D*6\x22\xde\xa0\xa1\xbe9\xf0iX\xca%\x94\x08\
QWB\xdc'\xba \x01e\x98\x0dE\xde\x99\x05\xaa\
\xf7sd\xb3o\x8aC\x1b>\x1b\xe9[1\x99h}\
\x03\x86\xd8\x80\x86)&j'\x02\x0cA\x17\xabr\x0c\
\xcdM\x12sU\xbam5:\x81\xa9\xabT\xf3\x8b\x87\
]xh\x15\x87>\xdeX\xf6\xb5\xbc\xd0\xc4\xdbs\x98\
\xa6\xed\x14\xd1\xaaj\x8c\x1a\x0f\x8c\x9d\x1aD\xa7\x9bR\
|(\xddR\xcc\xf7\xa4\x91 \xea\xfd\xd7\x80\xaa\x9f\xa1\
eS\xfd\xdc\x15\x0bE\xd7\x86\xf6\xdb\xffc\xa2\xc0\xe6\
\xb6\x19F.\xb9\x1e:[\xe1\xc5F\x87\xd00\x19p\
\xb2@\xa4\x0a\xa8\x88\x07\x86ri \xd3\x1fd\xe5\xc2\
\x11\x98\xb9^\x87q\xb1\xd91c\xabD\xfbZ\x0f\x84\
2\x06\xca\x83\xb5\xac0\xadpb\xb9\x1eb\xafp\xe0\
A\x1f\x08s\xcf\xd7\x85l5\xd3\xf0u\xc6r\x1a\xf0\
\x07w\xf8&g\xe0\xfa6\xd1\xb5\xc9\x85BY\x03w\
\x0a\xc6\xe6\xaa\x87Y\xfbpQ\x967\xf0\x7f\xe2?\x0c\
\x086\xefe\xe9O6\x00\x00\x00\x00IEND\xae\
B`\x82\
\x00\x00\x06e\
\x89\
PNG\x0d\x0a\x1a\x0a\x00\x00\x00\x0dIHDR\x00\
\x00\x00 \x00\x00\x00 \x08\x06\x00\x00\x00szz\xf4\
\x00\x00\x06,IDATx\xda\xb5\x97\x03\x90$K\
\x17\x85\xd7\x18\xfe\xff\xb3m\xdb\xb6m\xdb\xb6m\x84\xd7\
\xb6m{\x96cO{\xb6g\xda6\xcf;7\xa3k\
b\xbd=\xf3\xe2e\xc4\x8d\xee\xae\xae\xcc\xf3]d\xd6\
\xadn\xda8\xe8\xa0\x83\x8a\xf8q\x01\xed\xf2\xff\xd0.\
8\xf8\xe0\x83\xa9\xb3\xe7q\x09\xf2\x1c\x99L\x16{\x1b\
\xd9\xec\xbe\xe7R\xe7\xd2\xbd\x01\x5c\x03\x0e\xaf\xc7\x03\x9f\
\xd7\x0b\xbf\x98\xcf\x87`$\x02\xe3\xf2\xe50\xad\x5c\x89\
\xfa\xe1\xc3Q\xfd\xe7\x9fp\xf3\xba\xd5jE\xc0\xefG\
(\x10@(\x18\x14S\xbf\xdb\xdb\xda\x10\xe45\xf9\x1e\
\xe0}b\xb2\x96\x8f\xeb\xe6\x00\xae\xdd'\x80\x88\xcad\
Y$L\xf1\xcd?\xfc\x808\x80P8\x8c\x08\x7f\xeb\
\xc6\x8f\x87u\xc5\x0a\xd8l6\xd8\xedv\x84y],\
B\x0b\x12\xc2\xe9p \x1c\x0aiP\xb2\x8e\x06\x94\x1f\
\x80\x9a\x90\x9b\x1c\x030\xf3\xbc\xf3\x10\xcbdD\x5cY\
\x12\xc0\xe6\x87\x1eB0\x1a\x83\x83\x10NB\x88x\x94\
\xff\xc9<\xb7\xdb\x8dH\x0eJ\x81\xd04\x90\xbc\x00\xe4\
f\x99\x18\x96E\x13\x09\x94\xbd\xfd6\xca\x9e\x7f^\x09\
Gc1$\x00l\xbd\xeb.d$]\x0c\xad\xd3\xe9\
\x84\x8b&sD\xc4\xc7\x08F\xa3Q\x0dX\x03\x91u\
\xf3\x03\x90\x9b#\xb9p\x8b`\x98\xa1\x9b\xd2\xad\x1b\x1a\
\xff\xf8\x03)\x00\x89t\x1aM\x9f|\x82\xa0\xc9\x84T\
2\xa9\x04\x9d.\x972\xf1>\xc8\xf91\xce\x8b\x11B\
@\x18\x19-\x22y\x02\xe4\xc2)\x93\xc5\xe2\x14i[\
\xba\x14\xb3\x05\xe2\xd3O!En\x1d<\x18\xae%K\
\x90$\x8c@\x04\xe8\x9d\x8b\x00.\x02\xb8Ylj\x1e\
!v\x04\xa1C\xf9\x01h\xe2\xb1\xdc\x22\xf1x\x5cy\
\xbe\x9d\xc5\xb7\x94\x10\x95\xb7\xdc\x02\xfb\xc4\x89\xb0\x8f\x19\
\x83\x14k#\x95J\x89\x89\x80\x00(\x93h\xf8\x99\x0e\
\x99+\x10b\xd1\xbc\x01D\x5c&qr<g\x09z\
\x99\x06\xe0\x5c\xb4\x08\x1b\xfa\xf4\xc1\xe6\xc2B\xb4\xff\xfd\
7d\xa4\x09\x91f$d\x8e\x97\xe9\x10\x13\x08\xcd\xa4\
\x08e\x0d\xae\x9b\x1f\x80,\xd4!\xcc\x22\x14K\x12@\
L \xa2\xcc}\xcdq\xc7\xa1\xa6_?\xb4=\xf7\x1c\
2\xd9,\xd2\xb4P\xaep%\x1a\xf2\xb9c4$-\
\xbc\xf6\xef\x00\xb4P\x0b\x84w\xeaT\xb4\x9cr\x0aZ\
\xfa\xf7\x87\xf9\xa0\x83\x10\x9e4\x09\x1eF!\xbe\xc3}\
2O\xd2 \x00\x02\xe2p8\xf2\x07\x90\xc9\x04\xd0<\
\xdf\x0d\xc0\xc5\x1d\x11\x983\x07\x11\x1eH\xd6\xc3\x0f\x87\
\xad\xb8\x18mg\x9d\x85\xe8\xa6MR/\xaa85\xf0\
h.5]\x02\xe0\xe7\xee\x10\x00\x1c\x1f~\x88\xf0\xe2\
\xc5\x0a&Cs\x7f\xf1\x05\xb63\x1a\x16\xa6\xc5v\xd3\
M\x08WUAmY\xde\xafE\x93)\xe8\x1c\xc0\xae\
\xd6\x01\x01\xc0~\xff\xfd\x88VV\x22EO\xc5\x5cr\
l\xd3C\xc7K/A\xcf\x22\x15\xb3\x10\xc4\xbfv-\
\x12\x80:\xd0\x22\x84\xe8|\x0d\xec\x98\x06.\x92\xd2\x00\
\x18\xee\x04\x0bKvG\x84\xd5\xedd\x8eU\xd8\x01D\
\x08\xd2\xf6\xd6[h,(@=#\xd2t\xdai\xb0\
\x0d\x19\x02\xd3g\x9f!\xf4\xed\xb7\xfb\x07\x88K\x04\x04\
B\xf3|G\xef\xf9]\xc2n\xed\xdbW@\xe4\x9a:\
\x8e\xfd~?b\xda\xf6\xe5\xb5\x98\xa4e\xcd\x1a\xd4\xb1\
>*y\xef\xb6\xee\xdd\xb1\x950\xc1\xbf\xfe\xca3\x05\
9\xef5\x00\x0dBr\x9a`.\xadG\x1c\x81$\xa0\
Dm\xf2D\x94\xc3\x8b\x11\x082*\xad_\x7f\x8d\x9a\
C\x0fE9\x0f\xad:\xa6J\xcf4\x18\xaa\xabQ\xfd\
\xf3\xcf\x08\x0f\x1c\x98g\x0ar\xb6#\x88\xfa$D\x88\
\x0b\xda\xee\xb8\x03\x92QU\xdd\x04\xf2\xd6\xd7C\xf7\xe8\
\xa3\xa8\xe8\xd1\x03\xe5\xcc\x7f\x0dk\xa1\xa5\xb6\x16-\x16\
\x0b\x9a[Z\xa07\x18`4\x9b\xb5\x1a\xb8l\xdf\x00\
\x12\xca\x5c\x0dh\x10Z:$\x02^\x9e\x80\xee_~\
Qan-+C3a\xb6\xf5\xec\x89\xcd\xdc\x05[\
_x\x01\xb5\xf4\xb6\xa6\xa9\x09u\x84j\xe6\xa7\x8e\x00\
\x0d\x0d\x0d\xa8\xaa\xac\xcc655\xb5S\xe7\xf0\xbc\x22\
\xa0A(\xe1\xdc\xa7x\xddNA\xef\xdc\xb9h}\xe2\
\x09\xd4\xd1[\xf1\xb8\xec\x91G\xb0\x8ag\xc2\xd2\xd5\xab\
\xb1b\xd5*lX\xbf\x1e[6o\xc6VZEE\
\x05\x8cz}\x96O\xcaxII\xc9\xed\x87\x1ezh\
\xf7\xfd\x02h;A\xfbT\xe2R\x88\x00\x8c\x07\x1f\x0c\
\x1d\x0f\x9eF\x16U\xed\xad\xb7\xa2\x92\x82K(\xbc\xb7\
\x91N\xa5\xb2\x06\xbd>UXPp\xff!\x87\x1c\xd2\
S\x84\xf2z\x18\x89p\x87\xb1\xc0\xc2&\x13Z\xcf<\
\x13\xfa\xd2R\xb4\x9ct\x12\x8c\x8c\x82\xae\xbd\x1d\xd55\
5\x98?\x7f>dh\xd0\xaa3r:a6\x1a\xb3\
U\x15\x15\xd9\x93O>\xf9\xf1\x03\x0f<\xb0\x97\x88\xe4\
\x0d\xa0 ra\xf7\xcf\x9c\x09\x13\x9f\x80\x86\xff\xff\x1f\
&\xe6\xb9-\x10P\xd5/\x8di5s>e\xca\x14\
h\xd1\x93\x87\x92\xdb\xe5B\xab\xd9\x9cmf\xee\xaf\xb9\
\xe6\x9a\xe75\xf1N\x03H/\xe8c\xf3a\xe4>\xb6\
0\xf7\xba\x03\x0f\x84\xad\xaeN\x893\xa7\xb0\xb0\xca+\
++1\x91\xfd\x81\xd6\xcey(\xbe\xddb\xc9\x1at\
:\xdcx\xe3\x8d/\x17\x17\x17\xe7#\xbesC\x22;\
A\xc2\x19\xe4ab\xe4~\xb6\x11\xc2g4B\x7f\xf6\
\xd9\xb0Q\xc4\xe7\xf7\xab>P\x01\x94\x97c\xf2\xe4\xc9\
\x90\xe1!\x94\x883\xf4\xb8\xe5\x96[^/((P\
\xe2\x9d\x06\x10\x8b\x000\x9fq\x06\xbc\xacb)>\xeb\
\xe3\x8f\xc3\xcaT\xc8\xde\xf7\xd3\xa4\xfd6\xb3.\xca\xb7\
m\xc3\xf4i\xd3 C\xc4-\xbcv\xdd\xb5\xd7\xbeQ\
TT\xd4!\xde\xa5\x08\xb8cq8\xd9\x03\xc6\xa5\xd9\
hl\x84\xee\xca+\xe1\x91\x1c\x87\xc3\xea\xc5\xc5\xc14\
\x98\xe8\xe9\xd6-[\xb0p\xc1\x02d3\x19\x15\xf6\x8b\
/\xbe\xf8\x1d\xbe~)\xf1.\x01H\x07+\x00\x1ez\
\x19\xe2a\x12\xe2ab~\xe6\x19x(*}\x9f\xb4\
\xde\xf2\xf6d\xb7\xd9\xa0\xd7\xebQ\xc6\xc3\xa8\xbc\xbc<\
+)9\xfd\xf4\xd3\xdf=\xe2\x88#4\xf1\xae\x03\x88\
\xa9\xf7\x03\xf1V\xfa\xfd\x5cg\xab\xf5\xfe\x92ky\x05\
\x93\x93n\xfd\xbauY\xb9v\xf4\xd1G\xbf}\xe4\x91\
GR\xbc\xeb\xe3Rtr\xc8\x89\xc9\x93\xce\xc3\x03\xe6\
e\xcd\xf3.\x0f\xee\xd5byC\xa6]\xbd\x0f\xbbj\
\x07\x93\xdfW\xd0\x8e\xfd\xff\xff\xff\xdf\xa3\xab\xba\xff\x00\
\x5c\x07\xc1\xb5\x01\xf2M\x82\x00\x00\x00\x00IEND\
\xaeB`\x82\
\x00\x00\x05\x82\
\x89\
PNG\x0d\x0a\x1a\x0a\x00\x00\x00\x0dIHDR\x00\
\x00\x00 \x00\x00\x00 \x08\x06\x00\x00\x00szz\xf4\
\x00\x00\x00\x04sBIT\x08\x08\x08\x08|\x08d\x88\
\x00\x00\x00\x09pHYs\x00\x00\x03v\x00\x00\x03v\
\x01}\xd5\x82\xcc\x00\x00\x00\x19tEXtSof\
tware\x00www.inksca\
pe.org\x9b\xee<\x1a\x00\x00\x04\xffID\
ATx\xda\xbd\x95[hTW\x14\x86\xbf=s\xe6\
\x96I\x1ac\x1c\x93\x0cTB\xd3H\xcc\x93\xd8V\xa5\
\x90\xa0\x14)\x81B\x85<\x14\xdf\xa4\x17D)\xd8\x22\
\xda\x82\xa4\x08\x8d\xad\xc6K\x0cDQ\xdbZ\xa4\x88\xd0\
\x17\xa1O-A\xbcTm!\x16\xa57\x94\x18\x9dz\
\xc9\xe4b.\x93\xb9\x9e9gfw\xdc8\x19=\x99\
L\x0e\xa1\xf4\x83\xc5\xde\xfbp\x98\xff_k\xeduF\
\x93R\xf2_\x22z\xc52*\xd8\x8dA\x0b&\x958\
)Cc\x9c$\x17\xa8\xa2Kn\x92\x03P@\x83\x02\
B\x88z\xa0\x9e\x85\xe0Gc7\xbb(g]km\
\xabk\xc3\x8b\x1bh\xa8h\x00\x01\x83\xd3\x83\x8b\xfa\x1e\
\xf45\x5c\x1e\xbc\xfc\x9e8,~\xe0W\xda\xe5\xf72\
c1\xa0\xa8\xd7u\xfdB*\xa5\x83\x00\x81\xb0\xac\xca\
%j\xa5\xb0\xcfd3\xb4\xfd\xd4F\x7f\xbc\x9f\xed\xaf\
n\xa7\xe9\x85&\xf5\xecq\xf21\x08\xa8\xad\xa8e\xf3\
\x8a\xcd\xac\xad[+z\xfe\xecy[_\xa7_\x10'\
\xc4\x1br\x8b44,<\x11\x8f\xc6b8\x1c\x02!\
\x8a\x04\xc0\xd3}\x9e\x0f\xae\xbe\xcf\xd5\xc4U65m\
\xc2\xeb\xf5\xf2\xc0\x081=6\xce\xc1\xd7z\x01\xf8\xf4\
\xb7\x0f\xa9\x0aTS\xe6\xf7\xd2\xbe\xbc\x9d\xb3\x7f\x9fm\
\x91\x11yF\x08\xf1\xce,\x03B@A\xdc\xf1dU\
g o\xa2\xb0\x07nEns\xee\xfe9\x82\xcb\x82\
h\xe5\x1a\xe1t\x88\x0a\x0d&\xa3\xa3\xe4\x99\x8a\x0e\xe2\
\xa9\x8e\x12\x03|e\x1a\xc1\xba \x8f\x22\x8f6\xd2A\
\x83\x86\x95\xa7\xc2\xb3*\x00`\xd9\x03\x1c\xf9\xbd\x1b\xe9\
\x95\xf8\x17\xfby\xa8\x87X\xe2\x06\xb7\x13\xe2\x89q\xf2\
$\x93\x0f\xc8\x92@\x97\x10\x05\xca]~X\x84\x0b\xc9\
\xde\xd9\x15@\x14/?\x80\xe5l\x98&\x17\xc3\x17!\
\x08\x03c\x03<\x0e\xffC\xd0[F\xb5K\x90\x0c\x1b\
\xf0\x16\x8a\xd0\xad\xfbD\xa2a&\x0dIXO0R\
\x9b\x06\x09dx\xbdX\x0b\xe6\xea\xbdZ)\x9c\xc9d\
2D\x1dQH\x83\xbc#\x19\xdf\x95\xa2\x18\x97>\x9e\
\xe6Y^8$\xe0%`\x02\xff\x1c-\x10\xf3\x9b\x00\
\x90\x12Mj\x90\x05\x04\xb6q\x0a\xc0\x05\xf8\xf1\x16i\
\x01\xf6\x0c\xa8\xcb\xe9\xc0\xe3\xf3\x80\x0fh\x84\xea\xe3\x82\
\x80\x1b\x02\x1e0\x87\xe1\x97\x1d\x12\x807{\x04\x15A\
\x18I\xc3\x98\x0e\xce& \x098I,\xa4\x02*x\
j`\x85g\x05c\xc6\x98\xcaH\xbc\x0c~?,\xf5\
\x81\xe1g\x86\x9a\x06X\xbc\x1cd\x02\x12I\xb87\x85\
z\x9fQn.\xa8\x02\xf9\xd04\x8d\xad\x8b\xb6r-\
u\x0d3k\x12\x89\xc1\x84\x04_\x06\xb4,3L\x00\
\xf1\x08\x8c\xe8\xf0(\x06i\x03\x00\xc9%N\xda\xad@\
Qc\x1e\x8f\x87\x96\xe6\x16V^Y\xc9\xf5\xaa\xeb\x98\
\x09\x18\x9e\x02\xd2P\x96a\x86Q\x132S0\xa4\xc3\
h\x0a\xf0\x02w\xe8\xe7G~.R\x01k\x94\xaeJ\
ee%\x9d\xd5\x9dl\x8bn\xe3n\xc5]R)\xb8\
?\x09~\x01ug\x04\x0e\xc0t\xc2T\x12\xd2\x1e\xa0\
\x12x\xc8 ;\xf9\x04\x98\xd0\x98\x85\x12\xb3\x15\x00n\
\xb7\x9b\xd5\xaf\xac\xa6\xfbJ7{&\xf7pc\xc9\x0d\
\xb2\x1e\x88N\xe4\xc2\x098\xf2\xb3\x07\x1a\x1a\xe6Ms\
\x80\x0ev`r\x1dH\x17m\x81\x0a\x1b\xe2\x80\xba\x88\
\xe5\xe5\xe5\xb4\xb6\xb4r\xe8\xc6!\xfa\xfe\xe8\xe3|\xe0\
<\xb7kn\xa3gu\x5cN\x17n\xd3M\xfdh=\
\x1bc\x1b\xe9\xd8\xd9q\x0c\xb8\x04\xc4e\x8e\x92\x97\x90\
\x12\xe2\xc5L\xacY\xb3\x86\xc6\xc6F\xda\xee\xb5\x11\x0a\
\x85\x88\xc7\xe3\xaaB>\x9f\x8f\xba`\x1d\xcd\xcd\xcdt\
l\xe9\xf8\x0b\x88\xca\x1c\x00\xc5[P\x88Y&,<\
kH\xfd\x13\xd6\xd6\xd6\x12\x08\x04X\xb5j\xd5s\xef\
8\x9dN\x5c.\x17\x80\x91\x17/n\xc0\x9a9\x94\x12\
\xb5>S\xd5\xc8\x89\xa9\xcc\xed0\xe7\x14(\x8a\x97\xbe\
\xa4\x09+*\xd9\xc2\x0b\xf3\x18\xb0\x0a\xc3|\xa2\x16\xf1\
\x82h6\x9b}n\x05\x10\x0e\xa7=\x03\xc22\x8e\xb3\
(a,\x93\xc9(\xd1t:\x8da\x18O\xce*\x00\
\xe2i3\x06$\xedV\xc0\xb6h\x9e\x9c\x90\x12\xd5u\
]M@$\x12\xc9\xad\x09\xf5{\x15\x95U\xc6\x97\xfb\
;{\x80\xfe\x92\x06\x94\xf8\x1c\x82%PY\x9b\xa6I\
*\x95\x22\x1c\x1efdd\x18\x8f\xc7\xcb\xd2\x9a\xa58\
\x1dN\xd9\xb9o\xdf\xf1\xd3_\x9f\xfaLJ\x99-e\
\xa0\xa8x\xe9\x16\x14\x0c\xe42WY\x0f\x0d\x0d\xb1~\
\xfd:2\x19S\x99\xd9{\xa0\xeb\xf47'\x8e\x7f\xa4\
\xc4m]B\x98w\xe6\xad\xd9\xe7\xcb?>>\x81\xdb\
\xed\x99\x11?\xd0s\xe4\xdc\xc9\xde\xa3\xef\xe6g\xdf\xf6\
\x14\xd8G\xddzU\xfeX,\xc6\xf4\xf44\xc1`p\
F\xbc\xf7pw\xbbE\xdc^\x05\xb0\xd7\x0aK\x0b\xd2\
d\x01\x97\xdb%;\xbb\xf6\x9f\xfe\xea\xe8\xb1b\x99\xdb\
\x1fC\x9b\xe6T\x05r\xa1\xca\x1e\xa8\xa93?\xdf\xb7\
\xff\xd8\xb7\xaa\xe7yq\xfb\x06\xd4gTM\x82\xa5\xe7\
\xa5>:\xc2\xe1\x00\x87\x86\xe1p\xc7\x0ev}q\xe4\
\xbbS\xea\xb6\xcb\x85|\x8aC9\x03\xebY8\x09\xa0\
\xdf\x22n\xd7\x80\xca&\x04\x84\xf8\x1f\xf9\x17g\x93$\
jH\x9d\xf5+\x00\x00\x00\x00IEND\xaeB`\
\x82\
\x00\x00\x08h\
\x89\
PNG\x0d\x0a\x1a\x0a\x00\x00\x00\x0dIHDR\x00\
\x00\x00 \x00\x00\x00 \x08\x06\x00\x00\x00szz\xf4\
\x00\x00\x00\x04sBIT\x08\x08\x08\x08|\x08d\x88\
\x00\x00\x00\x09pHYs\x00\x00\x03v\x00\x00\x03v\
\x01}\xd5\x82\xcc\x00\x00\x00\x19tEXtSof\
tware\x00www.inksca\
pe.org\x9b\xee<\x1a\x00\x00\x07\xe5ID\
ATx\xda\xc5WkpU\xd5\x15\xfe\xce\xf3\xbeo\
nn\x12\x12C\x12\x02I\x0cv4\x12E\xb4Z\xf1\
1\xe8L[\x19\xabV[0\xb5\xc2\x80\xb4\xc5JC\
\xcb\x80\x19m;@\xcb mGej\x09-M\x7f\
t\x1c*\xb6\xe3\xa8\xa5*L\xb5\x9a\x0c\x0de\x1aZ\
0$\x12%\x0fBH\xcc\xe3>rO\xee=\xe7\x9e\
\xb3\xbb\xf6\xb9w\x0e&\xb96\xf8\xcb5\xb3\xb2Ov\
\xce\xde\xdf\xb7\xd6\xfa\xd6\xd9;2c\x0c\x9f\xa7\xc9\x98\
n\x029\xfb<\x09\xb0\xcd\x8d\x8dG\x98\xc5V k\
\xcbnY\x8eE5\x8b\xa1H\xe2,j\x82\x90\xe1,\
\x8a\x02\xff\x09\xf0\xd1\xb2 \xc8\x12\xf8\x0c\xff\xbbH\x0e\
\xf2t\xda\xc4\xfb\xa7\xff\x8b\x7f\xb6\xbe\xeb\xac\x0f\x87\xc3\
Gg\x12\xc0\x946\xb5\xe2\xd4\xe9S(..\xc1\xbc\
\xa2\x22\x14\xcc\x9b\x87\xf2\xf2\x05p\xa9\x0arY\x86C\
f\x8c\x1f:\x88\xf1\xdf\xed\x83Z]\x83\xa2\xef>\x0e\
\xcf\x92\xfa,\x09\x01ZJ\xc7\xc7#\xc3H&\x93\xce\
\xda\xb1\xb1\xb1\x15\xb3\x08X\x14\x81\xcf\xe7\x83\x22\xcb\xf6\
\xb3\x08fG\xd8?\x12\xc9\x05\xeeX\xb4\xff(\x16L\
\xfc\x15RA\x01\x94\xbe^t\xddu\x07\x02?j\x82\
\xf4\xc8z\xfb\xc5\xb2\xc2\x00\x0d\x8c\xef9\x0d+'\x81\
P^\x08.\x97\xcbyY\x92\x04\xd4\xcc\xcf\xcf\xd4h\
&8E\x17\xb9x\x12\xe5\xd6\x16\xf8nRq\xb6\xbd\
\x0a\x0b;\xcfS\xc9$L\xec\xfc1\xbeP\x7f5\xc2\
\xf7\xdc\x83\xa9\xa4\x0e\xb2\xb9\x09\xf0\xae\x08\x04\x02\xce\xb3\
@\x00\x12e@\xa5\xba\xe62-:\x00w\xcf7\x10\
\xf4{\xb1\xff5\x15\xcfv\xf4a-\xad\xb95\x1eG\
BU\xf1\xc1\x0f6\xe1\x96\x95+a1\x02\x84\xc5\xf7\
\x9c\x86\x95+\x033\xd2\xcc\xc0\xf5'\xcb\x02f\xa6@\
OFa\x9c\xfa\x1a\x0aB.\xbcu\x9c\xe1\xb9C\x06\
\x22\x91\x08\x9aFGq\xf0\xdeJ\xc4\xdf\x1c\xc2d\x22\
\x01\x83\x04\x986M0kz\x09L\xcb\x9c\x9b\x80\xc5\
\x887-<\xd3;:=S\x96\x01\xffG\xabP\x91\
o\xe0\xc4\x19\x03\x9b\xf7\x0a\x98\x9c\x9c\xb4\x09l\xdf\xb8\
\x10\xd7\xdc8\x80\xe4\xad\x95\x88\xd5\xb5\xa0\xab\x7f\x0c%\
a\x1f\x01\xce(\x01M\xccM\xc0\x02\x0cz\xb1\xbc8\
\xc8\xcb\xed\xd8`\xdbz\xcc\x0f\xeb\xe8\x1b4\xb0a\x8f\
\x80\x84\x96\xb2\xc1\xd7\xdeW\x82\xfb\x09<\x10\xca\x07\xab\
{\x0e\x15\x05\xd5TR?R\xba\x09\xd34/O\x03\
\x9f43m!\xcd]\xba\xb4\xf0\xc3c\xbbPW\xd0\
\x8b\x89\x98\x81\xd5\xdb\xd3\x88k\x82\x0d~\xdbu><\
\xber\x14yy^\x8c\x17\xed\x02\x5c\xb5\x10E\x89\xd2\
\xcf\xc8-\x98\x8c}v\x0d\xa4\xa9N\x06oG\xc3\x04\
\xb7\x81\xd3/\xe2\xeap\x1bRi7\xd6\xec\xfc\x18c\
1\x89\xc0\xc7QY\xc2\xb0k}\x0a\xe1\xa0\x88a\xff\
\x0f\x91\x94o@@\x94\x01r\xdd\xc8h\xc0\xb4r\xb4\
\xe1\xdc\x1a`\xb6\x88.\x8eNB\xd4\xbap\x95\xf7U\
0\xa5\x10\x9b\x9e\xe9\xc6\xd9\x01\x13qR\xbbKJ`\
\xdf\x16\x0f\x0a\x82)\xf4\xe3!\x9c\x8b\x7f\x09~AG\
\x8a<\xae'\xc0-?\xe8\xa2l^N\x09f\x100\
-\xcbN\x9fj\xf4\xa2J\xd8\x0f\xd5W\x89\x9f\xef\xeb\
@\xdbI\xcd\xfe\xaa\xe9\xc9\x18\x0e\xee\x0c\xa2\xac \x86\
\x88r'\xce\xa3\x81\xb2\x10\xa0\xba\x07\x91\x97\x1fr:\
\x87\xf6\xb0\x01\xd94\x11\xe6\xea\x82Y\x1a`H\xc4\x87\
\xb0\xd0<\x00ox1\x0e\xbd\xd6\x81\x13=\xf9\xb4\xd9\
0b\xb1\x08\x9a\xb7\x06\xb1\xb84\x02M\xadCGb\
\x1d\xfc\x01\x09\xa2$\xc3\xed\xf3\x92\xe82}\xcf2\x05\
\xe7\x1a\x98\xb6\xbfu9\x1aho{\x0b7\x86G\x11\
Z\xb4\x14\xed\xed\xff\xc2\xcf\xf6\x7f\x08]\xcf\xf6{\x83\
\x84/\xd6N a\x15\xe3\xd7o\xd4\x83\xc9\xc7\xe0\xf1\
x\xed\xe8U\x97;\x13z\x06\x1b\x1e\xaf\x17}=]\
\x9f\xad\x04\x02\x18\xbe~\xfd)T\x5c\xd9\x80\xee\xce\x0e\
\xbc\xf4\x8f\x10\x07\xb7\xeb\xfe\xe0r\x0d\xdf\xbc\x93\x94\x0d\
\x1f\x9a\x0e\x14c\x22q\x06\x8a\xa2\xc2\xedv\xc3\xedr\
\x81\xe5P\xfc,\xac\xb9D\xb8\xea\xf6Q,\xbb\xe3\x09\
\x8cE\x93\xf8\xceO\xdb08\x14\xb5\xeb~\xd3\x95Q\
lk\xb0\xe0\xa2(\x1b\x9b\xe7\xe3\xe2\xb8D\xe0\x1c \
s\xf2\x19\x86\x81\xcb1\xd3\xfa?\x1a\xb8\xa1z\x18\x0f\
|\xebI\xc4\xa3CxxC3\x81k\xf6\x87\xa4\xb2\
p\x02{62\x04\xfd.4\xb5\x5c\x81\x9e!7\x81\
\xf3;\x81\x08\x97\x9b\x22w\xa2\x9d\xdb,\x8b\xe5.A\
Yx\x04[\xb7l\xb4#Y\xd7\xb8\x0f\x1f\x9d\x9f\x02\
\xb7\x802\x8e\x17\x1a\xd3\x98\x17V\xf0\xcb\x97\x0bq\xbc\
\xcbC\xe0\x80\x08\x01^\x8f\x07\x02\xe3\xe0\xd6\x1c\xb0s\
\x94 \xe4\x19\xc3\x8eG\x87 \xb8+\xb1y\xd3f\xfc\
\xa7;\x03.ZQ\x1cx\x92\xa1\xa2TA{\xdfR\
\x08%\xcb\xb1\xba!`\x9f\x9c555\xfcv3+\
\xf2\xf1\xf1q4m\xdb\xc6\xb3\xc3\xa3\xb5[\xba\xb8\xa8\
\xe8\xd3E\xf8\xfb\xa7\xdd\xb5\xcf<\xb1\x1c\xf9K\xfe\x82\
\xedO}\x1fG\xdb\xe3\xd9V\xd4(r\x035\x15\x16\
:\x87\xaa\xf0\xc6\xfb\xf5\xf0\xfbY\xe6\xee\x10\x0aAU\
U$\x12\x09~tswDG\x17\x1b[\x94\x92$\
\x81sK\xa5RH\xa7\xd3\x0e\x1e#w\x08\xbc\xbe\xf7\
\x11\xd7\x8a\xa5\xfe\xbf\x15V\xde\x85gw\xacBkg\
%\x8f\x01\x8c\x84\xf2\xd4\xea\x09,\xbbJ\xc2\xf9\x89\x12\
l\xd8\x9d\x84\xc9\xde\x84\x22+\xf6M\xe9\xf9\xbd{y\
\x8460c\x19R|t\x0e\x1e\x9b\x94\xc8\xf3\xcd\xdf\
\xe7\xf3\xb9/\xa5\xa1\x92\xaa\x87'\xf3\x1b+\xffx\xe0\
W\xf8\xed\xeby\xf4b?\xb8\xad\xbd{\x18\xf7\xdf&\
\x22\x92\xccC\xf3\xdb7#\x16\x7f\x07\xb2$\x83\xa9\x16\
\xdf\xcci7\x8a\x8c\x00\xed9\xc7\xf9|V\x95\xc8\x0e\
\x9fN\xc0\x1b*Y\x1f,]\x22\x84ki\x8a\xb5\x80\
\xdb\x97\xebG\xf0\xbd\xfb\x04$\x0d\x15\xbb_\xa9'P\
/\xc0\xec\xa0l\xd1M%\x93\x1c\x94\xa7\x96\x8f\x5c\xb4\
\x1c`Z\x168\xaaC\x94\x13\xa3\xc5\x1eZ\xeb\xf3\xfb\
1A\x1a\x91\xb3\xe9\x97\xaa\x97\xdd{\xbd\x16\xe9AE\
\xb1\x81\xad\x8f]\x83W\x0f\xb7\xe2'kMH\x94\xea\
5;\x5c\x08\x95\xf9Q\xe4S\x00pp/\x98}H\
\x19\x98\x9a\x9ar\x00ht2A\xa3\xed:\x91\x92%\
)3G\x0e\xfe\xae\x00N\xde>!\xe5L\xf4\xc5_\
\x81\xa8)\x89h/\xb4\xe89\xcc\xcf\x1f\xc5\x1a\xbaX\
\x0cG\x06\xb0\xbd\x85\xa1{\xc0\x85\x07o\xae@UU\
\x15\xfe~\xe4\x08\x81\xf1hu\x0e\xea\x08\x8b\xa2wJ\
\x90\x05\xcf\x90\xd4);\xb6\x083w\x02\x81FY\x94\
\x10\x8bF\x11\x08\x063\x04N\x9c\x8d\xed\xbe\xce\xd3\x05\
\xaf4\x82\xd4\xe4\x05$4R\xfb\xb9\x02<\x7fP\xc0\
X\xd4DYi\x00\xd7\xd6]\x8b`^\x10S)\x1d\
\x1a)\xde\xccv\x80\xa6i\x0eh6\xfd\xce\xa8\xeb:\
\x11\xe3\xf3\x96#P1\xdb\x9e\x85\x85\x85\x18\x19\x19\xc9\
\x10x\xa7\xfd\x83\xc5/\x1f>\x86\xc7\x1e\x98\xcf\x0a\x02\
\xbe\x7f\xff\xe6\xa5\xf1E\xa3\x91H\xfe'\xfa\xd5I\xf7\
\x9e_\xec\x01\x99#4\xba\x07\xe6\x12\xa1\xf3l\xe8:\
oC\x87\x80$\x8a\xf6\xfc\xe0\xe0\xa0\xdd=\xf2\xe6u\
_}\xf4\xc2\xd0\xb0P[\xee\xee|\xbb\xf5\xe2C/\
\x1e>9\x9e\x17\x0c~\xbb\xac\xb4\xf4iI\x94\xbc \
\xd3\x0d\xdd\x06\x92eyZ\x9ai\xb4S\x9fM\xff\xb4\
C\x87oN\xc6\xeb\xec\xcc9\xc2\xbc\x14\x98.k\x93\
\x93\xe7\xea\xab\x02\xc5\x7fx\xe5x\x04\x80\x9b</\x1a\
\x8b\x9dL\xa6R-.E-\x81\x00VU]-\xb6\
\xbe\xf7\xde\x025c\x8a$\xcb\x8a\x22+\xaa$\x89\x0a\
\xf5\xbf$\x88\xfc\x08\x02\x83 \xf0\xc2\xeb\x96\xc5\xf4t\
\xda0\x22\xd1\xa8&\xabJ\xcf\xd0\x85\xa1\x14\xb3\xa5w\
\xe9bO\xebL\x22tLn\xfe\xd3\xbb\xad\x00\xae \
_H\xaed[3B\xe2\xfa3\xb9\x04\xc0\xec\xee\xee\
6\xfb\xfb\xfbS\x14\x95I\x0b-\xbe\x98\x88X\x14\x8d\
\xc5\xe7(\xc5&e\xc1\xa2\xaf\x1e\xf3z\xbd\x16e\xca\
\xe2\xbf\x0f\x0f\x0f\xa7)sR\xf6\xffA\x01\x8e9D\
R\xff\x03\x8c\xc5\xeaCX+lK\x00\x00\x00\x00I\
END\xaeB`\x82\
\x00\x00\x02V\
\x89\
PNG\x0d\x0a\x1a\x0a\x00\x00\x00\x0dIHDR\x00\
\x00\x00 \x00\x00\x00 \x08\x03\x00\x00\x00D\xa4\x8a\xc6\
\x00\x00\x00\x01sRGB\x00\xae\xce\x1c\xe9\x00\x00\x00\
\x09pHYs\x00\x00\x0d\xd7\x00\x00\x0d\xd7\x01B(\
\x9bx\x00\x00\x00\x07tIME\x07\xd9\x07\x0c\x0c\x09\
6\x16qS[\x00\x00\x00\xb7PLTE\x00\x00\x00\
\x14\x14\x14\x17\x17\x17YYYjjj\x86\x86\x86\xa4\
\xc0\xe4hhh\x80\x80\x80\x1e\x1e\x1e(((xx\
x\x87\x87\x87iiiddd\x5c\x5c\x5ckkk\
ppp\x16\x16\x16rrr\xa8\xc5\xea\x1f\x1f\x1f\x1f\
\x1f\x1fbbbccc\x16\x16\x16\x1f\x1f\x1f((\
(111222999:::CCC\
DDDLLLNNNUUUWWW\x5c\
\x5c\x5c^^^```bbbcccdd\
dgggiiijjjppprrr\
wwwyyy{{{~~~\x81\x81\x81\x84\
\x84\x84\x85\x85\x85\x88\x88\x88\xa8\xc5\xea\xa9\xc6\xec\xaa\xc8\
\xed\xff\xff\xff\x828\xd2\xed\x00\x00\x00\x19tRNS\
\x00\x00\x00\x00\x00\x00\x00#)?F\x81\xc0\xc6\xec\xf3\
\xf3\xf8\xfa\xfa\xfb\xfc\xfe\xfe\xfe!\xf9 \xd7\x00\x00\x00\
\x01bKGD<\xa7ja\xcf\x00\x00\x00\xf3ID\
ATx\xda\x8d\x93\xd7\x12\x820\x10\x00\xcf\x8a]\xec\
\xbdWP,\xd1\xa8\xc0\xff\xff\x97g\x1c\x1dr\xc6\xd3\
\xcdC\x96c'3y\x08\xfcC\x1a\x17?\x0e\x80@\
\xc7\xa19\x08#\x96\x80\x0f\x12Z\x00\xe5%\xa1\x0cz\
PrZ\xae\xbbq\xdb\x8e\xd3\xc6\xcdm9%\x12\xd8\
\xbb\xa2\x85\xe6!\xb8Y\xc5\x9dM\x82Z\x05\x92h\x87\
\xfd\xfe\x00\x80Z\xa9\x91@\xe4\x95\x89\xe3Q(\xc9\x0b\
\x12\xc8\x8c2y>K%\x19I\x82\xc2\xd3n\xd7\xeb\
\xedi\x05=H\xe1zp\x91\xf2\xa2\x04\x07Z\xf0\xe2\
$\xc4I\x1b\x13S\xb7`\x03o\xbb\xf5\xd8`\xbdZ\
\xad\xd9`1\x9f/\xd8`6\x9d\xce\xd8`2\x1eO\
\xd8`4\x1c\x8e\xd8`\xd0\xef\x0f\xb8 \xd7Cr_\
\x828@\xb6\xd1\xecv\x9b\x8d,~\x98N\xa8v\xde\
TM'\xc4 B,\x12\xa4\x01|0\xe2?~\x22\
\x81_\xf7C\x038\x0e~\x9f\xc0?\xbd\x7f\x1f/\xcf\
\x1d5T&3\xf6\xb7\xdc>\x00\x00\x00\x00IEN\
D\xaeB`\x82\
"

qt_resource_name = b"\
\x00\x05\
\x00o\xa6S\
\x00i\
\x00c\x00o\x00n\x00s\
\x00\x0c\
\x0d\xfc\x11\x13\
\x00t\
\x00r\x00a\x00n\x00s\x00l\x00a\x00t\x00i\x00o\x00n\x00s\
\x00\x0b\
\x0eFp\x93\
\x00b\
\x00a\x00c\x00k\x00g\x00r\x00o\x00u\x00n\x00d\x00s\
\x00\x07\
\x07\x0f8\x93\
\x00p\
\x00i\x00x\x00m\x00a\x00p\x00s\
\x00\x0d\
\x08R\x80c\
\x00r\
\x00e\x00s\x00o\x00u\x00r\x00c\x00e\x00s\x00.\x00q\x00r\x00c\
\x00\x08\
\x07Rq\xbc\
\x00A\
\x00p\x00p\x00L\x00a\x00b\x00e\x00l\
\x00\x0e\
\x00\xf9\xcbu\
\x00C\
\x00f\x00g\x00E\x00x\x00p\x00o\x00r\x00t\x00I\x00m\x00a\x00g\x00e\
\x00\x0a\
\x0d\xcd\xf1\x1c\
\x00C\
\x00f\x00g\x00G\x00e\x00n\x00e\x00r\x00a\x00l\
\x00\x0e\
\x02\x9f\xcb\x07\
\x00c\
\x00i\x00r\x00c\x00u\x00i\x00t\x00-\x00b\x00g\x00.\x00j\x00p\x00g\
\x00\x0f\
\x03Z\xca\x9d\
\x00p\
\x00y\x00c\x00i\x00r\x00k\x00u\x00i\x00t\x00.\x00c\x00a\x00.\x00q\x00m\
\x00\x04\
\x00\x05f\xbe\
\x00O\
\x00p\x00e\x00n\
\x00\x06\
\x04\xcfv\x94\
\x00E\
\x00x\x00p\x00o\x00r\x00t\
\x00\x06\
\x04\x90\xb3\x80\
\x00B\
\x00i\x00t\x00m\x00a\x00p\
\x00\x04\
\x00\x05\x98\xc5\
\x00S\
\x00a\x00v\x00e\
\x00\x05\
\x00J6\x95\
\x00C\
\x00l\x00o\x00s\x00e\
\x00\x08\
\x0c\xbb\x0f\xc3\
\x00S\
\x00e\x00t\x00t\x00i\x00n\x00g\x00s\
\x00\x04\
\x00\x04\xcf\x04\
\x00E\
\x00x\x00i\x00t\
\x00\x07\
\x08t\xfa\xde\
\x00A\
\x00p\x00p\x00I\x00c\x00o\x00n\
\x00\x05\
\x00LS\x93\
\x00G\
\x00P\x00L\x00v\x003\
\x00\x03\
\x00\x00Y\xbe\
\x00R\
\x00u\x00n\
\x00\x06\
\x05l\xb7\xc4\
\x00O\
\x00u\x00t\x00p\x00u\x00t\
\x00\x05\
\x00G\x96\xc4\
\x00A\
\x00b\x00o\x00u\x00t\
\x00\x05\
\x00HC~\
\x00C\
\x00M\x00m\x00a\x00n\
\x00\x03\
\x00\x00T\xc7\
\x00N\
\x00e\x00w\
\x00\x06\
\x05\x98\xc9\x83\
\x00S\
\x00a\x00v\x00e\x00A\x00s\
\x00\x04\
\x00\x05\xac\xf4\
\x00T\
\x00e\x00x\x00t\
"

qt_resource_struct = b"\
\x00\x00\x00\x00\x00\x02\x00\x00\x00\x04\x00\x00\x00\x01\
\x00\x00\x00\x00\x00\x00\x00\x00\
\x00\x00\x00\x00\x00\x02\x00\x00\x00\x10\x00\x00\x00\x0b\
\x00\x00\x00\x00\x00\x00\x00\x00\
\x00\x00\x00J\x00\x02\x00\x00\x00\x04\x00\x00\x00\x07\
\x00\x00\x00\x00\x00\x00\x00\x00\
\x00\x00\x00\x10\x00\x02\x00\x00\x00\x01\x00\x00\x00\x06\
\x00\x00\x00\x00\x00\x00\x00\x00\
\x00\x00\x00.\x00\x02\x00\x00\x00\x01\x00\x00\x00\x05\
\x00\x00\x00\x00\x00\x00\x00\x00\
\x00\x00\x00\xd0\x00\x00\x00\x00\x00\x01\x00\x002\xbb\
\x00\x00\x01\x9d\xea\x123O\
\x00\x00\x00\xf2\x00\x04\x00\x00\x00\x01\x00\x00rB\
\x00\x00\x01\xa0\x15\xe2B\x1a\
\x00\x00\x00\x94\x00\x00\x00\x00\x00\x01\x00\x00\x19\x0b\
\x00\x00\x01\x9d\xea\x123O\
\x00\x00\x00~\x00\x00\x00\x00\x00\x01\x00\x00\x05\x22\
\x00\x00\x01\x9d\xea\x123O\
\x00\x00\x00^\x00\x00\x00\x00\x00\x01\x00\x00\x00\x00\
\x00\x00\x01\x9d\xea\x123O\
\x00\x00\x00\xb6\x00\x00\x00\x00\x00\x01\x00\x00!\x95\
\x00\x00\x01\x9d\xea\x123O\
\x00\x00\x01\xec\x00\x00\x00\x00\x00\x01\x00\x01\x00\x9d\
\x00\x00\x01\x9d\xea\x123O\
\x00\x00\x01\xae\x00\x00\x00\x00\x00\x01\x00\x00\xe5\xcb\
\x00\x00\x01\x9d\xea\x123P\
\x00\x00\x01|\x00\x00\x00\x00\x00\x01\x00\x00\xcer\
\x00\x00\x01\x9d\xea\x123O\
\x00\x00\x01\x16\x00\x00\x00\x00\x00\x01\x00\x00\xa8\xc2\
\x00\x00\x01\x9d\xea\x123O\
\x00\x00\x01H\x00\x00\x00\x00\x00\x01\x00\x00\xbb\x02\
\x00\x00\x01\x9d\xea\x123O\
\x00\x00\x02\x0a\x00\x00\x00\x00\x00\x01\x00\x01\x0e\x8f\
\x00\x00\x01\x9d\xea\x123O\
\x00\x00\x01\xcc\x00\x00\x00\x00\x00\x01\x00\x00\xf3\xcc\
\x00\x00\x01\x9d\xea\x123O\
\x00\x00\x01\xdc\x00\x00\x00\x00\x00\x01\x00\x00\xfa4\
\x00\x00\x01\x9d\xea\x123O\
\x00\x00\x01V\x00\x00\x00\x00\x00\x01\x00\x00\xbf\xf5\
\x00\x00\x01\x9d\xea\x123O\
\x00\x00\x01\x9e\x00\x00\x00\x00\x00\x01\x00\x00\xdb]\
\x00\x00\x01\x9d\xea\x123O\
\x00\x00\x016\x00\x00\x00\x00\x00\x01\x00\x00\xb4\xee\
\x00\x00\x01\x9d\xea\x123O\
\x00\x00\x01$\x00\x00\x00\x00\x00\x01\x00\x00\xaf\xcc\
\x00\x00\x01\x9d\xea\x123O\
\x00\x00\x01\xba\x00\x00\x00\x00\x00\x01\x00\x00\xedW\
\x00\x00\x01\x9d\xea\x123P\
\x00\x00\x01\xf8\x00\x00\x00\x00\x00\x01\x00\x01\x06#\
\x00\x00\x01\x9d\xea\x123O\
\x00\x00\x01\x8a\x00\x00\x00\x00\x00\x01\x00\x00\xd5V\
\x00\x00\x01\x9d\xea\x123O\
\x00\x00\x01f\x00\x00\x00\x00\x00\x01\x00\x00\xc5\xf3\
\x00\x00\x01\x9d\xea\x123O\
"

def qInitResources():
    QtCore.qRegisterResourceData(0x03, qt_resource_struct, qt_resource_name, qt_resource_data)

def qCleanupResources():
    QtCore.qUnregisterResourceData(0x03, qt_resource_struct, qt_resource_name, qt_resource_data)

qInitResources()
